java.lang.IndexOutOfBoundsException: Index -1 out of bounds for length 323
	at java.base/jdk.internal.util.Preconditions.outOfBounds(Preconditions.java:100)
	at java.base/jdk.internal.util.Preconditions.outOfBoundsCheckIndex(Preconditions.java:106)
	at java.base/jdk.internal.util.Preconditions.checkIndex(Preconditions.java:302)
	at java.base/java.util.Objects.checkIndex(Objects.java:365)
	at java.base/java.util.ArrayList.get(ArrayList.java:428)
	at com.strobel.assembler.ir.ConstantPool.get(ConstantPool.java:80)
	at com.strobel.assembler.metadata.ClassFileReader$Scope.lookupConstant(ClassFileReader.java:1584)
	at com.strobel.assembler.ir.MetadataReader.readAttributeCore(MetadataReader.java:180)
	at com.strobel.assembler.metadata.ClassFileReader.readAttributeCore(ClassFileReader.java:431)
	at com.strobel.assembler.ir.MetadataReader.readAttribute(MetadataReader.java:52)
	at com.strobel.assembler.ir.MetadataReader.readAttributes(MetadataReader.java:42)
	at com.strobel.assembler.metadata.ClassFileReader.readAttributeCore(ClassFileReader.java:205)
	at com.strobel.assembler.ir.MetadataReader.inflateAttribute(MetadataReader.java:394)
	at com.strobel.assembler.ir.MetadataReader.inflateAttributes(MetadataReader.java:371)
	at com.strobel.assembler.metadata.ClassFileReader.defineMethods(ClassFileReader.java:1247)
	at com.strobel.assembler.metadata.ClassFileReader.readClass(ClassFileReader.java:669)
	at com.strobel.assembler.metadata.ClassFileReader.readClass(ClassFileReader.java:605)
	at com.strobel.assembler.metadata.MetadataSystem.resolveType(MetadataSystem.java:129)
	at com.strobel.decompiler.NoRetryMetadataSystem.resolveType(DecompilerDriver.java:475)
	at com.strobel.assembler.metadata.MetadataSystem.resolveCore(MetadataSystem.java:81)
	at com.strobel.assembler.metadata.MetadataResolver.resolve(MetadataResolver.java:104)
	at com.strobel.assembler.metadata.CoreMetadataFactory$UnresolvedType.resolve(CoreMetadataFactory.java:616)
	at com.strobel.assembler.metadata.ClassFileReader.checkSealed0(ClassFileReader.java:939)
	at com.strobel.assembler.metadata.ClassFileReader.populatePermittedSubclasses(ClassFileReader.java:924)
	at com.strobel.assembler.metadata.ClassFileReader.visitAttributes(ClassFileReader.java:1427)
	at com.strobel.assembler.metadata.ClassFileReader.readClass(ClassFileReader.java:667)
	at com.strobel.assembler.metadata.ClassFileReader.readClass(ClassFileReader.java:605)
	at com.strobel.assembler.metadata.MetadataSystem.resolveType(MetadataSystem.java:129)
	at com.strobel.decompiler.NoRetryMetadataSystem.resolveType(DecompilerDriver.java:475)
	at com.strobel.assembler.metadata.MetadataSystem.lookupTypeCore(MetadataSystem.java:86)
	at com.strobel.assembler.metadata.MetadataResolver.lookupType(MetadataResolver.java:46)
	at com.strobel.decompiler.DecompilerDriver.decompileType(DecompilerDriver.java:292)
	at com.strobel.decompiler.DecompilerDriver.decompileJar(DecompilerDriver.java:254)
	at com.strobel.decompiler.DecompilerDriver.main(DecompilerDriver.java:129)
java.lang.IndexOutOfBoundsException: Index -1 out of bounds for length 213
	at java.base/jdk.internal.util.Preconditions.outOfBounds(Preconditions.java:100)
	at java.base/jdk.internal.util.Preconditions.outOfBoundsCheckIndex(Preconditions.java:106)
	at java.base/jdk.internal.util.Preconditions.checkIndex(Preconditions.java:302)
	at java.base/java.util.Objects.checkIndex(Objects.java:365)
	at java.base/java.util.ArrayList.get(ArrayList.java:428)
	at com.strobel.assembler.ir.ConstantPool.get(ConstantPool.java:80)
	at com.strobel.assembler.metadata.ClassFileReader$Scope.lookupConstant(ClassFileReader.java:1584)
	at com.strobel.assembler.ir.MetadataReader.readAttributeCore(MetadataReader.java:180)
	at com.strobel.assembler.metadata.ClassFileReader.readAttributeCore(ClassFileReader.java:431)
	at com.strobel.assembler.ir.MetadataReader.readAttribute(MetadataReader.java:52)
	at com.strobel.assembler.ir.MetadataReader.readAttributes(MetadataReader.java:42)
	at com.strobel.assembler.metadata.ClassFileReader.readAttributeCore(ClassFileReader.java:205)
	at com.strobel.assembler.ir.MetadataReader.inflateAttribute(MetadataReader.java:394)
	at com.strobel.assembler.ir.MetadataReader.inflateAttributes(MetadataReader.java:371)
	at com.strobel.assembler.metadata.ClassFileReader.defineMethods(ClassFileReader.java:1247)
	at com.strobel.assembler.metadata.ClassFileReader.readClass(ClassFileReader.java:669)
	at com.strobel.assembler.metadata.ClassFileReader.readClass(ClassFileReader.java:605)
	at com.strobel.assembler.metadata.MetadataSystem.resolveType(MetadataSystem.java:129)
	at com.strobel.decompiler.NoRetryMetadataSystem.resolveType(DecompilerDriver.java:475)
	at com.strobel.assembler.metadata.MetadataSystem.lookupTypeCore(MetadataSystem.java:86)
	at com.strobel.assembler.metadata.MetadataResolver.lookupType(MetadataResolver.java:46)
	at com.strobel.decompiler.DecompilerDriver.decompileType(DecompilerDriver.java:292)
	at com.strobel.decompiler.DecompilerDriver.decompileJar(DecompilerDriver.java:254)
	at com.strobel.decompiler.DecompilerDriver.main(DecompilerDriver.java:129)
java.lang.IndexOutOfBoundsException: Index -1 out of bounds for length 154
	at java.base/jdk.internal.util.Preconditions.outOfBounds(Preconditions.java:100)
	at java.base/jdk.internal.util.Preconditions.outOfBoundsCheckIndex(Preconditions.java:106)
	at java.base/jdk.internal.util.Preconditions.checkIndex(Preconditions.java:302)
	at java.base/java.util.Objects.checkIndex(Objects.java:365)
	at java.base/java.util.ArrayList.get(ArrayList.java:428)
	at com.strobel.assembler.ir.ConstantPool.get(ConstantPool.java:80)
	at com.strobel.assembler.metadata.ClassFileReader$Scope.lookupConstant(ClassFileReader.java:1584)
	at com.strobel.assembler.ir.MetadataReader.readAttributeCore(MetadataReader.java:180)
	at com.strobel.assembler.metadata.ClassFileReader.readAttributeCore(ClassFileReader.java:431)
	at com.strobel.assembler.ir.MetadataReader.readAttribute(MetadataReader.java:52)
	at com.strobel.assembler.ir.MetadataReader.readAttributes(MetadataReader.java:42)
	at com.strobel.assembler.metadata.ClassFileReader.readAttributeCore(ClassFileReader.java:205)
	at com.strobel.assembler.ir.MetadataReader.inflateAttribute(MetadataReader.java:394)
	at com.strobel.assembler.ir.MetadataReader.inflateAttributes(MetadataReader.java:371)
	at com.strobel.assembler.metadata.ClassFileReader.defineMethods(ClassFileReader.java:1247)
	at com.strobel.assembler.metadata.ClassFileReader.readClass(ClassFileReader.java:669)
	at com.strobel.assembler.metadata.ClassFileReader.readClass(ClassFileReader.java:605)
	at com.strobel.assembler.metadata.MetadataSystem.resolveType(MetadataSystem.java:129)
	at com.strobel.decompiler.NoRetryMetadataSystem.resolveType(DecompilerDriver.java:475)
	at com.strobel.assembler.metadata.MetadataSystem.resolveCore(MetadataSystem.java:81)
	at com.strobel.assembler.metadata.MetadataResolver.resolve(MetadataResolver.java:104)
	at com.strobel.assembler.metadata.CoreMetadataFactory$UnresolvedType.resolve(CoreMetadataFactory.java:616)
	at com.strobel.assembler.metadata.ClassFileReader.checkSealed0(ClassFileReader.java:939)
	at com.strobel.assembler.metadata.ClassFileReader.populatePermittedSubclasses(ClassFileReader.java:924)
	at com.strobel.assembler.metadata.ClassFileReader.visitAttributes(ClassFileReader.java:1427)
	at com.strobel.assembler.metadata.ClassFileReader.readClass(ClassFileReader.java:667)
	at com.strobel.assembler.metadata.ClassFileReader.readClass(ClassFileReader.java:605)
	at com.strobel.assembler.metadata.MetadataSystem.resolveType(MetadataSystem.java:129)
	at com.strobel.decompiler.NoRetryMetadataSystem.resolveType(DecompilerDriver.java:475)
	at com.strobel.assembler.metadata.MetadataSystem.lookupTypeCore(MetadataSystem.java:86)
	at com.strobel.assembler.metadata.MetadataResolver.lookupType(MetadataResolver.java:46)
	at com.strobel.decompiler.DecompilerDriver.decompileType(DecompilerDriver.java:292)
	at com.strobel.decompiler.DecompilerDriver.decompileJar(DecompilerDriver.java:254)
	at com.strobel.decompiler.DecompilerDriver.main(DecompilerDriver.java:129)
java.lang.IndexOutOfBoundsException: Index -1 out of bounds for length 578
	at java.base/jdk.internal.util.Preconditions.outOfBounds(Preconditions.java:100)
	at java.base/jdk.internal.util.Preconditions.outOfBoundsCheckIndex(Preconditions.java:106)
	at java.base/jdk.internal.util.Preconditions.checkIndex(Preconditions.java:302)
	at java.base/java.util.Objects.checkIndex(Objects.java:365)
	at java.base/java.util.ArrayList.get(ArrayList.java:428)
	at com.strobel.assembler.ir.ConstantPool.get(ConstantPool.java:80)
	at com.strobel.assembler.metadata.ClassFileReader$Scope.lookupConstant(ClassFileReader.java:1584)
	at com.strobel.assembler.ir.MetadataReader.readAttributeCore(MetadataReader.java:180)
	at com.strobel.assembler.metadata.ClassFileReader.readAttributeCore(ClassFileReader.java:431)
	at com.strobel.assembler.ir.MetadataReader.readAttribute(MetadataReader.java:52)
	at com.strobel.assembler.ir.MetadataReader.readAttributes(MetadataReader.java:42)
	at com.strobel.assembler.metadata.ClassFileReader.readAttributeCore(ClassFileReader.java:205)
	at com.strobel.assembler.ir.MetadataReader.inflateAttribute(MetadataReader.java:394)
	at com.strobel.assembler.ir.MetadataReader.inflateAttributes(MetadataReader.java:371)
	at com.strobel.assembler.metadata.ClassFileReader.defineMethods(ClassFileReader.java:1247)
	at com.strobel.assembler.metadata.ClassFileReader.readClass(ClassFileReader.java:669)
	at com.strobel.assembler.metadata.ClassFileReader.readClass(ClassFileReader.java:605)
	at com.strobel.assembler.metadata.MetadataSystem.resolveType(MetadataSystem.java:129)
	at com.strobel.decompiler.NoRetryMetadataSystem.resolveType(DecompilerDriver.java:475)
	at com.strobel.assembler.metadata.MetadataSystem.resolveCore(MetadataSystem.java:81)
	at com.strobel.assembler.metadata.MetadataResolver.resolve(MetadataResolver.java:104)
	at com.strobel.assembler.metadata.CoreMetadataFactory$UnresolvedType.resolve(CoreMetadataFactory.java:616)
	at com.strobel.assembler.metadata.ClassFileReader.checkSealed0(ClassFileReader.java:939)
	at com.strobel.assembler.metadata.ClassFileReader.populatePermittedSubclasses(ClassFileReader.java:924)
	at com.strobel.assembler.metadata.ClassFileReader.visitAttributes(ClassFileReader.java:1427)
	at com.strobel.assembler.metadata.ClassFileReader.readClass(ClassFileReader.java:667)
	at com.strobel.assembler.metadata.ClassFileReader.readClass(ClassFileReader.java:605)
	at com.strobel.assembler.metadata.MetadataSystem.resolveType(MetadataSystem.java:129)
	at com.strobel.decompiler.NoRetryMetadataSystem.resolveType(DecompilerDriver.java:475)
	at com.strobel.assembler.metadata.MetadataSystem.lookupTypeCore(MetadataSystem.java:86)
	at com.strobel.assembler.metadata.MetadataResolver.lookupType(MetadataResolver.java:46)
	at com.strobel.decompiler.DecompilerDriver.decompileType(DecompilerDriver.java:292)
	at com.strobel.decompiler.DecompilerDriver.decompileJar(DecompilerDriver.java:254)
	at com.strobel.decompiler.DecompilerDriver.main(DecompilerDriver.java:129)
java.lang.IndexOutOfBoundsException: Index -1 out of bounds for length 35
	at java.base/jdk.internal.util.Preconditions.outOfBounds(Preconditions.java:100)
	at java.base/jdk.internal.util.Preconditions.outOfBoundsCheckIndex(Preconditions.java:106)
	at java.base/jdk.internal.util.Preconditions.checkIndex(Preconditions.java:302)
	at java.base/java.util.Objects.checkIndex(Objects.java:365)
	at java.base/java.util.ArrayList.get(ArrayList.java:428)
	at com.strobel.assembler.ir.ConstantPool.get(ConstantPool.java:80)
	at com.strobel.assembler.metadata.ClassFileReader$Scope.lookupConstant(ClassFileReader.java:1584)
	at com.strobel.assembler.ir.MetadataReader.readAttributeCore(MetadataReader.java:180)
	at com.strobel.assembler.metadata.ClassFileReader.readAttributeCore(ClassFileReader.java:431)
	at com.strobel.assembler.ir.MetadataReader.readAttribute(MetadataReader.java:52)
	at com.strobel.assembler.ir.MetadataReader.readAttributes(MetadataReader.java:42)
	at com.strobel.assembler.metadata.ClassFileReader.readAttributeCore(ClassFileReader.java:205)
	at com.strobel.assembler.ir.MetadataReader.inflateAttribute(MetadataReader.java:394)
	at com.strobel.assembler.ir.MetadataReader.inflateAttributes(MetadataReader.java:371)
	at com.strobel.assembler.metadata.ClassFileReader.defineMethods(ClassFileReader.java:1247)
	at com.strobel.assembler.metadata.ClassFileReader.readClass(ClassFileReader.java:669)
	at com.strobel.assembler.metadata.ClassFileReader.readClass(ClassFileReader.java:605)
	at com.strobel.assembler.metadata.MetadataSystem.resolveType(MetadataSystem.java:129)
	at com.strobel.decompiler.NoRetryMetadataSystem.resolveType(DecompilerDriver.java:475)
	at com.strobel.assembler.metadata.MetadataSystem.lookupTypeCore(MetadataSystem.java:86)
	at com.strobel.assembler.metadata.MetadataResolver.lookupType(MetadataResolver.java:46)
	at com.strobel.decompiler.DecompilerDriver.decompileType(DecompilerDriver.java:292)
	at com.strobel.decompiler.DecompilerDriver.decompileJar(DecompilerDriver.java:254)
	at com.strobel.decompiler.DecompilerDriver.main(DecompilerDriver.java:129)
java.lang.IndexOutOfBoundsException: Index -1 out of bounds for length 152
	at java.base/jdk.internal.util.Preconditions.outOfBounds(Preconditions.java:100)
	at java.base/jdk.internal.util.Preconditions.outOfBoundsCheckIndex(Preconditions.java:106)
	at java.base/jdk.internal.util.Preconditions.checkIndex(Preconditions.java:302)
	at java.base/java.util.Objects.checkIndex(Objects.java:365)
	at java.base/java.util.ArrayList.get(ArrayList.java:428)
	at com.strobel.assembler.ir.ConstantPool.get(ConstantPool.java:80)
	at com.strobel.assembler.metadata.ClassFileReader$Scope.lookupConstant(ClassFileReader.java:1584)
	at com.strobel.assembler.ir.MetadataReader.readAttributeCore(MetadataReader.java:180)
	at com.strobel.assembler.metadata.ClassFileReader.readAttributeCore(ClassFileReader.java:431)
	at com.strobel.assembler.ir.MetadataReader.readAttribute(MetadataReader.java:52)
	at com.strobel.assembler.ir.MetadataReader.readAttributes(MetadataReader.java:42)
	at com.strobel.assembler.metadata.ClassFileReader.readAttributeCore(ClassFileReader.java:205)
	at com.strobel.assembler.ir.MetadataReader.inflateAttribute(MetadataReader.java:394)
	at com.strobel.assembler.ir.MetadataReader.inflateAttributes(MetadataReader.java:371)
	at com.strobel.assembler.metadata.ClassFileReader.defineMethods(ClassFileReader.java:1247)
	at com.strobel.assembler.metadata.ClassFileReader.readClass(ClassFileReader.java:669)
	at com.strobel.assembler.metadata.ClassFileReader.readClass(ClassFileReader.java:605)
	at com.strobel.assembler.metadata.MetadataSystem.resolveType(MetadataSystem.java:129)
	at com.strobel.decompiler.NoRetryMetadataSystem.resolveType(DecompilerDriver.java:475)
	at com.strobel.assembler.metadata.MetadataSystem.lookupTypeCore(MetadataSystem.java:86)
	at com.strobel.assembler.metadata.MetadataResolver.lookupType(MetadataResolver.java:46)
	at com.strobel.decompiler.DecompilerDriver.decompileType(DecompilerDriver.java:292)
	at com.strobel.decompiler.DecompilerDriver.decompileJar(DecompilerDriver.java:254)
	at com.strobel.decompiler.DecompilerDriver.main(DecompilerDriver.java:129)
java.lang.IndexOutOfBoundsException: Index -1 out of bounds for length 15
	at java.base/jdk.internal.util.Preconditions.outOfBounds(Preconditions.java:100)
	at java.base/jdk.internal.util.Preconditions.outOfBoundsCheckIndex(Preconditions.java:106)
	at java.base/jdk.internal.util.Preconditions.checkIndex(Preconditions.java:302)
	at java.base/java.util.Objects.checkIndex(Objects.java:365)
	at java.base/java.util.ArrayList.get(ArrayList.java:428)
	at com.strobel.assembler.ir.ConstantPool.get(ConstantPool.java:80)
	at com.strobel.assembler.metadata.ClassFileReader$Scope.lookupConstant(ClassFileReader.java:1584)
	at com.strobel.assembler.ir.MetadataReader.readAttributeCore(MetadataReader.java:180)
	at com.strobel.assembler.metadata.ClassFileReader.readAttributeCore(ClassFileReader.java:431)
	at com.strobel.assembler.ir.MetadataReader.readAttribute(MetadataReader.java:52)
	at com.strobel.assembler.ir.MetadataReader.readAttributes(MetadataReader.java:42)
	at com.strobel.assembler.metadata.ClassFileReader.readAttributeCore(ClassFileReader.java:205)
	at com.strobel.assembler.ir.MetadataReader.inflateAttribute(MetadataReader.java:394)
	at com.strobel.assembler.ir.MetadataReader.inflateAttributes(MetadataReader.java:371)
	at com.strobel.assembler.metadata.ClassFileReader.defineMethods(ClassFileReader.java:1247)
	at com.strobel.assembler.metadata.ClassFileReader.readClass(ClassFileReader.java:669)
	at com.strobel.assembler.metadata.ClassFileReader.readClass(ClassFileReader.java:605)
	at com.strobel.assembler.metadata.MetadataSystem.resolveType(MetadataSystem.java:129)
	at com.strobel.decompiler.NoRetryMetadataSystem.resolveType(DecompilerDriver.java:475)
	at com.strobel.assembler.metadata.MetadataSystem.resolveCore(MetadataSystem.java:81)
	at com.strobel.assembler.metadata.MetadataResolver.resolve(MetadataResolver.java:104)
	at com.strobel.assembler.metadata.CoreMetadataFactory$UnresolvedType.resolve(CoreMetadataFactory.java:616)
	at com.strobel.assembler.metadata.ClassFileReader.checkSealed0(ClassFileReader.java:939)
	at com.strobel.assembler.metadata.ClassFileReader.populatePermittedSubclasses(ClassFileReader.java:924)
	at com.strobel.assembler.metadata.ClassFileReader.visitAttributes(ClassFileReader.java:1427)
	at com.strobel.assembler.metadata.ClassFileReader.readClass(ClassFileReader.java:667)
	at com.strobel.assembler.metadata.ClassFileReader.readClass(ClassFileReader.java:605)
	at com.strobel.assembler.metadata.MetadataSystem.resolveType(MetadataSystem.java:129)
	at com.strobel.decompiler.NoRetryMetadataSystem.resolveType(DecompilerDriver.java:475)
	at com.strobel.assembler.metadata.MetadataSystem.lookupTypeCore(MetadataSystem.java:86)
	at com.strobel.assembler.metadata.MetadataResolver.lookupType(MetadataResolver.java:46)
	at com.strobel.decompiler.DecompilerDriver.decompileType(DecompilerDriver.java:292)
	at com.strobel.decompiler.DecompilerDriver.decompileJar(DecompilerDriver.java:254)
	at com.strobel.decompiler.DecompilerDriver.main(DecompilerDriver.java:129)
java.lang.IndexOutOfBoundsException: Index -1 out of bounds for length 109
	at java.base/jdk.internal.util.Preconditions.outOfBounds(Preconditions.java:100)
	at java.base/jdk.internal.util.Preconditions.outOfBoundsCheckIndex(Preconditions.java:106)
	at java.base/jdk.internal.util.Preconditions.checkIndex(Preconditions.java:302)
	at java.base/java.util.Objects.checkIndex(Objects.java:365)
	at java.base/java.util.ArrayList.get(ArrayList.java:428)
	at com.strobel.assembler.ir.ConstantPool.get(ConstantPool.java:80)
	at com.strobel.assembler.metadata.ClassFileReader$Scope.lookupConstant(ClassFileReader.java:1584)
	at com.strobel.assembler.ir.MetadataReader.readAttributeCore(MetadataReader.java:180)
	at com.strobel.assembler.metadata.ClassFileReader.readAttributeCore(ClassFileReader.java:431)
	at com.strobel.assembler.ir.MetadataReader.readAttribute(MetadataReader.java:52)
	at com.strobel.assembler.ir.MetadataReader.readAttributes(MetadataReader.java:42)
	at com.strobel.assembler.metadata.ClassFileReader.readAttributeCore(ClassFileReader.java:205)
	at com.strobel.assembler.ir.MetadataReader.inflateAttribute(MetadataReader.java:394)
	at com.strobel.assembler.ir.MetadataReader.inflateAttributes(MetadataReader.java:371)
	at com.strobel.assembler.metadata.ClassFileReader.defineMethods(ClassFileReader.java:1247)
	at com.strobel.assembler.metadata.ClassFileReader.readClass(ClassFileReader.java:669)
	at com.strobel.assembler.metadata.ClassFileReader.readClass(ClassFileReader.java:605)
	at com.strobel.assembler.metadata.MetadataSystem.resolveType(MetadataSystem.java:129)
	at com.strobel.decompiler.NoRetryMetadataSystem.resolveType(DecompilerDriver.java:475)
	at com.strobel.assembler.metadata.MetadataSystem.lookupTypeCore(MetadataSystem.java:86)
	at com.strobel.assembler.metadata.MetadataResolver.lookupType(MetadataResolver.java:46)
	at com.strobel.decompiler.DecompilerDriver.decompileType(DecompilerDriver.java:292)
	at com.strobel.decompiler.DecompilerDriver.decompileJar(DecompilerDriver.java:254)
	at com.strobel.decompiler.DecompilerDriver.main(DecompilerDriver.java:129)
Decompiling kaajkka...
java.lang.IndexOutOfBoundsException: Index -1 out of bounds for length 704
	at java.base/jdk.internal.util.Preconditions.outOfBounds(Preconditions.java:100)
	at java.base/jdk.internal.util.Preconditions.outOfBoundsCheckIndex(Preconditions.java:106)
	at java.base/jdk.internal.util.Preconditions.checkIndex(Preconditions.java:302)
	at java.base/java.util.Objects.checkIndex(Objects.java:365)
	at java.base/java.util.ArrayList.get(ArrayList.java:428)
	at com.strobel.assembler.ir.ConstantPool.get(ConstantPool.java:80)
	at com.strobel.assembler.metadata.ClassFileReader$Scope.lookupConstant(ClassFileReader.java:1584)
	at com.strobel.assembler.ir.MetadataReader.readAttributeCore(MetadataReader.java:180)
	at com.strobel.assembler.metadata.ClassFileReader.readAttributeCore(ClassFileReader.java:431)
	at com.strobel.assembler.ir.MetadataReader.readAttribute(MetadataReader.java:52)
	at com.strobel.assembler.ir.MetadataReader.readAttributes(MetadataReader.java:42)
	at com.strobel.assembler.metadata.ClassFileReader.readAttributeCore(ClassFileReader.java:205)
	at com.strobel.assembler.ir.MetadataReader.inflateAttribute(MetadataReader.java:394)
	at com.strobel.assembler.ir.MetadataReader.inflateAttributes(MetadataReader.java:371)
	at com.strobel.assembler.metadata.ClassFileReader.defineMethods(ClassFileReader.java:1247)
	at com.strobel.assembler.metadata.ClassFileReader.readClass(ClassFileReader.java:669)
	at com.strobel.assembler.metadata.ClassFileReader.readClass(ClassFileReader.java:605)
	at com.strobel.assembler.metadata.MetadataSystem.resolveType(MetadataSystem.java:129)
	at com.strobel.decompiler.NoRetryMetadataSystem.resolveType(DecompilerDriver.java:475)
	at com.strobel.assembler.metadata.MetadataSystem.lookupTypeCore(MetadataSystem.java:86)
	at com.strobel.assembler.metadata.MetadataResolver.lookupType(MetadataResolver.java:46)
	at com.strobel.decompiler.DecompilerDriver.decompileType(DecompilerDriver.java:292)
	at com.strobel.decompiler.DecompilerDriver.decompileJar(DecompilerDriver.java:254)
	at com.strobel.decompiler.DecompilerDriver.main(DecompilerDriver.java:129)
java.lang.IndexOutOfBoundsException: Index -1 out of bounds for length 578
	at java.base/jdk.internal.util.Preconditions.outOfBounds(Preconditions.java:100)
	at java.base/jdk.internal.util.Preconditions.outOfBoundsCheckIndex(Preconditions.java:106)
	at java.base/jdk.internal.util.Preconditions.checkIndex(Preconditions.java:302)
	at java.base/java.util.Objects.checkIndex(Objects.java:365)
	at java.base/java.util.ArrayList.get(ArrayList.java:428)
	at com.strobel.assembler.ir.ConstantPool.get(ConstantPool.java:80)
	at com.strobel.assembler.metadata.ClassFileReader$Scope.lookupConstant(ClassFileReader.java:1584)
	at com.strobel.assembler.ir.MetadataReader.readAttributeCore(MetadataReader.java:180)
	at com.strobel.assembler.metadata.ClassFileReader.readAttributeCore(ClassFileReader.java:431)
	at com.strobel.assembler.ir.MetadataReader.readAttribute(MetadataReader.java:52)
	at com.strobel.assembler.ir.MetadataReader.readAttributes(MetadataReader.java:42)
	at com.strobel.assembler.metadata.ClassFileReader.readAttributeCore(ClassFileReader.java:205)
	at com.strobel.assembler.ir.MetadataReader.inflateAttribute(MetadataReader.java:394)
	at com.strobel.assembler.ir.MetadataReader.inflateAttributes(MetadataReader.java:371)
	at com.strobel.assembler.metadata.ClassFileReader.defineMethods(ClassFileReader.java:1247)
	at com.strobel.assembler.metadata.ClassFileReader.readClass(ClassFileReader.java:669)
	at com.strobel.assembler.metadata.ClassFileReader.readClass(ClassFileReader.java:605)
	at com.strobel.assembler.metadata.MetadataSystem.resolveType(MetadataSystem.java:129)
	at com.strobel.decompiler.NoRetryMetadataSystem.resolveType(DecompilerDriver.java:475)
	at com.strobel.assembler.metadata.MetadataSystem.resolveCore(MetadataSystem.java:81)
	at com.strobel.assembler.metadata.MetadataResolver.resolve(MetadataResolver.java:104)
	at com.strobel.assembler.metadata.CoreMetadataFactory$UnresolvedType.resolve(CoreMetadataFactory.java:616)
	at com.strobel.assembler.metadata.ClassFileReader.checkSealed0(ClassFileReader.java:939)
	at com.strobel.assembler.metadata.ClassFileReader.populatePermittedSubclasses(ClassFileReader.java:924)
	at com.strobel.assembler.metadata.ClassFileReader.visitAttributes(ClassFileReader.java:1427)
	at com.strobel.assembler.metadata.ClassFileReader.readClass(ClassFileReader.java:667)
	at com.strobel.assembler.metadata.ClassFileReader.readClass(ClassFileReader.java:605)
	at com.strobel.assembler.metadata.MetadataSystem.resolveType(MetadataSystem.java:129)
	at com.strobel.decompiler.NoRetryMetadataSystem.resolveType(DecompilerDriver.java:475)
	at com.strobel.assembler.metadata.MetadataSystem.lookupTypeCore(MetadataSystem.java:86)
	at com.strobel.assembler.metadata.MetadataResolver.lookupType(MetadataResolver.java:46)
	at com.strobel.decompiler.DecompilerDriver.decompileType(DecompilerDriver.java:292)
	at com.strobel.decompiler.DecompilerDriver.decompileJar(DecompilerDriver.java:254)
	at com.strobel.decompiler.DecompilerDriver.main(DecompilerDriver.java:129)
java.lang.IndexOutOfBoundsException: Index -1 out of bounds for length 154
	at java.base/jdk.internal.util.Preconditions.outOfBounds(Preconditions.java:100)
	at java.base/jdk.internal.util.Preconditions.outOfBoundsCheckIndex(Preconditions.java:106)
	at java.base/jdk.internal.util.Preconditions.checkIndex(Preconditions.java:302)
	at java.base/java.util.Objects.checkIndex(Objects.java:365)
	at java.base/java.util.ArrayList.get(ArrayList.java:428)
	at com.strobel.assembler.ir.ConstantPool.get(ConstantPool.java:80)
	at com.strobel.assembler.metadata.ClassFileReader$Scope.lookupConstant(ClassFileReader.java:1584)
	at com.strobel.assembler.ir.MetadataReader.readAttributeCore(MetadataReader.java:180)
	at com.strobel.assembler.metadata.ClassFileReader.readAttributeCore(ClassFileReader.java:431)
	at com.strobel.assembler.ir.MetadataReader.readAttribute(MetadataReader.java:52)
	at com.strobel.assembler.ir.MetadataReader.readAttributes(MetadataReader.java:42)
	at com.strobel.assembler.metadata.ClassFileReader.readAttributeCore(ClassFileReader.java:205)
	at com.strobel.assembler.ir.MetadataReader.inflateAttribute(MetadataReader.java:394)
	at com.strobel.assembler.ir.MetadataReader.inflateAttributes(MetadataReader.java:371)
	at com.strobel.assembler.metadata.ClassFileReader.defineMethods(ClassFileReader.java:1247)
	at com.strobel.assembler.metadata.ClassFileReader.readClass(ClassFileReader.java:669)
	at com.strobel.assembler.metadata.ClassFileReader.readClass(ClassFileReader.java:605)
	at com.strobel.assembler.metadata.MetadataSystem.resolveType(MetadataSystem.java:129)
	at com.strobel.decompiler.NoRetryMetadataSystem.resolveType(DecompilerDriver.java:475)
	at com.strobel.assembler.metadata.MetadataSystem.resolveCore(MetadataSystem.java:81)
	at com.strobel.assembler.metadata.MetadataResolver.resolve(MetadataResolver.java:104)
	at com.strobel.assembler.metadata.CoreMetadataFactory$UnresolvedType.resolve(CoreMetadataFactory.java:616)
	at com.strobel.assembler.metadata.ClassFileReader.checkSealed0(ClassFileReader.java:939)
	at com.strobel.assembler.metadata.ClassFileReader.populatePermittedSubclasses(ClassFileReader.java:924)
	at com.strobel.assembler.metadata.ClassFileReader.visitAttributes(ClassFileReader.java:1427)
	at com.strobel.assembler.metadata.ClassFileReader.readClass(ClassFileReader.java:667)
	at com.strobel.assembler.metadata.ClassFileReader.readClass(ClassFileReader.java:605)
	at com.strobel.assembler.metadata.MetadataSystem.resolveType(MetadataSystem.java:129)
	at com.strobel.decompiler.NoRetryMetadataSystem.resolveType(DecompilerDriver.java:475)
	at com.strobel.assembler.metadata.MetadataSystem.resolveCore(MetadataSystem.java:81)
	at com.strobel.assembler.metadata.MetadataResolver.resolve(MetadataResolver.java:104)
	at com.strobel.assembler.metadata.CoreMetadataFactory$UnresolvedType.resolve(CoreMetadataFactory.java:616)
	at com.strobel.assembler.metadata.ClassFileReader.checkSealed0(ClassFileReader.java:939)
	at com.strobel.assembler.metadata.ClassFileReader.populatePermittedSubclasses(ClassFileReader.java:924)
	at com.strobel.assembler.metadata.ClassFileReader.visitAttributes(ClassFileReader.java:1427)
	at com.strobel.assembler.metadata.ClassFileReader.readClass(ClassFileReader.java:667)
	at com.strobel.assembler.metadata.ClassFileReader.readClass(ClassFileReader.java:605)
	at com.strobel.assembler.metadata.MetadataSystem.resolveType(MetadataSystem.java:129)
	at com.strobel.decompiler.NoRetryMetadataSystem.resolveType(DecompilerDriver.java:475)
	at com.strobel.assembler.metadata.MetadataSystem.lookupTypeCore(MetadataSystem.java:86)
	at com.strobel.assembler.metadata.MetadataResolver.lookupType(MetadataResolver.java:46)
	at com.strobel.decompiler.DecompilerDriver.decompileType(DecompilerDriver.java:292)
	at com.strobel.decompiler.DecompilerDriver.decompileJar(DecompilerDriver.java:254)
	at com.strobel.decompiler.DecompilerDriver.main(DecompilerDriver.java:129)
java.lang.IndexOutOfBoundsException: Index -1 out of bounds for length 154
	at java.base/jdk.internal.util.Preconditions.outOfBounds(Preconditions.java:100)
	at java.base/jdk.internal.util.Preconditions.outOfBoundsCheckIndex(Preconditions.java:106)
	at java.base/jdk.internal.util.Preconditions.checkIndex(Preconditions.java:302)
	at java.base/java.util.Objects.checkIndex(Objects.java:365)
	at java.base/java.util.ArrayList.get(ArrayList.java:428)
	at com.strobel.assembler.ir.ConstantPool.get(ConstantPool.java:80)
	at com.strobel.assembler.metadata.ClassFileReader$Scope.lookupConstant(ClassFileReader.java:1584)
	at com.strobel.assembler.ir.MetadataReader.readAttributeCore(MetadataReader.java:180)
	at com.strobel.assembler.metadata.ClassFileReader.readAttributeCore(ClassFileReader.java:431)
	at com.strobel.assembler.ir.MetadataReader.readAttribute(MetadataReader.java:52)
	at com.strobel.assembler.ir.MetadataReader.readAttributes(MetadataReader.java:42)
	at com.strobel.assembler.metadata.ClassFileReader.readAttributeCore(ClassFileReader.java:205)
	at com.strobel.assembler.ir.MetadataReader.inflateAttribute(MetadataReader.java:394)
	at com.strobel.assembler.ir.MetadataReader.inflateAttributes(MetadataReader.java:371)
	at com.strobel.assembler.metadata.ClassFileReader.defineMethods(ClassFileReader.java:1247)
	at com.strobel.assembler.metadata.ClassFileReader.readClass(ClassFileReader.java:669)
	at com.strobel.assembler.metadata.ClassFileReader.readClass(ClassFileReader.java:605)
	at com.strobel.assembler.metadata.MetadataSystem.resolveType(MetadataSystem.java:129)
	at com.strobel.decompiler.NoRetryMetadataSystem.resolveType(DecompilerDriver.java:475)
	at com.strobel.assembler.metadata.MetadataSystem.lookupTypeCore(MetadataSystem.java:86)
	at com.strobel.assembler.metadata.MetadataResolver.lookupType(MetadataResolver.java:46)
	at com.strobel.decompiler.DecompilerDriver.decompileType(DecompilerDriver.java:292)
	at com.strobel.decompiler.DecompilerDriver.decompileJar(DecompilerDriver.java:254)
	at com.strobel.decompiler.DecompilerDriver.main(DecompilerDriver.java:129)
java.lang.IndexOutOfBoundsException: Index -1 out of bounds for length 54
	at java.base/jdk.internal.util.Preconditions.outOfBounds(Preconditions.java:100)
	at java.base/jdk.internal.util.Preconditions.outOfBoundsCheckIndex(Preconditions.java:106)
	at java.base/jdk.internal.util.Preconditions.checkIndex(Preconditions.java:302)
	at java.base/java.util.Objects.checkIndex(Objects.java:365)
	at java.base/java.util.ArrayList.get(ArrayList.java:428)
	at com.strobel.assembler.ir.ConstantPool.get(ConstantPool.java:80)
	at com.strobel.assembler.metadata.ClassFileReader$Scope.lookupConstant(ClassFileReader.java:1584)
	at com.strobel.assembler.ir.MetadataReader.readAttributeCore(MetadataReader.java:180)
	at com.strobel.assembler.metadata.ClassFileReader.readAttributeCore(ClassFileReader.java:431)
	at com.strobel.assembler.ir.MetadataReader.readAttribute(MetadataReader.java:52)
	at com.strobel.assembler.ir.MetadataReader.readAttributes(MetadataReader.java:42)
	at com.strobel.assembler.metadata.ClassFileReader.readAttributeCore(ClassFileReader.java:205)
	at com.strobel.assembler.ir.MetadataReader.inflateAttribute(MetadataReader.java:394)
	at com.strobel.assembler.ir.MetadataReader.inflateAttributes(MetadataReader.java:371)
	at com.strobel.assembler.metadata.ClassFileReader.defineMethods(ClassFileReader.java:1247)
	at com.strobel.assembler.metadata.ClassFileReader.readClass(ClassFileReader.java:669)
	at com.strobel.assembler.metadata.ClassFileReader.readClass(ClassFileReader.java:605)
	at com.strobel.assembler.metadata.MetadataSystem.resolveType(MetadataSystem.java:129)
	at com.strobel.decompiler.NoRetryMetadataSystem.resolveType(DecompilerDriver.java:475)
	at com.strobel.assembler.metadata.MetadataSystem.lookupTypeCore(MetadataSystem.java:86)
	at com.strobel.assembler.metadata.MetadataResolver.lookupType(MetadataResolver.java:46)
	at com.strobel.decompiler.DecompilerDriver.decompileType(DecompilerDriver.java:292)
	at com.strobel.decompiler.DecompilerDriver.decompileJar(DecompilerDriver.java:254)
	at com.strobel.decompiler.DecompilerDriver.main(DecompilerDriver.java:129)
java.lang.IndexOutOfBoundsException: Index -1 out of bounds for length 23
	at java.base/jdk.internal.util.Preconditions.outOfBounds(Preconditions.java:100)
	at java.base/jdk.internal.util.Preconditions.outOfBoundsCheckIndex(Preconditions.java:106)
	at java.base/jdk.internal.util.Preconditions.checkIndex(Preconditions.java:302)
	at java.base/java.util.Objects.checkIndex(Objects.java:365)
	at java.base/java.util.ArrayList.get(ArrayList.java:428)
	at com.strobel.assembler.ir.ConstantPool.get(ConstantPool.java:80)
	at com.strobel.assembler.metadata.ClassFileReader$Scope.lookupConstant(ClassFileReader.java:1584)
	at com.strobel.assembler.ir.MetadataReader.readAttributeCore(MetadataReader.java:180)
	at com.strobel.assembler.metadata.ClassFileReader.readAttributeCore(ClassFileReader.java:431)
	at com.strobel.assembler.ir.MetadataReader.readAttribute(MetadataReader.java:52)
	at com.strobel.assembler.ir.MetadataReader.readAttributes(MetadataReader.java:42)
	at com.strobel.assembler.metadata.ClassFileReader.readAttributeCore(ClassFileReader.java:205)
	at com.strobel.assembler.ir.MetadataReader.inflateAttribute(MetadataReader.java:394)
	at com.strobel.assembler.ir.MetadataReader.inflateAttributes(MetadataReader.java:371)
	at com.strobel.assembler.metadata.ClassFileReader.defineMethods(ClassFileReader.java:1247)
	at com.strobel.assembler.metadata.ClassFileReader.readClass(ClassFileReader.java:669)
	at com.strobel.assembler.metadata.ClassFileReader.readClass(ClassFileReader.java:605)
	at com.strobel.assembler.metadata.MetadataSystem.resolveType(MetadataSystem.java:129)
	at com.strobel.decompiler.NoRetryMetadataSystem.resolveType(DecompilerDriver.java:475)
	at com.strobel.assembler.metadata.MetadataSystem.lookupTypeCore(MetadataSystem.java:86)
	at com.strobel.assembler.metadata.MetadataResolver.lookupType(MetadataResolver.java:46)
	at com.strobel.decompiler.DecompilerDriver.decompileType(DecompilerDriver.java:292)
	at com.strobel.decompiler.DecompilerDriver.decompileJar(DecompilerDriver.java:254)
	at com.strobel.decompiler.DecompilerDriver.main(DecompilerDriver.java:129)
java.lang.IndexOutOfBoundsException: Index -1 out of bounds for length 213
	at java.base/jdk.internal.util.Preconditions.outOfBounds(Preconditions.java:100)
	at java.base/jdk.internal.util.Preconditions.outOfBoundsCheckIndex(Preconditions.java:106)
	at java.base/jdk.internal.util.Preconditions.checkIndex(Preconditions.java:302)
	at java.base/java.util.Objects.checkIndex(Objects.java:365)
	at java.base/java.util.ArrayList.get(ArrayList.java:428)
	at com.strobel.assembler.ir.ConstantPool.get(ConstantPool.java:80)
	at com.strobel.assembler.metadata.ClassFileReader$Scope.lookupConstant(ClassFileReader.java:1584)
	at com.strobel.assembler.ir.MetadataReader.readAttributeCore(MetadataReader.java:180)
	at com.strobel.assembler.metadata.ClassFileReader.readAttributeCore(ClassFileReader.java:431)
	at com.strobel.assembler.ir.MetadataReader.readAttribute(MetadataReader.java:52)
	at com.strobel.assembler.ir.MetadataReader.readAttributes(MetadataReader.java:42)
	at com.strobel.assembler.metadata.ClassFileReader.readAttributeCore(ClassFileReader.java:205)
	at com.strobel.assembler.ir.MetadataReader.inflateAttribute(MetadataReader.java:394)
	at com.strobel.assembler.ir.MetadataReader.inflateAttributes(MetadataReader.java:371)
	at com.strobel.assembler.metadata.ClassFileReader.defineMethods(ClassFileReader.java:1247)
	at com.strobel.assembler.metadata.ClassFileReader.readClass(ClassFileReader.java:669)
	at com.strobel.assembler.metadata.ClassFileReader.readClass(ClassFileReader.java:605)
	at com.strobel.assembler.metadata.MetadataSystem.resolveType(MetadataSystem.java:129)
	at com.strobel.decompiler.NoRetryMetadataSystem.resolveType(DecompilerDriver.java:475)
	at com.strobel.assembler.metadata.MetadataSystem.lookupTypeCore(MetadataSystem.java:86)
	at com.strobel.assembler.metadata.MetadataResolver.lookupType(MetadataResolver.java:46)
	at com.strobel.decompiler.DecompilerDriver.decompileType(DecompilerDriver.java:292)
	at com.strobel.decompiler.DecompilerDriver.decompileJar(DecompilerDriver.java:254)
	at com.strobel.decompiler.DecompilerDriver.main(DecompilerDriver.java:129)
java.lang.IndexOutOfBoundsException: Index -1 out of bounds for length 25
	at java.base/jdk.internal.util.Preconditions.outOfBounds(Preconditions.java:100)
	at java.base/jdk.internal.util.Preconditions.outOfBoundsCheckIndex(Preconditions.java:106)
	at java.base/jdk.internal.util.Preconditions.checkIndex(Preconditions.java:302)
	at java.base/java.util.Objects.checkIndex(Objects.java:365)
	at java.base/java.util.ArrayList.get(ArrayList.java:428)
	at com.strobel.assembler.ir.ConstantPool.get(ConstantPool.java:80)
	at com.strobel.assembler.metadata.ClassFileReader$Scope.lookupConstant(ClassFileReader.java:1584)
	at com.strobel.assembler.ir.MetadataReader.readAttributeCore(MetadataReader.java:180)
	at com.strobel.assembler.metadata.ClassFileReader.readAttributeCore(ClassFileReader.java:431)
	at com.strobel.assembler.ir.MetadataReader.readAttribute(MetadataReader.java:52)
	at com.strobel.assembler.ir.MetadataReader.readAttributes(MetadataReader.java:42)
	at com.strobel.assembler.metadata.ClassFileReader.readAttributeCore(ClassFileReader.java:205)
	at com.strobel.assembler.ir.MetadataReader.inflateAttribute(MetadataReader.java:394)
	at com.strobel.assembler.ir.MetadataReader.inflateAttributes(MetadataReader.java:371)
	at com.strobel.assembler.metadata.ClassFileReader.defineMethods(ClassFileReader.java:1247)
	at com.strobel.assembler.metadata.ClassFileReader.readClass(ClassFileReader.java:669)
	at com.strobel.assembler.metadata.ClassFileReader.readClass(ClassFileReader.java:605)
	at com.strobel.assembler.metadata.MetadataSystem.resolveType(MetadataSystem.java:129)
	at com.strobel.decompiler.NoRetryMetadataSystem.resolveType(DecompilerDriver.java:475)
	at com.strobel.assembler.metadata.MetadataSystem.lookupTypeCore(MetadataSystem.java:86)
	at com.strobel.assembler.metadata.MetadataResolver.lookupType(MetadataResolver.java:46)
	at com.strobel.decompiler.DecompilerDriver.decompileType(DecompilerDriver.java:292)
	at com.strobel.decompiler.DecompilerDriver.decompileJar(DecompilerDriver.java:254)
	at com.strobel.decompiler.DecompilerDriver.main(DecompilerDriver.java:129)
java.lang.IndexOutOfBoundsException: Index -1 out of bounds for length 296
	at java.base/jdk.internal.util.Preconditions.outOfBounds(Preconditions.java:100)
	at java.base/jdk.internal.util.Preconditions.outOfBoundsCheckIndex(Preconditions.java:106)
	at java.base/jdk.internal.util.Preconditions.checkIndex(Preconditions.java:302)
	at java.base/java.util.Objects.checkIndex(Objects.java:365)
	at java.base/java.util.ArrayList.get(ArrayList.java:428)
	at com.strobel.assembler.ir.ConstantPool.get(ConstantPool.java:80)
	at com.strobel.assembler.metadata.ClassFileReader$Scope.lookupConstant(ClassFileReader.java:1584)
	at com.strobel.assembler.ir.MetadataReader.readAttributeCore(MetadataReader.java:180)
	at com.strobel.assembler.metadata.ClassFileReader.readAttributeCore(ClassFileReader.java:431)
	at com.strobel.assembler.ir.MetadataReader.readAttribute(MetadataReader.java:52)
	at com.strobel.assembler.ir.MetadataReader.readAttributes(MetadataReader.java:42)
	at com.strobel.assembler.metadata.ClassFileReader.readAttributeCore(ClassFileReader.java:205)
	at com.strobel.assembler.ir.MetadataReader.inflateAttribute(MetadataReader.java:394)
	at com.strobel.assembler.ir.MetadataReader.inflateAttributes(MetadataReader.java:371)
	at com.strobel.assembler.metadata.ClassFileReader.defineMethods(ClassFileReader.java:1247)
	at com.strobel.assembler.metadata.ClassFileReader.readClass(ClassFileReader.java:669)
	at com.strobel.assembler.metadata.ClassFileReader.readClass(ClassFileReader.java:605)
	at com.strobel.assembler.metadata.MetadataSystem.resolveType(MetadataSystem.java:129)
	at com.strobel.decompiler.NoRetryMetadataSystem.resolveType(DecompilerDriver.java:475)
	at com.strobel.assembler.metadata.MetadataSystem.lookupTypeCore(MetadataSystem.java:86)
	at com.strobel.assembler.metadata.MetadataResolver.lookupType(MetadataResolver.java:46)
	at com.strobel.decompiler.DecompilerDriver.decompileType(DecompilerDriver.java:292)
	at com.strobel.decompiler.DecompilerDriver.decompileJar(DecompilerDriver.java:254)
	at com.strobel.decompiler.DecompilerDriver.main(DecompilerDriver.java:129)
java.lang.IndexOutOfBoundsException: Index -1 out of bounds for length 343
	at java.base/jdk.internal.util.Preconditions.outOfBounds(Preconditions.java:100)
	at java.base/jdk.internal.util.Preconditions.outOfBoundsCheckIndex(Preconditions.java:106)
	at java.base/jdk.internal.util.Preconditions.checkIndex(Preconditions.java:302)
	at java.base/java.util.Objects.checkIndex(Objects.java:365)
	at java.base/java.util.ArrayList.get(ArrayList.java:428)
	at com.strobel.assembler.ir.ConstantPool.get(ConstantPool.java:80)
	at com.strobel.assembler.metadata.ClassFileReader$Scope.lookupConstant(ClassFileReader.java:1584)
	at com.strobel.assembler.ir.MetadataReader.readAttributeCore(MetadataReader.java:180)
	at com.strobel.assembler.metadata.ClassFileReader.readAttributeCore(ClassFileReader.java:431)
	at com.strobel.assembler.ir.MetadataReader.readAttribute(MetadataReader.java:52)
	at com.strobel.assembler.ir.MetadataReader.readAttributes(MetadataReader.java:42)
	at com.strobel.assembler.metadata.ClassFileReader.readAttributeCore(ClassFileReader.java:205)
	at com.strobel.assembler.ir.MetadataReader.inflateAttribute(MetadataReader.java:394)
	at com.strobel.assembler.ir.MetadataReader.inflateAttributes(MetadataReader.java:371)
	at com.strobel.assembler.metadata.ClassFileReader.defineMethods(ClassFileReader.java:1247)
	at com.strobel.assembler.metadata.ClassFileReader.readClass(ClassFileReader.java:669)
	at com.strobel.assembler.metadata.ClassFileReader.readClass(ClassFileReader.java:605)
	at com.strobel.assembler.metadata.MetadataSystem.resolveType(MetadataSystem.java:129)
	at com.strobel.decompiler.NoRetryMetadataSystem.resolveType(DecompilerDriver.java:475)
	at com.strobel.assembler.metadata.MetadataSystem.lookupTypeCore(MetadataSystem.java:86)
	at com.strobel.assembler.metadata.MetadataResolver.lookupType(MetadataResolver.java:46)
	at com.strobel.decompiler.DecompilerDriver.decompileType(DecompilerDriver.java:292)
	at com.strobel.decompiler.DecompilerDriver.decompileJar(DecompilerDriver.java:254)
	at com.strobel.decompiler.DecompilerDriver.main(DecompilerDriver.java:129)
java.lang.IndexOutOfBoundsException: Index -1 out of bounds for length 496
	at java.base/jdk.internal.util.Preconditions.outOfBounds(Preconditions.java:100)
	at java.base/jdk.internal.util.Preconditions.outOfBoundsCheckIndex(Preconditions.java:106)
	at java.base/jdk.internal.util.Preconditions.checkIndex(Preconditions.java:302)
	at java.base/java.util.Objects.checkIndex(Objects.java:365)
	at java.base/java.util.ArrayList.get(ArrayList.java:428)
	at com.strobel.assembler.ir.ConstantPool.get(ConstantPool.java:80)
	at com.strobel.assembler.metadata.ClassFileReader$Scope.lookupConstant(ClassFileReader.java:1584)
	at com.strobel.assembler.ir.MetadataReader.readAttributeCore(MetadataReader.java:180)
	at com.strobel.assembler.metadata.ClassFileReader.readAttributeCore(ClassFileReader.java:431)
	at com.strobel.assembler.ir.MetadataReader.readAttribute(MetadataReader.java:52)
	at com.strobel.assembler.ir.MetadataReader.readAttributes(MetadataReader.java:42)
	at com.strobel.assembler.metadata.ClassFileReader.readAttributeCore(ClassFileReader.java:205)
	at com.strobel.assembler.ir.MetadataReader.inflateAttribute(MetadataReader.java:394)
	at com.strobel.assembler.ir.MetadataReader.inflateAttributes(MetadataReader.java:371)
	at com.strobel.assembler.metadata.ClassFileReader.defineMethods(ClassFileReader.java:1247)
	at com.strobel.assembler.metadata.ClassFileReader.readClass(ClassFileReader.java:669)
	at com.strobel.assembler.metadata.ClassFileReader.readClass(ClassFileReader.java:605)
	at com.strobel.assembler.metadata.MetadataSystem.resolveType(MetadataSystem.java:129)
	at com.strobel.decompiler.NoRetryMetadataSystem.resolveType(DecompilerDriver.java:475)
	at com.strobel.assembler.metadata.MetadataSystem.lookupTypeCore(MetadataSystem.java:86)
	at com.strobel.assembler.metadata.MetadataResolver.lookupType(MetadataResolver.java:46)
	at com.strobel.decompiler.DecompilerDriver.decompileType(DecompilerDriver.java:292)
	at com.strobel.decompiler.DecompilerDriver.decompileJar(DecompilerDriver.java:254)
	at com.strobel.decompiler.DecompilerDriver.main(DecompilerDriver.java:129)
java.lang.IndexOutOfBoundsException: Index -1 out of bounds for length 225
	at java.base/jdk.internal.util.Preconditions.outOfBounds(Preconditions.java:100)
	at java.base/jdk.internal.util.Preconditions.outOfBoundsCheckIndex(Preconditions.java:106)
	at java.base/jdk.internal.util.Preconditions.checkIndex(Preconditions.java:302)
	at java.base/java.util.Objects.checkIndex(Objects.java:365)
	at java.base/java.util.ArrayList.get(ArrayList.java:428)
	at com.strobel.assembler.ir.ConstantPool.get(ConstantPool.java:80)
	at com.strobel.assembler.metadata.ClassFileReader$Scope.lookupConstant(ClassFileReader.java:1584)
	at com.strobel.assembler.ir.MetadataReader.readAttributeCore(MetadataReader.java:180)
	at com.strobel.assembler.metadata.ClassFileReader.readAttributeCore(ClassFileReader.java:431)
	at com.strobel.assembler.ir.MetadataReader.readAttribute(MetadataReader.java:52)
	at com.strobel.assembler.ir.MetadataReader.readAttributes(MetadataReader.java:42)
	at com.strobel.assembler.metadata.ClassFileReader.readAttributeCore(ClassFileReader.java:205)
	at com.strobel.assembler.ir.MetadataReader.inflateAttribute(MetadataReader.java:394)
	at com.strobel.assembler.ir.MetadataReader.inflateAttributes(MetadataReader.java:371)
	at com.strobel.assembler.metadata.ClassFileReader.defineMethods(ClassFileReader.java:1247)
	at com.strobel.assembler.metadata.ClassFileReader.readClass(ClassFileReader.java:669)
	at com.strobel.assembler.metadata.ClassFileReader.readClass(ClassFileReader.java:605)
	at com.strobel.assembler.metadata.MetadataSystem.resolveType(MetadataSystem.java:129)
	at com.strobel.decompiler.NoRetryMetadataSystem.resolveType(DecompilerDriver.java:475)
	at com.strobel.assembler.metadata.MetadataSystem.lookupTypeCore(MetadataSystem.java:86)
	at com.strobel.assembler.metadata.MetadataResolver.lookupType(MetadataResolver.java:46)
	at com.strobel.decompiler.DecompilerDriver.decompileType(DecompilerDriver.java:292)
	at com.strobel.decompiler.DecompilerDriver.decompileJar(DecompilerDriver.java:254)
	at com.strobel.decompiler.DecompilerDriver.main(DecompilerDriver.java:129)
java.lang.IndexOutOfBoundsException: Index -1 out of bounds for length 123
	at java.base/jdk.internal.util.Preconditions.outOfBounds(Preconditions.java:100)
	at java.base/jdk.internal.util.Preconditions.outOfBoundsCheckIndex(Preconditions.java:106)
	at java.base/jdk.internal.util.Preconditions.checkIndex(Preconditions.java:302)
	at java.base/java.util.Objects.checkIndex(Objects.java:365)
	at java.base/java.util.ArrayList.get(ArrayList.java:428)
	at com.strobel.assembler.ir.ConstantPool.get(ConstantPool.java:80)
	at com.strobel.assembler.metadata.ClassFileReader$Scope.lookupConstant(ClassFileReader.java:1584)
	at com.strobel.assembler.ir.MetadataReader.readAttributeCore(MetadataReader.java:180)
	at com.strobel.assembler.metadata.ClassFileReader.readAttributeCore(ClassFileReader.java:431)
	at com.strobel.assembler.ir.MetadataReader.readAttribute(MetadataReader.java:52)
	at com.strobel.assembler.ir.MetadataReader.readAttributes(MetadataReader.java:42)
	at com.strobel.assembler.metadata.ClassFileReader.readAttributeCore(ClassFileReader.java:205)
	at com.strobel.assembler.ir.MetadataReader.inflateAttribute(MetadataReader.java:394)
	at com.strobel.assembler.ir.MetadataReader.inflateAttributes(MetadataReader.java:371)
	at com.strobel.assembler.metadata.ClassFileReader.defineMethods(ClassFileReader.java:1247)
	at com.strobel.assembler.metadata.ClassFileReader.readClass(ClassFileReader.java:669)
	at com.strobel.assembler.metadata.ClassFileReader.readClass(ClassFileReader.java:605)
	at com.strobel.assembler.metadata.MetadataSystem.resolveType(MetadataSystem.java:129)
	at com.strobel.decompiler.NoRetryMetadataSystem.resolveType(DecompilerDriver.java:475)
	at com.strobel.assembler.metadata.MetadataSystem.lookupTypeCore(MetadataSystem.java:86)
	at com.strobel.assembler.metadata.MetadataResolver.lookupType(MetadataResolver.java:46)
	at com.strobel.decompiler.DecompilerDriver.decompileType(DecompilerDriver.java:292)
	at com.strobel.decompiler.DecompilerDriver.decompileJar(DecompilerDriver.java:254)
	at com.strobel.decompiler.DecompilerDriver.main(DecompilerDriver.java:129)
java.lang.IndexOutOfBoundsException: Index -1 out of bounds for length 170
	at java.base/jdk.internal.util.Preconditions.outOfBounds(Preconditions.java:100)
	at java.base/jdk.internal.util.Preconditions.outOfBoundsCheckIndex(Preconditions.java:106)
	at java.base/jdk.internal.util.Preconditions.checkIndex(Preconditions.java:302)
	at java.base/java.util.Objects.checkIndex(Objects.java:365)
	at java.base/java.util.ArrayList.get(ArrayList.java:428)
	at com.strobel.assembler.ir.ConstantPool.get(ConstantPool.java:80)
	at com.strobel.assembler.metadata.ClassFileReader$Scope.lookupConstant(ClassFileReader.java:1584)
	at com.strobel.assembler.ir.MetadataReader.readAttributeCore(MetadataReader.java:180)
	at com.strobel.assembler.metadata.ClassFileReader.readAttributeCore(ClassFileReader.java:431)
	at com.strobel.assembler.ir.MetadataReader.readAttribute(MetadataReader.java:52)
	at com.strobel.assembler.ir.MetadataReader.readAttributes(MetadataReader.java:42)
	at com.strobel.assembler.metadata.ClassFileReader.readAttributeCore(ClassFileReader.java:205)
	at com.strobel.assembler.ir.MetadataReader.inflateAttribute(MetadataReader.java:394)
	at com.strobel.assembler.ir.MetadataReader.inflateAttributes(MetadataReader.java:371)
	at com.strobel.assembler.metadata.ClassFileReader.defineMethods(ClassFileReader.java:1247)
	at com.strobel.assembler.metadata.ClassFileReader.readClass(ClassFileReader.java:669)
	at com.strobel.assembler.metadata.ClassFileReader.readClass(ClassFileReader.java:605)
	at com.strobel.assembler.metadata.MetadataSystem.resolveType(MetadataSystem.java:129)
	at com.strobel.decompiler.NoRetryMetadataSystem.resolveType(DecompilerDriver.java:475)
	at com.strobel.assembler.metadata.MetadataSystem.lookupTypeCore(MetadataSystem.java:86)
	at com.strobel.assembler.metadata.MetadataResolver.lookupType(MetadataResolver.java:46)
	at com.strobel.decompiler.DecompilerDriver.decompileType(DecompilerDriver.java:292)
	at com.strobel.decompiler.DecompilerDriver.decompileJar(DecompilerDriver.java:254)
	at com.strobel.decompiler.DecompilerDriver.main(DecompilerDriver.java:129)
java.lang.IndexOutOfBoundsException: Index -1 out of bounds for length 97
	at java.base/jdk.internal.util.Preconditions.outOfBounds(Preconditions.java:100)
	at java.base/jdk.internal.util.Preconditions.outOfBoundsCheckIndex(Preconditions.java:106)
	at java.base/jdk.internal.util.Preconditions.checkIndex(Preconditions.java:302)
	at java.base/java.util.Objects.checkIndex(Objects.java:365)
	at java.base/java.util.ArrayList.get(ArrayList.java:428)
	at com.strobel.assembler.ir.ConstantPool.get(ConstantPool.java:80)
	at com.strobel.assembler.metadata.ClassFileReader$Scope.lookupConstant(ClassFileReader.java:1584)
	at com.strobel.assembler.ir.MetadataReader.readAttributeCore(MetadataReader.java:180)
	at com.strobel.assembler.metadata.ClassFileReader.readAttributeCore(ClassFileReader.java:431)
	at com.strobel.assembler.ir.MetadataReader.readAttribute(MetadataReader.java:52)
	at com.strobel.assembler.ir.MetadataReader.readAttributes(MetadataReader.java:42)
	at com.strobel.assembler.metadata.ClassFileReader.readAttributeCore(ClassFileReader.java:205)
	at com.strobel.assembler.ir.MetadataReader.inflateAttribute(MetadataReader.java:394)
	at com.strobel.assembler.ir.MetadataReader.inflateAttributes(MetadataReader.java:371)
	at com.strobel.assembler.metadata.ClassFileReader.defineMethods(ClassFileReader.java:1247)
	at com.strobel.assembler.metadata.ClassFileReader.readClass(ClassFileReader.java:669)
	at com.strobel.assembler.metadata.ClassFileReader.readClass(ClassFileReader.java:605)
	at com.strobel.assembler.metadata.MetadataSystem.resolveType(MetadataSystem.java:129)
	at com.strobel.decompiler.NoRetryMetadataSystem.resolveType(DecompilerDriver.java:475)
	at com.strobel.assembler.metadata.MetadataSystem.resolveCore(MetadataSystem.java:81)
	at com.strobel.assembler.metadata.MetadataResolver.resolve(MetadataResolver.java:104)
	at com.strobel.assembler.metadata.CoreMetadataFactory$UnresolvedType.resolve(CoreMetadataFactory.java:616)
	at com.strobel.assembler.metadata.ClassFileReader.checkSealed0(ClassFileReader.java:939)
	at com.strobel.assembler.metadata.ClassFileReader.populatePermittedSubclasses(ClassFileReader.java:924)
	at com.strobel.assembler.metadata.ClassFileReader.visitAttributes(ClassFileReader.java:1427)
	at com.strobel.assembler.metadata.ClassFileReader.readClass(ClassFileReader.java:667)
	at com.strobel.assembler.metadata.ClassFileReader.readClass(ClassFileReader.java:605)
	at com.strobel.assembler.metadata.MetadataSystem.resolveType(MetadataSystem.java:129)
	at com.strobel.decompiler.NoRetryMetadataSystem.resolveType(DecompilerDriver.java:475)
	at com.strobel.assembler.metadata.MetadataSystem.lookupTypeCore(MetadataSystem.java:86)
	at com.strobel.assembler.metadata.MetadataResolver.lookupType(MetadataResolver.java:46)
	at com.strobel.decompiler.DecompilerDriver.decompileType(DecompilerDriver.java:292)
	at com.strobel.decompiler.DecompilerDriver.decompileJar(DecompilerDriver.java:254)
	at com.strobel.decompiler.DecompilerDriver.main(DecompilerDriver.java:129)
java.lang.IndexOutOfBoundsException: Index -1 out of bounds for length 94
	at java.base/jdk.internal.util.Preconditions.outOfBounds(Preconditions.java:100)
	at java.base/jdk.internal.util.Preconditions.outOfBoundsCheckIndex(Preconditions.java:106)
	at java.base/jdk.internal.util.Preconditions.checkIndex(Preconditions.java:302)
	at java.base/java.util.Objects.checkIndex(Objects.java:365)
	at java.base/java.util.ArrayList.get(ArrayList.java:428)
	at com.strobel.assembler.ir.ConstantPool.get(ConstantPool.java:80)
	at com.strobel.assembler.metadata.ClassFileReader$Scope.lookupConstant(ClassFileReader.java:1584)
	at com.strobel.assembler.ir.MetadataReader.readAttributeCore(MetadataReader.java:180)
	at com.strobel.assembler.metadata.ClassFileReader.readAttributeCore(ClassFileReader.java:431)
	at com.strobel.assembler.ir.MetadataReader.readAttribute(MetadataReader.java:52)
	at com.strobel.assembler.ir.MetadataReader.readAttributes(MetadataReader.java:42)
	at com.strobel.assembler.metadata.ClassFileReader.readAttributeCore(ClassFileReader.java:205)
	at com.strobel.assembler.ir.MetadataReader.inflateAttribute(MetadataReader.java:394)
	at com.strobel.assembler.ir.MetadataReader.inflateAttributes(MetadataReader.java:371)
	at com.strobel.assembler.metadata.ClassFileReader.defineMethods(ClassFileReader.java:1247)
	at com.strobel.assembler.metadata.ClassFileReader.readClass(ClassFileReader.java:669)
	at com.strobel.assembler.metadata.ClassFileReader.readClass(ClassFileReader.java:605)
	at com.strobel.assembler.metadata.MetadataSystem.resolveType(MetadataSystem.java:129)
	at com.strobel.decompiler.NoRetryMetadataSystem.resolveType(DecompilerDriver.java:475)
	at com.strobel.assembler.metadata.MetadataSystem.lookupTypeCore(MetadataSystem.java:86)
	at com.strobel.assembler.metadata.MetadataResolver.lookupType(MetadataResolver.java:46)
	at com.strobel.decompiler.DecompilerDriver.decompileType(DecompilerDriver.java:292)
	at com.strobel.decompiler.DecompilerDriver.decompileJar(DecompilerDriver.java:254)
	at com.strobel.decompiler.DecompilerDriver.main(DecompilerDriver.java:129)
java.lang.IndexOutOfBoundsException: Index -1 out of bounds for length 23
	at java.base/jdk.internal.util.Preconditions.outOfBounds(Preconditions.java:100)
	at java.base/jdk.internal.util.Preconditions.outOfBoundsCheckIndex(Preconditions.java:106)
	at java.base/jdk.internal.util.Preconditions.checkIndex(Preconditions.java:302)
	at java.base/java.util.Objects.checkIndex(Objects.java:365)
	at java.base/java.util.ArrayList.get(ArrayList.java:428)
	at com.strobel.assembler.ir.ConstantPool.get(ConstantPool.java:80)
	at com.strobel.assembler.metadata.ClassFileReader$Scope.lookupConstant(ClassFileReader.java:1584)
	at com.strobel.assembler.ir.MetadataReader.readAttributeCore(MetadataReader.java:180)
	at com.strobel.assembler.metadata.ClassFileReader.readAttributeCore(ClassFileReader.java:431)
	at com.strobel.assembler.ir.MetadataReader.readAttribute(MetadataReader.java:52)
	at com.strobel.assembler.ir.MetadataReader.readAttributes(MetadataReader.java:42)
	at com.strobel.assembler.metadata.ClassFileReader.readAttributeCore(ClassFileReader.java:205)
	at com.strobel.assembler.ir.MetadataReader.inflateAttribute(MetadataReader.java:394)
	at com.strobel.assembler.ir.MetadataReader.inflateAttributes(MetadataReader.java:371)
	at com.strobel.assembler.metadata.ClassFileReader.defineMethods(ClassFileReader.java:1247)
	at com.strobel.assembler.metadata.ClassFileReader.readClass(ClassFileReader.java:669)
	at com.strobel.assembler.metadata.ClassFileReader.readClass(ClassFileReader.java:605)
	at com.strobel.assembler.metadata.MetadataSystem.resolveType(MetadataSystem.java:129)
	at com.strobel.decompiler.NoRetryMetadataSystem.resolveType(DecompilerDriver.java:475)
	at com.strobel.assembler.metadata.MetadataSystem.resolveCore(MetadataSystem.java:81)
	at com.strobel.assembler.metadata.MetadataResolver.resolve(MetadataResolver.java:104)
	at com.strobel.assembler.metadata.CoreMetadataFactory$UnresolvedType.resolve(CoreMetadataFactory.java:616)
	at com.strobel.assembler.metadata.ClassFileReader.checkSealed0(ClassFileReader.java:939)
	at com.strobel.assembler.metadata.ClassFileReader.populatePermittedSubclasses(ClassFileReader.java:924)
	at com.strobel.assembler.metadata.ClassFileReader.visitAttributes(ClassFileReader.java:1427)
	at com.strobel.assembler.metadata.ClassFileReader.readClass(ClassFileReader.java:667)
	at com.strobel.assembler.metadata.ClassFileReader.readClass(ClassFileReader.java:605)
	at com.strobel.assembler.metadata.MetadataSystem.resolveType(MetadataSystem.java:129)
	at com.strobel.decompiler.NoRetryMetadataSystem.resolveType(DecompilerDriver.java:475)
	at com.strobel.assembler.metadata.MetadataSystem.lookupTypeCore(MetadataSystem.java:86)
	at com.strobel.assembler.metadata.MetadataResolver.lookupType(MetadataResolver.java:46)
	at com.strobel.decompiler.DecompilerDriver.decompileType(DecompilerDriver.java:292)
	at com.strobel.decompiler.DecompilerDriver.decompileJar(DecompilerDriver.java:254)
	at com.strobel.decompiler.DecompilerDriver.main(DecompilerDriver.java:129)
java.lang.IndexOutOfBoundsException: Index -1 out of bounds for length 27
	at java.base/jdk.internal.util.Preconditions.outOfBounds(Preconditions.java:100)
	at java.base/jdk.internal.util.Preconditions.outOfBoundsCheckIndex(Preconditions.java:106)
	at java.base/jdk.internal.util.Preconditions.checkIndex(Preconditions.java:302)
	at java.base/java.util.Objects.checkIndex(Objects.java:365)
	at java.base/java.util.ArrayList.get(ArrayList.java:428)
	at com.strobel.assembler.ir.ConstantPool.get(ConstantPool.java:80)
	at com.strobel.assembler.metadata.ClassFileReader$Scope.lookupConstant(ClassFileReader.java:1584)
	at com.strobel.assembler.ir.MetadataReader.readAttributeCore(MetadataReader.java:180)
	at com.strobel.assembler.metadata.ClassFileReader.readAttributeCore(ClassFileReader.java:431)
	at com.strobel.assembler.ir.MetadataReader.readAttribute(MetadataReader.java:52)
	at com.strobel.assembler.ir.MetadataReader.readAttributes(MetadataReader.java:42)
	at com.strobel.assembler.metadata.ClassFileReader.readAttributeCore(ClassFileReader.java:205)
	at com.strobel.assembler.ir.MetadataReader.inflateAttribute(MetadataReader.java:394)
	at com.strobel.assembler.ir.MetadataReader.inflateAttributes(MetadataReader.java:371)
	at com.strobel.assembler.metadata.ClassFileReader.defineMethods(ClassFileReader.java:1247)
	at com.strobel.assembler.metadata.ClassFileReader.readClass(ClassFileReader.java:669)
	at com.strobel.assembler.metadata.ClassFileReader.readClass(ClassFileReader.java:605)
	at com.strobel.assembler.metadata.MetadataSystem.resolveType(MetadataSystem.java:129)
	at com.strobel.decompiler.NoRetryMetadataSystem.resolveType(DecompilerDriver.java:475)
	at com.strobel.assembler.metadata.MetadataSystem.lookupTypeCore(MetadataSystem.java:86)
	at com.strobel.assembler.metadata.MetadataResolver.lookupType(MetadataResolver.java:46)
	at com.strobel.decompiler.DecompilerDriver.decompileType(DecompilerDriver.java:292)
	at com.strobel.decompiler.DecompilerDriver.decompileJar(DecompilerDriver.java:254)
	at com.strobel.decompiler.DecompilerDriver.main(DecompilerDriver.java:129)
java.lang.IndexOutOfBoundsException: Index -1 out of bounds for length 99
	at java.base/jdk.internal.util.Preconditions.outOfBounds(Preconditions.java:100)
	at java.base/jdk.internal.util.Preconditions.outOfBoundsCheckIndex(Preconditions.java:106)
	at java.base/jdk.internal.util.Preconditions.checkIndex(Preconditions.java:302)
	at java.base/java.util.Objects.checkIndex(Objects.java:365)
	at java.base/java.util.ArrayList.get(ArrayList.java:428)
	at com.strobel.assembler.ir.ConstantPool.get(ConstantPool.java:80)
	at com.strobel.assembler.metadata.ClassFileReader$Scope.lookupConstant(ClassFileReader.java:1584)
	at com.strobel.assembler.ir.MetadataReader.readAttributeCore(MetadataReader.java:180)
	at com.strobel.assembler.metadata.ClassFileReader.readAttributeCore(ClassFileReader.java:431)
	at com.strobel.assembler.ir.MetadataReader.readAttribute(MetadataReader.java:52)
	at com.strobel.assembler.ir.MetadataReader.readAttributes(MetadataReader.java:42)
	at com.strobel.assembler.metadata.ClassFileReader.readAttributeCore(ClassFileReader.java:205)
	at com.strobel.assembler.ir.MetadataReader.inflateAttribute(MetadataReader.java:394)
	at com.strobel.assembler.ir.MetadataReader.inflateAttributes(MetadataReader.java:371)
	at com.strobel.assembler.metadata.ClassFileReader.defineMethods(ClassFileReader.java:1247)
	at com.strobel.assembler.metadata.ClassFileReader.readClass(ClassFileReader.java:669)
	at com.strobel.assembler.metadata.ClassFileReader.readClass(ClassFileReader.java:605)
	at com.strobel.assembler.metadata.MetadataSystem.resolveType(MetadataSystem.java:129)
	at com.strobel.decompiler.NoRetryMetadataSystem.resolveType(DecompilerDriver.java:475)
	at com.strobel.assembler.metadata.MetadataSystem.lookupTypeCore(MetadataSystem.java:86)
	at com.strobel.assembler.metadata.MetadataResolver.lookupType(MetadataResolver.java:46)
	at com.strobel.decompiler.DecompilerDriver.decompileType(DecompilerDriver.java:292)
	at com.strobel.decompiler.DecompilerDriver.decompileJar(DecompilerDriver.java:254)
	at com.strobel.decompiler.DecompilerDriver.main(DecompilerDriver.java:129)
java.lang.IndexOutOfBoundsException: Index -1 out of bounds for length 69
	at java.base/jdk.internal.util.Preconditions.outOfBounds(Preconditions.java:100)
	at java.base/jdk.internal.util.Preconditions.outOfBoundsCheckIndex(Preconditions.java:106)
	at java.base/jdk.internal.util.Preconditions.checkIndex(Preconditions.java:302)
	at java.base/java.util.Objects.checkIndex(Objects.java:365)
	at java.base/java.util.ArrayList.get(ArrayList.java:428)
	at com.strobel.assembler.ir.ConstantPool.get(ConstantPool.java:80)
	at com.strobel.assembler.metadata.ClassFileReader$Scope.lookupConstant(ClassFileReader.java:1584)
	at com.strobel.assembler.ir.MetadataReader.readAttributeCore(MetadataReader.java:180)
	at com.strobel.assembler.metadata.ClassFileReader.readAttributeCore(ClassFileReader.java:431)
	at com.strobel.assembler.ir.MetadataReader.readAttribute(MetadataReader.java:52)
	at com.strobel.assembler.ir.MetadataReader.readAttributes(MetadataReader.java:42)
	at com.strobel.assembler.metadata.ClassFileReader.readAttributeCore(ClassFileReader.java:205)
	at com.strobel.assembler.ir.MetadataReader.inflateAttribute(MetadataReader.java:394)
	at com.strobel.assembler.ir.MetadataReader.inflateAttributes(MetadataReader.java:371)
	at com.strobel.assembler.metadata.ClassFileReader.defineMethods(ClassFileReader.java:1247)
	at com.strobel.assembler.metadata.ClassFileReader.readClass(ClassFileReader.java:669)
	at com.strobel.assembler.metadata.ClassFileReader.readClass(ClassFileReader.java:605)
	at com.strobel.assembler.metadata.MetadataSystem.resolveType(MetadataSystem.java:129)
	at com.strobel.decompiler.NoRetryMetadataSystem.resolveType(DecompilerDriver.java:475)
	at com.strobel.assembler.metadata.MetadataSystem.lookupTypeCore(MetadataSystem.java:86)
	at com.strobel.assembler.metadata.MetadataResolver.lookupType(MetadataResolver.java:46)
	at com.strobel.decompiler.DecompilerDriver.decompileType(DecompilerDriver.java:292)
	at com.strobel.decompiler.DecompilerDriver.decompileJar(DecompilerDriver.java:254)
	at com.strobel.decompiler.DecompilerDriver.main(DecompilerDriver.java:129)
java.lang.IndexOutOfBoundsException: Index -1 out of bounds for length 194
	at java.base/jdk.internal.util.Preconditions.outOfBounds(Preconditions.java:100)
	at java.base/jdk.internal.util.Preconditions.outOfBoundsCheckIndex(Preconditions.java:106)
	at java.base/jdk.internal.util.Preconditions.checkIndex(Preconditions.java:302)
	at java.base/java.util.Objects.checkIndex(Objects.java:365)
	at java.base/java.util.ArrayList.get(ArrayList.java:428)
	at com.strobel.assembler.ir.ConstantPool.get(ConstantPool.java:80)
	at com.strobel.assembler.metadata.ClassFileReader$Scope.lookupConstant(ClassFileReader.java:1584)
	at com.strobel.assembler.ir.MetadataReader.readAttributeCore(MetadataReader.java:180)
	at com.strobel.assembler.metadata.ClassFileReader.readAttributeCore(ClassFileReader.java:431)
	at com.strobel.assembler.ir.MetadataReader.readAttribute(MetadataReader.java:52)
	at com.strobel.assembler.ir.MetadataReader.readAttributes(MetadataReader.java:42)
	at com.strobel.assembler.metadata.ClassFileReader.readAttributeCore(ClassFileReader.java:205)
	at com.strobel.assembler.ir.MetadataReader.inflateAttribute(MetadataReader.java:394)
	at com.strobel.assembler.ir.MetadataReader.inflateAttributes(MetadataReader.java:371)
	at com.strobel.assembler.metadata.ClassFileReader.defineMethods(ClassFileReader.java:1247)
	at com.strobel.assembler.metadata.ClassFileReader.readClass(ClassFileReader.java:669)
	at com.strobel.assembler.metadata.ClassFileReader.readClass(ClassFileReader.java:605)
	at com.strobel.assembler.metadata.MetadataSystem.resolveType(MetadataSystem.java:129)
	at com.strobel.decompiler.NoRetryMetadataSystem.resolveType(DecompilerDriver.java:475)
	at com.strobel.assembler.metadata.MetadataSystem.lookupTypeCore(MetadataSystem.java:86)
	at com.strobel.assembler.metadata.MetadataResolver.lookupType(MetadataResolver.java:46)
	at com.strobel.decompiler.DecompilerDriver.decompileType(DecompilerDriver.java:292)
	at com.strobel.decompiler.DecompilerDriver.decompileJar(DecompilerDriver.java:254)
	at com.strobel.decompiler.DecompilerDriver.main(DecompilerDriver.java:129)
java.lang.IndexOutOfBoundsException: Index -1 out of bounds for length 23
	at java.base/jdk.internal.util.Preconditions.outOfBounds(Preconditions.java:100)
	at java.base/jdk.internal.util.Preconditions.outOfBoundsCheckIndex(Preconditions.java:106)
	at java.base/jdk.internal.util.Preconditions.checkIndex(Preconditions.java:302)
	at java.base/java.util.Objects.checkIndex(Objects.java:365)
	at java.base/java.util.ArrayList.get(ArrayList.java:428)
	at com.strobel.assembler.ir.ConstantPool.get(ConstantPool.java:80)
	at com.strobel.assembler.metadata.ClassFileReader$Scope.lookupConstant(ClassFileReader.java:1584)
	at com.strobel.assembler.ir.MetadataReader.readAttributeCore(MetadataReader.java:180)
	at com.strobel.assembler.metadata.ClassFileReader.readAttributeCore(ClassFileReader.java:431)
	at com.strobel.assembler.ir.MetadataReader.readAttribute(MetadataReader.java:52)
	at com.strobel.assembler.ir.MetadataReader.readAttributes(MetadataReader.java:42)
	at com.strobel.assembler.metadata.ClassFileReader.readAttributeCore(ClassFileReader.java:205)
	at com.strobel.assembler.ir.MetadataReader.inflateAttribute(MetadataReader.java:394)
	at com.strobel.assembler.ir.MetadataReader.inflateAttributes(MetadataReader.java:371)
	at com.strobel.assembler.metadata.ClassFileReader.defineMethods(ClassFileReader.java:1247)
	at com.strobel.assembler.metadata.ClassFileReader.readClass(ClassFileReader.java:669)
	at com.strobel.assembler.metadata.ClassFileReader.readClass(ClassFileReader.java:605)
	at com.strobel.assembler.metadata.MetadataSystem.resolveType(MetadataSystem.java:129)
	at com.strobel.decompiler.NoRetryMetadataSystem.resolveType(DecompilerDriver.java:475)
	at com.strobel.assembler.metadata.MetadataSystem.resolveCore(MetadataSystem.java:81)
	at com.strobel.assembler.metadata.MetadataResolver.resolve(MetadataResolver.java:104)
	at com.strobel.assembler.metadata.CoreMetadataFactory$UnresolvedType.resolve(CoreMetadataFactory.java:616)
	at com.strobel.assembler.metadata.ClassFileReader.checkSealed0(ClassFileReader.java:939)
	at com.strobel.assembler.metadata.ClassFileReader.populatePermittedSubclasses(ClassFileReader.java:924)
	at com.strobel.assembler.metadata.ClassFileReader.visitAttributes(ClassFileReader.java:1427)
	at com.strobel.assembler.metadata.ClassFileReader.readClass(ClassFileReader.java:667)
	at com.strobel.assembler.metadata.ClassFileReader.readClass(ClassFileReader.java:605)
	at com.strobel.assembler.metadata.MetadataSystem.resolveType(MetadataSystem.java:129)
	at com.strobel.decompiler.NoRetryMetadataSystem.resolveType(DecompilerDriver.java:475)
	at com.strobel.assembler.metadata.MetadataSystem.lookupTypeCore(MetadataSystem.java:86)
	at com.strobel.assembler.metadata.MetadataResolver.lookupType(MetadataResolver.java:46)
	at com.strobel.decompiler.DecompilerDriver.decompileType(DecompilerDriver.java:292)
	at com.strobel.decompiler.DecompilerDriver.decompileJar(DecompilerDriver.java:254)
	at com.strobel.decompiler.DecompilerDriver.main(DecompilerDriver.java:129)
java.lang.IndexOutOfBoundsException: Index -1 out of bounds for length 96
	at java.base/jdk.internal.util.Preconditions.outOfBounds(Preconditions.java:100)
	at java.base/jdk.internal.util.Preconditions.outOfBoundsCheckIndex(Preconditions.java:106)
	at java.base/jdk.internal.util.Preconditions.checkIndex(Preconditions.java:302)
	at java.base/java.util.Objects.checkIndex(Objects.java:365)
	at java.base/java.util.ArrayList.get(ArrayList.java:428)
	at com.strobel.assembler.ir.ConstantPool.get(ConstantPool.java:80)
	at com.strobel.assembler.metadata.ClassFileReader$Scope.lookupConstant(ClassFileReader.java:1584)
	at com.strobel.assembler.ir.MetadataReader.readAttributeCore(MetadataReader.java:180)
	at com.strobel.assembler.metadata.ClassFileReader.readAttributeCore(ClassFileReader.java:431)
	at com.strobel.assembler.ir.MetadataReader.readAttribute(MetadataReader.java:52)
	at com.strobel.assembler.ir.MetadataReader.readAttributes(MetadataReader.java:42)
	at com.strobel.assembler.metadata.ClassFileReader.readAttributeCore(ClassFileReader.java:205)
	at com.strobel.assembler.ir.MetadataReader.inflateAttribute(MetadataReader.java:394)
	at com.strobel.assembler.ir.MetadataReader.inflateAttributes(MetadataReader.java:371)
	at com.strobel.assembler.metadata.ClassFileReader.defineMethods(ClassFileReader.java:1247)
	at com.strobel.assembler.metadata.ClassFileReader.readClass(ClassFileReader.java:669)
	at com.strobel.assembler.metadata.ClassFileReader.readClass(ClassFileReader.java:605)
	at com.strobel.assembler.metadata.MetadataSystem.resolveType(MetadataSystem.java:129)
	at com.strobel.decompiler.NoRetryMetadataSystem.resolveType(DecompilerDriver.java:475)
	at com.strobel.assembler.metadata.MetadataSystem.lookupTypeCore(MetadataSystem.java:86)
	at com.strobel.assembler.metadata.MetadataResolver.lookupType(MetadataResolver.java:46)
	at com.strobel.decompiler.DecompilerDriver.decompileType(DecompilerDriver.java:292)
	at com.strobel.decompiler.DecompilerDriver.decompileJar(DecompilerDriver.java:254)
	at com.strobel.decompiler.DecompilerDriver.main(DecompilerDriver.java:129)
java.lang.IndexOutOfBoundsException: Index -1 out of bounds for length 323
	at java.base/jdk.internal.util.Preconditions.outOfBounds(Preconditions.java:100)
	at java.base/jdk.internal.util.Preconditions.outOfBoundsCheckIndex(Preconditions.java:106)
	at java.base/jdk.internal.util.Preconditions.checkIndex(Preconditions.java:302)
	at java.base/java.util.Objects.checkIndex(Objects.java:365)
	at java.base/java.util.ArrayList.get(ArrayList.java:428)
	at com.strobel.assembler.ir.ConstantPool.get(ConstantPool.java:80)
	at com.strobel.assembler.metadata.ClassFileReader$Scope.lookupConstant(ClassFileReader.java:1584)
	at com.strobel.assembler.ir.MetadataReader.readAttributeCore(MetadataReader.java:180)
	at com.strobel.assembler.metadata.ClassFileReader.readAttributeCore(ClassFileReader.java:431)
	at com.strobel.assembler.ir.MetadataReader.readAttribute(MetadataReader.java:52)
	at com.strobel.assembler.ir.MetadataReader.readAttributes(MetadataReader.java:42)
	at com.strobel.assembler.metadata.ClassFileReader.readAttributeCore(ClassFileReader.java:205)
	at com.strobel.assembler.ir.MetadataReader.inflateAttribute(MetadataReader.java:394)
	at com.strobel.assembler.ir.MetadataReader.inflateAttributes(MetadataReader.java:371)
	at com.strobel.assembler.metadata.ClassFileReader.defineMethods(ClassFileReader.java:1247)
	at com.strobel.assembler.metadata.ClassFileReader.readClass(ClassFileReader.java:669)
	at com.strobel.assembler.metadata.ClassFileReader.readClass(ClassFileReader.java:605)
	at com.strobel.assembler.metadata.MetadataSystem.resolveType(MetadataSystem.java:129)
	at com.strobel.decompiler.NoRetryMetadataSystem.resolveType(DecompilerDriver.java:475)
	at com.strobel.assembler.metadata.MetadataSystem.lookupTypeCore(MetadataSystem.java:86)
	at com.strobel.assembler.metadata.MetadataResolver.lookupType(MetadataResolver.java:46)
	at com.strobel.decompiler.DecompilerDriver.decompileType(DecompilerDriver.java:292)
	at com.strobel.decompiler.DecompilerDriver.decompileJar(DecompilerDriver.java:254)
	at com.strobel.decompiler.DecompilerDriver.main(DecompilerDriver.java:129)
java.lang.IndexOutOfBoundsException: Index -1 out of bounds for length 180
	at java.base/jdk.internal.util.Preconditions.outOfBounds(Preconditions.java:100)
	at java.base/jdk.internal.util.Preconditions.outOfBoundsCheckIndex(Preconditions.java:106)
	at java.base/jdk.internal.util.Preconditions.checkIndex(Preconditions.java:302)
	at java.base/java.util.Objects.checkIndex(Objects.java:365)
	at java.base/java.util.ArrayList.get(ArrayList.java:428)
	at com.strobel.assembler.ir.ConstantPool.get(ConstantPool.java:80)
	at com.strobel.assembler.metadata.ClassFileReader$Scope.lookupConstant(ClassFileReader.java:1584)
	at com.strobel.assembler.ir.MetadataReader.readAttributeCore(MetadataReader.java:180)
	at com.strobel.assembler.metadata.ClassFileReader.readAttributeCore(ClassFileReader.java:431)
	at com.strobel.assembler.ir.MetadataReader.readAttribute(MetadataReader.java:52)
	at com.strobel.assembler.ir.MetadataReader.readAttributes(MetadataReader.java:42)
	at com.strobel.assembler.metadata.ClassFileReader.readAttributeCore(ClassFileReader.java:205)
	at com.strobel.assembler.ir.MetadataReader.inflateAttribute(MetadataReader.java:394)
	at com.strobel.assembler.ir.MetadataReader.inflateAttributes(MetadataReader.java:371)
	at com.strobel.assembler.metadata.ClassFileReader.defineMethods(ClassFileReader.java:1247)
	at com.strobel.assembler.metadata.ClassFileReader.readClass(ClassFileReader.java:669)
	at com.strobel.assembler.metadata.ClassFileReader.readClass(ClassFileReader.java:605)
	at com.strobel.assembler.metadata.MetadataSystem.resolveType(MetadataSystem.java:129)
	at com.strobel.decompiler.NoRetryMetadataSystem.resolveType(DecompilerDriver.java:475)
	at com.strobel.assembler.metadata.MetadataSystem.lookupTypeCore(MetadataSystem.java:86)
	at com.strobel.assembler.metadata.MetadataResolver.lookupType(MetadataResolver.java:46)
	at com.strobel.decompiler.DecompilerDriver.decompileType(DecompilerDriver.java:292)
	at com.strobel.decompiler.DecompilerDriver.decompileJar(DecompilerDriver.java:254)
	at com.strobel.decompiler.DecompilerDriver.main(DecompilerDriver.java:129)
java.lang.IndexOutOfBoundsException: Index -1 out of bounds for length 15
	at java.base/jdk.internal.util.Preconditions.outOfBounds(Preconditions.java:100)
	at java.base/jdk.internal.util.Preconditions.outOfBoundsCheckIndex(Preconditions.java:106)
	at java.base/jdk.internal.util.Preconditions.checkIndex(Preconditions.java:302)
	at java.base/java.util.Objects.checkIndex(Objects.java:365)
	at java.base/java.util.ArrayList.get(ArrayList.java:428)
	at com.strobel.assembler.ir.ConstantPool.get(ConstantPool.java:80)
	at com.strobel.assembler.metadata.ClassFileReader$Scope.lookupConstant(ClassFileReader.java:1584)
	at com.strobel.assembler.ir.MetadataReader.readAttributeCore(MetadataReader.java:180)
	at com.strobel.assembler.metadata.ClassFileReader.readAttributeCore(ClassFileReader.java:431)
	at com.strobel.assembler.ir.MetadataReader.readAttribute(MetadataReader.java:52)
	at com.strobel.assembler.ir.MetadataReader.readAttributes(MetadataReader.java:42)
	at com.strobel.assembler.metadata.ClassFileReader.readAttributeCore(ClassFileReader.java:205)
	at com.strobel.assembler.ir.MetadataReader.inflateAttribute(MetadataReader.java:394)
	at com.strobel.assembler.ir.MetadataReader.inflateAttributes(MetadataReader.java:371)
	at com.strobel.assembler.metadata.ClassFileReader.defineMethods(ClassFileReader.java:1247)
	at com.strobel.assembler.metadata.ClassFileReader.readClass(ClassFileReader.java:669)
	at com.strobel.assembler.metadata.ClassFileReader.readClass(ClassFileReader.java:605)
	at com.strobel.assembler.metadata.MetadataSystem.resolveType(MetadataSystem.java:129)
	at com.strobel.decompiler.NoRetryMetadataSystem.resolveType(DecompilerDriver.java:475)
	at com.strobel.assembler.metadata.MetadataSystem.lookupTypeCore(MetadataSystem.java:86)
	at com.strobel.assembler.metadata.MetadataResolver.lookupType(MetadataResolver.java:46)
	at com.strobel.decompiler.DecompilerDriver.decompileType(DecompilerDriver.java:292)
	at com.strobel.decompiler.DecompilerDriver.decompileJar(DecompilerDriver.java:254)
	at com.strobel.decompiler.DecompilerDriver.main(DecompilerDriver.java:129)
java.lang.IndexOutOfBoundsException: Index -1 out of bounds for length 59
	at java.base/jdk.internal.util.Preconditions.outOfBounds(Preconditions.java:100)
	at java.base/jdk.internal.util.Preconditions.outOfBoundsCheckIndex(Preconditions.java:106)
	at java.base/jdk.internal.util.Preconditions.checkIndex(Preconditions.java:302)
	at java.base/java.util.Objects.checkIndex(Objects.java:365)
	at java.base/java.util.ArrayList.get(ArrayList.java:428)
	at com.strobel.assembler.ir.ConstantPool.get(ConstantPool.java:80)
	at com.strobel.assembler.metadata.ClassFileReader$Scope.lookupConstant(ClassFileReader.java:1584)
	at com.strobel.assembler.ir.MetadataReader.readAttributeCore(MetadataReader.java:180)
	at com.strobel.assembler.metadata.ClassFileReader.readAttributeCore(ClassFileReader.java:431)
	at com.strobel.assembler.ir.MetadataReader.readAttribute(MetadataReader.java:52)
	at com.strobel.assembler.ir.MetadataReader.readAttributes(MetadataReader.java:42)
	at com.strobel.assembler.metadata.ClassFileReader.readAttributeCore(ClassFileReader.java:205)
	at com.strobel.assembler.ir.MetadataReader.inflateAttribute(MetadataReader.java:394)
	at com.strobel.assembler.ir.MetadataReader.inflateAttributes(MetadataReader.java:371)
	at com.strobel.assembler.metadata.ClassFileReader.defineMethods(ClassFileReader.java:1247)
	at com.strobel.assembler.metadata.ClassFileReader.readClass(ClassFileReader.java:669)
	at com.strobel.assembler.metadata.ClassFileReader.readClass(ClassFileReader.java:605)
	at com.strobel.assembler.metadata.MetadataSystem.resolveType(MetadataSystem.java:129)
	at com.strobel.decompiler.NoRetryMetadataSystem.resolveType(DecompilerDriver.java:475)
	at com.strobel.assembler.metadata.MetadataSystem.lookupTypeCore(MetadataSystem.java:86)
	at com.strobel.assembler.metadata.MetadataResolver.lookupType(MetadataResolver.java:46)
	at com.strobel.decompiler.DecompilerDriver.decompileType(DecompilerDriver.java:292)
	at com.strobel.decompiler.DecompilerDriver.decompileJar(DecompilerDriver.java:254)
	at com.strobel.decompiler.DecompilerDriver.main(DecompilerDriver.java:129)
java.lang.IndexOutOfBoundsException: Index -1 out of bounds for length 23
	at java.base/jdk.internal.util.Preconditions.outOfBounds(Preconditions.java:100)
	at java.base/jdk.internal.util.Preconditions.outOfBoundsCheckIndex(Preconditions.java:106)
	at java.base/jdk.internal.util.Preconditions.checkIndex(Preconditions.java:302)
	at java.base/java.util.Objects.checkIndex(Objects.java:365)
	at java.base/java.util.ArrayList.get(ArrayList.java:428)
	at com.strobel.assembler.ir.ConstantPool.get(ConstantPool.java:80)
	at com.strobel.assembler.metadata.ClassFileReader$Scope.lookupConstant(ClassFileReader.java:1584)
	at com.strobel.assembler.ir.MetadataReader.readAttributeCore(MetadataReader.java:180)
	at com.strobel.assembler.metadata.ClassFileReader.readAttributeCore(ClassFileReader.java:431)
	at com.strobel.assembler.ir.MetadataReader.readAttribute(MetadataReader.java:52)
	at com.strobel.assembler.ir.MetadataReader.readAttributes(MetadataReader.java:42)
	at com.strobel.assembler.metadata.ClassFileReader.readAttributeCore(ClassFileReader.java:205)
	at com.strobel.assembler.ir.MetadataReader.inflateAttribute(MetadataReader.java:394)
	at com.strobel.assembler.ir.MetadataReader.inflateAttributes(MetadataReader.java:371)
	at com.strobel.assembler.metadata.ClassFileReader.defineMethods(ClassFileReader.java:1247)
	at com.strobel.assembler.metadata.ClassFileReader.readClass(ClassFileReader.java:669)
	at com.strobel.assembler.metadata.ClassFileReader.readClass(ClassFileReader.java:605)
	at com.strobel.assembler.metadata.MetadataSystem.resolveType(MetadataSystem.java:129)
	at com.strobel.decompiler.NoRetryMetadataSystem.resolveType(DecompilerDriver.java:475)
	at com.strobel.assembler.metadata.MetadataSystem.resolveCore(MetadataSystem.java:81)
	at com.strobel.assembler.metadata.MetadataResolver.resolve(MetadataResolver.java:104)
	at com.strobel.assembler.metadata.CoreMetadataFactory$UnresolvedType.resolve(CoreMetadataFactory.java:616)
	at com.strobel.assembler.metadata.ClassFileReader.checkSealed0(ClassFileReader.java:939)
	at com.strobel.assembler.metadata.ClassFileReader.populatePermittedSubclasses(ClassFileReader.java:924)
	at com.strobel.assembler.metadata.ClassFileReader.visitAttributes(ClassFileReader.java:1427)
	at com.strobel.assembler.metadata.ClassFileReader.readClass(ClassFileReader.java:667)
	at com.strobel.assembler.metadata.ClassFileReader.readClass(ClassFileReader.java:605)
	at com.strobel.assembler.metadata.MetadataSystem.resolveType(MetadataSystem.java:129)
	at com.strobel.decompiler.NoRetryMetadataSystem.resolveType(DecompilerDriver.java:475)
	at com.strobel.assembler.metadata.MetadataSystem.lookupTypeCore(MetadataSystem.java:86)
	at com.strobel.assembler.metadata.MetadataResolver.lookupType(MetadataResolver.java:46)
	at com.strobel.decompiler.DecompilerDriver.decompileType(DecompilerDriver.java:292)
	at com.strobel.decompiler.DecompilerDriver.decompileJar(DecompilerDriver.java:254)
	at com.strobel.decompiler.DecompilerDriver.main(DecompilerDriver.java:129)
java.lang.IndexOutOfBoundsException: Index -1 out of bounds for length 50
	at java.base/jdk.internal.util.Preconditions.outOfBounds(Preconditions.java:100)
	at java.base/jdk.internal.util.Preconditions.outOfBoundsCheckIndex(Preconditions.java:106)
	at java.base/jdk.internal.util.Preconditions.checkIndex(Preconditions.java:302)
	at java.base/java.util.Objects.checkIndex(Objects.java:365)
	at java.base/java.util.ArrayList.get(ArrayList.java:428)
	at com.strobel.assembler.ir.ConstantPool.get(ConstantPool.java:80)
	at com.strobel.assembler.metadata.ClassFileReader$Scope.lookupConstant(ClassFileReader.java:1584)
	at com.strobel.assembler.ir.MetadataReader.readAttributeCore(MetadataReader.java:180)
	at com.strobel.assembler.metadata.ClassFileReader.readAttributeCore(ClassFileReader.java:431)
	at com.strobel.assembler.ir.MetadataReader.readAttribute(MetadataReader.java:52)
	at com.strobel.assembler.ir.MetadataReader.readAttributes(MetadataReader.java:42)
	at com.strobel.assembler.metadata.ClassFileReader.readAttributeCore(ClassFileReader.java:205)
	at com.strobel.assembler.ir.MetadataReader.inflateAttribute(MetadataReader.java:394)
	at com.strobel.assembler.ir.MetadataReader.inflateAttributes(MetadataReader.java:371)
	at com.strobel.assembler.metadata.ClassFileReader.defineMethods(ClassFileReader.java:1247)
	at com.strobel.assembler.metadata.ClassFileReader.readClass(ClassFileReader.java:669)
	at com.strobel.assembler.metadata.ClassFileReader.readClass(ClassFileReader.java:605)
	at com.strobel.assembler.metadata.MetadataSystem.resolveType(MetadataSystem.java:129)
	at com.strobel.decompiler.NoRetryMetadataSystem.resolveType(DecompilerDriver.java:475)
	at com.strobel.assembler.metadata.MetadataSystem.lookupTypeCore(MetadataSystem.java:86)
	at com.strobel.assembler.metadata.MetadataResolver.lookupType(MetadataResolver.java:46)
	at com.strobel.decompiler.DecompilerDriver.decompileType(DecompilerDriver.java:292)
	at com.strobel.decompiler.DecompilerDriver.decompileJar(DecompilerDriver.java:254)
	at com.strobel.decompiler.DecompilerDriver.main(DecompilerDriver.java:129)
java.lang.IndexOutOfBoundsException: Index -1 out of bounds for length 578
	at java.base/jdk.internal.util.Preconditions.outOfBounds(Preconditions.java:100)
	at java.base/jdk.internal.util.Preconditions.outOfBoundsCheckIndex(Preconditions.java:106)
	at java.base/jdk.internal.util.Preconditions.checkIndex(Preconditions.java:302)
	at java.base/java.util.Objects.checkIndex(Objects.java:365)
	at java.base/java.util.ArrayList.get(ArrayList.java:428)
	at com.strobel.assembler.ir.ConstantPool.get(ConstantPool.java:80)
	at com.strobel.assembler.metadata.ClassFileReader$Scope.lookupConstant(ClassFileReader.java:1584)
	at com.strobel.assembler.ir.MetadataReader.readAttributeCore(MetadataReader.java:180)
	at com.strobel.assembler.metadata.ClassFileReader.readAttributeCore(ClassFileReader.java:431)
	at com.strobel.assembler.ir.MetadataReader.readAttribute(MetadataReader.java:52)
	at com.strobel.assembler.ir.MetadataReader.readAttributes(MetadataReader.java:42)
	at com.strobel.assembler.metadata.ClassFileReader.readAttributeCore(ClassFileReader.java:205)
	at com.strobel.assembler.ir.MetadataReader.inflateAttribute(MetadataReader.java:394)
	at com.strobel.assembler.ir.MetadataReader.inflateAttributes(MetadataReader.java:371)
	at com.strobel.assembler.metadata.ClassFileReader.defineMethods(ClassFileReader.java:1247)
	at com.strobel.assembler.metadata.ClassFileReader.readClass(ClassFileReader.java:669)
	at com.strobel.assembler.metadata.ClassFileReader.readClass(ClassFileReader.java:605)
	at com.strobel.assembler.metadata.MetadataSystem.resolveType(MetadataSystem.java:129)
	at com.strobel.decompiler.NoRetryMetadataSystem.resolveType(DecompilerDriver.java:475)
	at com.strobel.assembler.metadata.MetadataSystem.resolveCore(MetadataSystem.java:81)
	at com.strobel.assembler.metadata.MetadataResolver.resolve(MetadataResolver.java:104)
	at com.strobel.assembler.metadata.CoreMetadataFactory$UnresolvedType.resolve(CoreMetadataFactory.java:616)
	at com.strobel.assembler.metadata.ClassFileReader.checkSealed0(ClassFileReader.java:939)
	at com.strobel.assembler.metadata.ClassFileReader.populatePermittedSubclasses(ClassFileReader.java:924)
	at com.strobel.assembler.metadata.ClassFileReader.visitAttributes(ClassFileReader.java:1427)
	at com.strobel.assembler.metadata.ClassFileReader.readClass(ClassFileReader.java:667)
	at com.strobel.assembler.metadata.ClassFileReader.readClass(ClassFileReader.java:605)
	at com.strobel.assembler.metadata.MetadataSystem.resolveType(MetadataSystem.java:129)
	at com.strobel.decompiler.NoRetryMetadataSystem.resolveType(DecompilerDriver.java:475)
	at com.strobel.assembler.metadata.MetadataSystem.lookupTypeCore(MetadataSystem.java:86)
	at com.strobel.assembler.metadata.MetadataResolver.lookupType(MetadataResolver.java:46)
	at com.strobel.decompiler.DecompilerDriver.decompileType(DecompilerDriver.java:292)
	at com.strobel.decompiler.DecompilerDriver.decompileJar(DecompilerDriver.java:254)
	at com.strobel.decompiler.DecompilerDriver.main(DecompilerDriver.java:129)
java.lang.IndexOutOfBoundsException: Index -1 out of bounds for length 60
	at java.base/jdk.internal.util.Preconditions.outOfBounds(Preconditions.java:100)
	at java.base/jdk.internal.util.Preconditions.outOfBoundsCheckIndex(Preconditions.java:106)
	at java.base/jdk.internal.util.Preconditions.checkIndex(Preconditions.java:302)
	at java.base/java.util.Objects.checkIndex(Objects.java:365)
	at java.base/java.util.ArrayList.get(ArrayList.java:428)
	at com.strobel.assembler.ir.ConstantPool.get(ConstantPool.java:80)
	at com.strobel.assembler.metadata.ClassFileReader$Scope.lookupConstant(ClassFileReader.java:1584)
	at com.strobel.assembler.ir.MetadataReader.readAttributeCore(MetadataReader.java:180)
	at com.strobel.assembler.metadata.ClassFileReader.readAttributeCore(ClassFileReader.java:431)
	at com.strobel.assembler.ir.MetadataReader.readAttribute(MetadataReader.java:52)
	at com.strobel.assembler.ir.MetadataReader.readAttributes(MetadataReader.java:42)
	at com.strobel.assembler.metadata.ClassFileReader.readAttributeCore(ClassFileReader.java:205)
	at com.strobel.assembler.ir.MetadataReader.inflateAttribute(MetadataReader.java:394)
	at com.strobel.assembler.ir.MetadataReader.inflateAttributes(MetadataReader.java:371)
	at com.strobel.assembler.metadata.ClassFileReader.defineMethods(ClassFileReader.java:1247)
	at com.strobel.assembler.metadata.ClassFileReader.readClass(ClassFileReader.java:669)
	at com.strobel.assembler.metadata.ClassFileReader.readClass(ClassFileReader.java:605)
	at com.strobel.assembler.metadata.MetadataSystem.resolveType(MetadataSystem.java:129)
	at com.strobel.decompiler.NoRetryMetadataSystem.resolveType(DecompilerDriver.java:475)
	at com.strobel.assembler.metadata.MetadataSystem.lookupTypeCore(MetadataSystem.java:86)
	at com.strobel.assembler.metadata.MetadataResolver.lookupType(MetadataResolver.java:46)
	at com.strobel.decompiler.DecompilerDriver.decompileType(DecompilerDriver.java:292)
	at com.strobel.decompiler.DecompilerDriver.decompileJar(DecompilerDriver.java:254)
	at com.strobel.decompiler.DecompilerDriver.main(DecompilerDriver.java:129)
java.lang.IndexOutOfBoundsException: Index -1 out of bounds for length 98
	at java.base/jdk.internal.util.Preconditions.outOfBounds(Preconditions.java:100)
	at java.base/jdk.internal.util.Preconditions.outOfBoundsCheckIndex(Preconditions.java:106)
	at java.base/jdk.internal.util.Preconditions.checkIndex(Preconditions.java:302)
	at java.base/java.util.Objects.checkIndex(Objects.java:365)
	at java.base/java.util.ArrayList.get(ArrayList.java:428)
	at com.strobel.assembler.ir.ConstantPool.get(ConstantPool.java:80)
	at com.strobel.assembler.metadata.ClassFileReader$Scope.lookupConstant(ClassFileReader.java:1584)
	at com.strobel.assembler.ir.MetadataReader.readAttributeCore(MetadataReader.java:180)
	at com.strobel.assembler.metadata.ClassFileReader.readAttributeCore(ClassFileReader.java:431)
	at com.strobel.assembler.ir.MetadataReader.readAttribute(MetadataReader.java:52)
	at com.strobel.assembler.ir.MetadataReader.readAttributes(MetadataReader.java:42)
	at com.strobel.assembler.metadata.ClassFileReader.readAttributeCore(ClassFileReader.java:205)
	at com.strobel.assembler.ir.MetadataReader.inflateAttribute(MetadataReader.java:394)
	at com.strobel.assembler.ir.MetadataReader.inflateAttributes(MetadataReader.java:371)
	at com.strobel.assembler.metadata.ClassFileReader.defineMethods(ClassFileReader.java:1247)
	at com.strobel.assembler.metadata.ClassFileReader.readClass(ClassFileReader.java:669)
	at com.strobel.assembler.metadata.ClassFileReader.readClass(ClassFileReader.java:605)
	at com.strobel.assembler.metadata.MetadataSystem.resolveType(MetadataSystem.java:129)
	at com.strobel.decompiler.NoRetryMetadataSystem.resolveType(DecompilerDriver.java:475)
	at com.strobel.assembler.metadata.MetadataSystem.lookupTypeCore(MetadataSystem.java:86)
	at com.strobel.assembler.metadata.MetadataResolver.lookupType(MetadataResolver.java:46)
	at com.strobel.decompiler.DecompilerDriver.decompileType(DecompilerDriver.java:292)
	at com.strobel.decompiler.DecompilerDriver.decompileJar(DecompilerDriver.java:254)
	at com.strobel.decompiler.DecompilerDriver.main(DecompilerDriver.java:129)
java.lang.IndexOutOfBoundsException: Index -1 out of bounds for length 123
	at java.base/jdk.internal.util.Preconditions.outOfBounds(Preconditions.java:100)
	at java.base/jdk.internal.util.Preconditions.outOfBoundsCheckIndex(Preconditions.java:106)
	at java.base/jdk.internal.util.Preconditions.checkIndex(Preconditions.java:302)
	at java.base/java.util.Objects.checkIndex(Objects.java:365)
	at java.base/java.util.ArrayList.get(ArrayList.java:428)
	at com.strobel.assembler.ir.ConstantPool.get(ConstantPool.java:80)
	at com.strobel.assembler.metadata.ClassFileReader$Scope.lookupConstant(ClassFileReader.java:1584)
	at com.strobel.assembler.ir.MetadataReader.readAttributeCore(MetadataReader.java:180)
	at com.strobel.assembler.metadata.ClassFileReader.readAttributeCore(ClassFileReader.java:431)
	at com.strobel.assembler.ir.MetadataReader.readAttribute(MetadataReader.java:52)
	at com.strobel.assembler.ir.MetadataReader.readAttributes(MetadataReader.java:42)
	at com.strobel.assembler.metadata.ClassFileReader.readAttributeCore(ClassFileReader.java:205)
	at com.strobel.assembler.ir.MetadataReader.inflateAttribute(MetadataReader.java:394)
	at com.strobel.assembler.ir.MetadataReader.inflateAttributes(MetadataReader.java:371)
	at com.strobel.assembler.metadata.ClassFileReader.defineMethods(ClassFileReader.java:1247)
	at com.strobel.assembler.metadata.ClassFileReader.readClass(ClassFileReader.java:669)
	at com.strobel.assembler.metadata.ClassFileReader.readClass(ClassFileReader.java:605)
	at com.strobel.assembler.metadata.MetadataSystem.resolveType(MetadataSystem.java:129)
	at com.strobel.decompiler.NoRetryMetadataSystem.resolveType(DecompilerDriver.java:475)
	at com.strobel.assembler.metadata.MetadataSystem.lookupTypeCore(MetadataSystem.java:86)
	at com.strobel.assembler.metadata.MetadataResolver.lookupType(MetadataResolver.java:46)
	at com.strobel.decompiler.DecompilerDriver.decompileType(DecompilerDriver.java:292)
	at com.strobel.decompiler.DecompilerDriver.decompileJar(DecompilerDriver.java:254)
	at com.strobel.decompiler.DecompilerDriver.main(DecompilerDriver.java:129)
java.lang.IndexOutOfBoundsException: Index -1 out of bounds for length 25
	at java.base/jdk.internal.util.Preconditions.outOfBounds(Preconditions.java:100)
	at java.base/jdk.internal.util.Preconditions.outOfBoundsCheckIndex(Preconditions.java:106)
	at java.base/jdk.internal.util.Preconditions.checkIndex(Preconditions.java:302)
	at java.base/java.util.Objects.checkIndex(Objects.java:365)
	at java.base/java.util.ArrayList.get(ArrayList.java:428)
	at com.strobel.assembler.ir.ConstantPool.get(ConstantPool.java:80)
	at com.strobel.assembler.metadata.ClassFileReader$Scope.lookupConstant(ClassFileReader.java:1584)
	at com.strobel.assembler.ir.MetadataReader.readAttributeCore(MetadataReader.java:180)
	at com.strobel.assembler.metadata.ClassFileReader.readAttributeCore(ClassFileReader.java:431)
	at com.strobel.assembler.ir.MetadataReader.readAttribute(MetadataReader.java:52)
	at com.strobel.assembler.ir.MetadataReader.readAttributes(MetadataReader.java:42)
	at com.strobel.assembler.metadata.ClassFileReader.readAttributeCore(ClassFileReader.java:205)
	at com.strobel.assembler.ir.MetadataReader.inflateAttribute(MetadataReader.java:394)
	at com.strobel.assembler.ir.MetadataReader.inflateAttributes(MetadataReader.java:371)
	at com.strobel.assembler.metadata.ClassFileReader.defineMethods(ClassFileReader.java:1247)
	at com.strobel.assembler.metadata.ClassFileReader.readClass(ClassFileReader.java:669)
	at com.strobel.assembler.metadata.ClassFileReader.readClass(ClassFileReader.java:605)
	at com.strobel.assembler.metadata.MetadataSystem.resolveType(MetadataSystem.java:129)
	at com.strobel.decompiler.NoRetryMetadataSystem.resolveType(DecompilerDriver.java:475)
	at com.strobel.assembler.metadata.MetadataSystem.lookupTypeCore(MetadataSystem.java:86)
	at com.strobel.assembler.metadata.MetadataResolver.lookupType(MetadataResolver.java:46)
	at com.strobel.decompiler.DecompilerDriver.decompileType(DecompilerDriver.java:292)
	at com.strobel.decompiler.DecompilerDriver.decompileJar(DecompilerDriver.java:254)
	at com.strobel.decompiler.DecompilerDriver.main(DecompilerDriver.java:129)
java.lang.IndexOutOfBoundsException: Index -1 out of bounds for length 171
	at java.base/jdk.internal.util.Preconditions.outOfBounds(Preconditions.java:100)
	at java.base/jdk.internal.util.Preconditions.outOfBoundsCheckIndex(Preconditions.java:106)
	at java.base/jdk.internal.util.Preconditions.checkIndex(Preconditions.java:302)
	at java.base/java.util.Objects.checkIndex(Objects.java:365)
	at java.base/java.util.ArrayList.get(ArrayList.java:428)
	at com.strobel.assembler.ir.ConstantPool.get(ConstantPool.java:80)
	at com.strobel.assembler.metadata.ClassFileReader$Scope.lookupConstant(ClassFileReader.java:1584)
	at com.strobel.assembler.ir.MetadataReader.readAttributeCore(MetadataReader.java:180)
	at com.strobel.assembler.metadata.ClassFileReader.readAttributeCore(ClassFileReader.java:431)
	at com.strobel.assembler.ir.MetadataReader.readAttribute(MetadataReader.java:52)
	at com.strobel.assembler.ir.MetadataReader.readAttributes(MetadataReader.java:42)
	at com.strobel.assembler.metadata.ClassFileReader.readAttributeCore(ClassFileReader.java:205)
	at com.strobel.assembler.ir.MetadataReader.inflateAttribute(MetadataReader.java:394)
	at com.strobel.assembler.ir.MetadataReader.inflateAttributes(MetadataReader.java:371)
	at com.strobel.assembler.metadata.ClassFileReader.defineMethods(ClassFileReader.java:1247)
	at com.strobel.assembler.metadata.ClassFileReader.readClass(ClassFileReader.java:669)
	at com.strobel.assembler.metadata.ClassFileReader.readClass(ClassFileReader.java:605)
	at com.strobel.assembler.metadata.MetadataSystem.resolveType(MetadataSystem.java:129)
	at com.strobel.decompiler.NoRetryMetadataSystem.resolveType(DecompilerDriver.java:475)
	at com.strobel.assembler.metadata.MetadataSystem.lookupTypeCore(MetadataSystem.java:86)
	at com.strobel.assembler.metadata.MetadataResolver.lookupType(MetadataResolver.java:46)
	at com.strobel.decompiler.DecompilerDriver.decompileType(DecompilerDriver.java:292)
	at com.strobel.decompiler.DecompilerDriver.decompileJar(DecompilerDriver.java:254)
	at com.strobel.decompiler.DecompilerDriver.main(DecompilerDriver.java:129)
java.lang.IndexOutOfBoundsException: Index -1 out of bounds for length 147
	at java.base/jdk.internal.util.Preconditions.outOfBounds(Preconditions.java:100)
	at java.base/jdk.internal.util.Preconditions.outOfBoundsCheckIndex(Preconditions.java:106)
	at java.base/jdk.internal.util.Preconditions.checkIndex(Preconditions.java:302)
	at java.base/java.util.Objects.checkIndex(Objects.java:365)
	at java.base/java.util.ArrayList.get(ArrayList.java:428)
	at com.strobel.assembler.ir.ConstantPool.get(ConstantPool.java:80)
	at com.strobel.assembler.metadata.ClassFileReader$Scope.lookupConstant(ClassFileReader.java:1584)
	at com.strobel.assembler.ir.MetadataReader.readAttributeCore(MetadataReader.java:180)
	at com.strobel.assembler.metadata.ClassFileReader.readAttributeCore(ClassFileReader.java:431)
	at com.strobel.assembler.ir.MetadataReader.readAttribute(MetadataReader.java:52)
	at com.strobel.assembler.ir.MetadataReader.readAttributes(MetadataReader.java:42)
	at com.strobel.assembler.metadata.ClassFileReader.readAttributeCore(ClassFileReader.java:205)
	at com.strobel.assembler.ir.MetadataReader.inflateAttribute(MetadataReader.java:394)
	at com.strobel.assembler.ir.MetadataReader.inflateAttributes(MetadataReader.java:371)
	at com.strobel.assembler.metadata.ClassFileReader.defineMethods(ClassFileReader.java:1247)
	at com.strobel.assembler.metadata.ClassFileReader.readClass(ClassFileReader.java:669)
	at com.strobel.assembler.metadata.ClassFileReader.readClass(ClassFileReader.java:605)
	at com.strobel.assembler.metadata.MetadataSystem.resolveType(MetadataSystem.java:129)
	at com.strobel.decompiler.NoRetryMetadataSystem.resolveType(DecompilerDriver.java:475)
	at com.strobel.assembler.metadata.MetadataSystem.lookupTypeCore(MetadataSystem.java:86)
	at com.strobel.assembler.metadata.MetadataResolver.lookupType(MetadataResolver.java:46)
	at com.strobel.decompiler.DecompilerDriver.decompileType(DecompilerDriver.java:292)
	at com.strobel.decompiler.DecompilerDriver.decompileJar(DecompilerDriver.java:254)
	at com.strobel.decompiler.DecompilerDriver.main(DecompilerDriver.java:129)
java.lang.IndexOutOfBoundsException: Index -1 out of bounds for length 578
	at java.base/jdk.internal.util.Preconditions.outOfBounds(Preconditions.java:100)
	at java.base/jdk.internal.util.Preconditions.outOfBoundsCheckIndex(Preconditions.java:106)
	at java.base/jdk.internal.util.Preconditions.checkIndex(Preconditions.java:302)
	at java.base/java.util.Objects.checkIndex(Objects.java:365)
	at java.base/java.util.ArrayList.get(ArrayList.java:428)
	at com.strobel.assembler.ir.ConstantPool.get(ConstantPool.java:80)
	at com.strobel.assembler.metadata.ClassFileReader$Scope.lookupConstant(ClassFileReader.java:1584)
	at com.strobel.assembler.ir.MetadataReader.readAttributeCore(MetadataReader.java:180)
	at com.strobel.assembler.metadata.ClassFileReader.readAttributeCore(ClassFileReader.java:431)
	at com.strobel.assembler.ir.MetadataReader.readAttribute(MetadataReader.java:52)
	at com.strobel.assembler.ir.MetadataReader.readAttributes(MetadataReader.java:42)
	at com.strobel.assembler.metadata.ClassFileReader.readAttributeCore(ClassFileReader.java:205)
	at com.strobel.assembler.ir.MetadataReader.inflateAttribute(MetadataReader.java:394)
	at com.strobel.assembler.ir.MetadataReader.inflateAttributes(MetadataReader.java:371)
	at com.strobel.assembler.metadata.ClassFileReader.defineMethods(ClassFileReader.java:1247)
	at com.strobel.assembler.metadata.ClassFileReader.readClass(ClassFileReader.java:669)
	at com.strobel.assembler.metadata.ClassFileReader.readClass(ClassFileReader.java:605)
	at com.strobel.assembler.metadata.MetadataSystem.resolveType(MetadataSystem.java:129)
	at com.strobel.decompiler.NoRetryMetadataSystem.resolveType(DecompilerDriver.java:475)
	at com.strobel.assembler.metadata.MetadataSystem.resolveCore(MetadataSystem.java:81)
	at com.strobel.assembler.metadata.MetadataResolver.resolve(MetadataResolver.java:104)
	at com.strobel.assembler.metadata.CoreMetadataFactory$UnresolvedType.resolve(CoreMetadataFactory.java:616)
	at com.strobel.assembler.metadata.ClassFileReader.checkSealed0(ClassFileReader.java:939)
	at com.strobel.assembler.metadata.ClassFileReader.populatePermittedSubclasses(ClassFileReader.java:924)
	at com.strobel.assembler.metadata.ClassFileReader.visitAttributes(ClassFileReader.java:1427)
	at com.strobel.assembler.metadata.ClassFileReader.readClass(ClassFileReader.java:667)
	at com.strobel.assembler.metadata.ClassFileReader.readClass(ClassFileReader.java:605)
	at com.strobel.assembler.metadata.MetadataSystem.resolveType(MetadataSystem.java:129)
	at com.strobel.decompiler.NoRetryMetadataSystem.resolveType(DecompilerDriver.java:475)
	at com.strobel.assembler.metadata.MetadataSystem.lookupTypeCore(MetadataSystem.java:86)
	at com.strobel.assembler.metadata.MetadataResolver.lookupType(MetadataResolver.java:46)
	at com.strobel.decompiler.DecompilerDriver.decompileType(DecompilerDriver.java:292)
	at com.strobel.decompiler.DecompilerDriver.decompileJar(DecompilerDriver.java:254)
	at com.strobel.decompiler.DecompilerDriver.main(DecompilerDriver.java:129)
java.lang.IndexOutOfBoundsException: Index -1 out of bounds for length 226
	at java.base/jdk.internal.util.Preconditions.outOfBounds(Preconditions.java:100)
	at java.base/jdk.internal.util.Preconditions.outOfBoundsCheckIndex(Preconditions.java:106)
	at java.base/jdk.internal.util.Preconditions.checkIndex(Preconditions.java:302)
	at java.base/java.util.Objects.checkIndex(Objects.java:365)
	at java.base/java.util.ArrayList.get(ArrayList.java:428)
	at com.strobel.assembler.ir.ConstantPool.get(ConstantPool.java:80)
	at com.strobel.assembler.metadata.ClassFileReader$Scope.lookupConstant(ClassFileReader.java:1584)
	at com.strobel.assembler.ir.MetadataReader.readAttributeCore(MetadataReader.java:180)
	at com.strobel.assembler.metadata.ClassFileReader.readAttributeCore(ClassFileReader.java:431)
	at com.strobel.assembler.ir.MetadataReader.readAttribute(MetadataReader.java:52)
	at com.strobel.assembler.ir.MetadataReader.readAttributes(MetadataReader.java:42)
	at com.strobel.assembler.metadata.ClassFileReader.readAttributeCore(ClassFileReader.java:205)
	at com.strobel.assembler.ir.MetadataReader.inflateAttribute(MetadataReader.java:394)
	at com.strobel.assembler.ir.MetadataReader.inflateAttributes(MetadataReader.java:371)
	at com.strobel.assembler.metadata.ClassFileReader.defineMethods(ClassFileReader.java:1247)
	at com.strobel.assembler.metadata.ClassFileReader.readClass(ClassFileReader.java:669)
	at com.strobel.assembler.metadata.ClassFileReader.readClass(ClassFileReader.java:605)
	at com.strobel.assembler.metadata.MetadataSystem.resolveType(MetadataSystem.java:129)
	at com.strobel.decompiler.NoRetryMetadataSystem.resolveType(DecompilerDriver.java:475)
	at com.strobel.assembler.metadata.MetadataSystem.lookupTypeCore(MetadataSystem.java:86)
	at com.strobel.assembler.metadata.MetadataResolver.lookupType(MetadataResolver.java:46)
	at com.strobel.decompiler.DecompilerDriver.decompileType(DecompilerDriver.java:292)
	at com.strobel.decompiler.DecompilerDriver.decompileJar(DecompilerDriver.java:254)
	at com.strobel.decompiler.DecompilerDriver.main(DecompilerDriver.java:129)
java.lang.IndexOutOfBoundsException: Index -1 out of bounds for length 193
	at java.base/jdk.internal.util.Preconditions.outOfBounds(Preconditions.java:100)
	at java.base/jdk.internal.util.Preconditions.outOfBoundsCheckIndex(Preconditions.java:106)
	at java.base/jdk.internal.util.Preconditions.checkIndex(Preconditions.java:302)
	at java.base/java.util.Objects.checkIndex(Objects.java:365)
	at java.base/java.util.ArrayList.get(ArrayList.java:428)
	at com.strobel.assembler.ir.ConstantPool.get(ConstantPool.java:80)
	at com.strobel.assembler.metadata.ClassFileReader$Scope.lookupConstant(ClassFileReader.java:1584)
	at com.strobel.assembler.ir.MetadataReader.readAttributeCore(MetadataReader.java:180)
	at com.strobel.assembler.metadata.ClassFileReader.readAttributeCore(ClassFileReader.java:431)
	at com.strobel.assembler.ir.MetadataReader.readAttribute(MetadataReader.java:52)
	at com.strobel.assembler.ir.MetadataReader.readAttributes(MetadataReader.java:42)
	at com.strobel.assembler.metadata.ClassFileReader.readAttributeCore(ClassFileReader.java:205)
	at com.strobel.assembler.ir.MetadataReader.inflateAttribute(MetadataReader.java:394)
	at com.strobel.assembler.ir.MetadataReader.inflateAttributes(MetadataReader.java:371)
	at com.strobel.assembler.metadata.ClassFileReader.defineMethods(ClassFileReader.java:1247)
	at com.strobel.assembler.metadata.ClassFileReader.readClass(ClassFileReader.java:669)
	at com.strobel.assembler.metadata.ClassFileReader.readClass(ClassFileReader.java:605)
	at com.strobel.assembler.metadata.MetadataSystem.resolveType(MetadataSystem.java:129)
	at com.strobel.decompiler.NoRetryMetadataSystem.resolveType(DecompilerDriver.java:475)
	at com.strobel.assembler.metadata.MetadataSystem.resolveCore(MetadataSystem.java:81)
	at com.strobel.assembler.metadata.MetadataResolver.resolve(MetadataResolver.java:104)
	at com.strobel.assembler.metadata.CoreMetadataFactory$UnresolvedType.resolve(CoreMetadataFactory.java:616)
	at com.strobel.assembler.metadata.ClassFileReader.checkSealed0(ClassFileReader.java:939)
	at com.strobel.assembler.metadata.ClassFileReader.populatePermittedSubclasses(ClassFileReader.java:924)
	at com.strobel.assembler.metadata.ClassFileReader.visitAttributes(ClassFileReader.java:1427)
	at com.strobel.assembler.metadata.ClassFileReader.readClass(ClassFileReader.java:667)
	at com.strobel.assembler.metadata.ClassFileReader.readClass(ClassFileReader.java:605)
	at com.strobel.assembler.metadata.MetadataSystem.resolveType(MetadataSystem.java:129)
	at com.strobel.decompiler.NoRetryMetadataSystem.resolveType(DecompilerDriver.java:475)
	at com.strobel.assembler.metadata.MetadataSystem.lookupTypeCore(MetadataSystem.java:86)
	at com.strobel.assembler.metadata.MetadataResolver.lookupType(MetadataResolver.java:46)
	at com.strobel.decompiler.DecompilerDriver.decompileType(DecompilerDriver.java:292)
	at com.strobel.decompiler.DecompilerDriver.decompileJar(DecompilerDriver.java:254)
	at com.strobel.decompiler.DecompilerDriver.main(DecompilerDriver.java:129)
java.lang.IndexOutOfBoundsException: Index -1 out of bounds for length 105
	at java.base/jdk.internal.util.Preconditions.outOfBounds(Preconditions.java:100)
	at java.base/jdk.internal.util.Preconditions.outOfBoundsCheckIndex(Preconditions.java:106)
	at java.base/jdk.internal.util.Preconditions.checkIndex(Preconditions.java:302)
	at java.base/java.util.Objects.checkIndex(Objects.java:365)
	at java.base/java.util.ArrayList.get(ArrayList.java:428)
	at com.strobel.assembler.ir.ConstantPool.get(ConstantPool.java:80)
	at com.strobel.assembler.metadata.ClassFileReader$Scope.lookupConstant(ClassFileReader.java:1584)
	at com.strobel.assembler.ir.MetadataReader.readAttributeCore(MetadataReader.java:180)
	at com.strobel.assembler.metadata.ClassFileReader.readAttributeCore(ClassFileReader.java:431)
	at com.strobel.assembler.ir.MetadataReader.readAttribute(MetadataReader.java:52)
	at com.strobel.assembler.ir.MetadataReader.readAttributes(MetadataReader.java:42)
	at com.strobel.assembler.metadata.ClassFileReader.readAttributeCore(ClassFileReader.java:205)
	at com.strobel.assembler.ir.MetadataReader.inflateAttribute(MetadataReader.java:394)
	at com.strobel.assembler.ir.MetadataReader.inflateAttributes(MetadataReader.java:371)
	at com.strobel.assembler.metadata.ClassFileReader.defineMethods(ClassFileReader.java:1247)
	at com.strobel.assembler.metadata.ClassFileReader.readClass(ClassFileReader.java:669)
	at com.strobel.assembler.metadata.ClassFileReader.readClass(ClassFileReader.java:605)
	at com.strobel.assembler.metadata.MetadataSystem.resolveType(MetadataSystem.java:129)
	at com.strobel.decompiler.NoRetryMetadataSystem.resolveType(DecompilerDriver.java:475)
	at com.strobel.assembler.metadata.MetadataSystem.lookupTypeCore(MetadataSystem.java:86)
	at com.strobel.assembler.metadata.MetadataResolver.lookupType(MetadataResolver.java:46)
	at com.strobel.decompiler.DecompilerDriver.decompileType(DecompilerDriver.java:292)
	at com.strobel.decompiler.DecompilerDriver.decompileJar(DecompilerDriver.java:254)
	at com.strobel.decompiler.DecompilerDriver.main(DecompilerDriver.java:129)
java.lang.IndexOutOfBoundsException: Index -1 out of bounds for length 125
	at java.base/jdk.internal.util.Preconditions.outOfBounds(Preconditions.java:100)
	at java.base/jdk.internal.util.Preconditions.outOfBoundsCheckIndex(Preconditions.java:106)
	at java.base/jdk.internal.util.Preconditions.checkIndex(Preconditions.java:302)
	at java.base/java.util.Objects.checkIndex(Objects.java:365)
	at java.base/java.util.ArrayList.get(ArrayList.java:428)
	at com.strobel.assembler.ir.ConstantPool.get(ConstantPool.java:80)
	at com.strobel.assembler.metadata.ClassFileReader$Scope.lookupConstant(ClassFileReader.java:1584)
	at com.strobel.assembler.ir.MetadataReader.readAttributeCore(MetadataReader.java:180)
	at com.strobel.assembler.metadata.ClassFileReader.readAttributeCore(ClassFileReader.java:431)
	at com.strobel.assembler.ir.MetadataReader.readAttribute(MetadataReader.java:52)
	at com.strobel.assembler.ir.MetadataReader.readAttributes(MetadataReader.java:42)
	at com.strobel.assembler.metadata.ClassFileReader.readAttributeCore(ClassFileReader.java:205)
	at com.strobel.assembler.ir.MetadataReader.inflateAttribute(MetadataReader.java:394)
	at com.strobel.assembler.ir.MetadataReader.inflateAttributes(MetadataReader.java:371)
	at com.strobel.assembler.metadata.ClassFileReader.defineMethods(ClassFileReader.java:1247)
	at com.strobel.assembler.metadata.ClassFileReader.readClass(ClassFileReader.java:669)
	at com.strobel.assembler.metadata.ClassFileReader.readClass(ClassFileReader.java:605)
	at com.strobel.assembler.metadata.MetadataSystem.resolveType(MetadataSystem.java:129)
	at com.strobel.decompiler.NoRetryMetadataSystem.resolveType(DecompilerDriver.java:475)
	at com.strobel.assembler.metadata.MetadataSystem.lookupTypeCore(MetadataSystem.java:86)
	at com.strobel.assembler.metadata.MetadataResolver.lookupType(MetadataResolver.java:46)
	at com.strobel.decompiler.DecompilerDriver.decompileType(DecompilerDriver.java:292)
	at com.strobel.decompiler.DecompilerDriver.decompileJar(DecompilerDriver.java:254)
	at com.strobel.decompiler.DecompilerDriver.main(DecompilerDriver.java:129)
java.lang.IndexOutOfBoundsException: Index -1 out of bounds for length 23
	at java.base/jdk.internal.util.Preconditions.outOfBounds(Preconditions.java:100)
	at java.base/jdk.internal.util.Preconditions.outOfBoundsCheckIndex(Preconditions.java:106)
	at java.base/jdk.internal.util.Preconditions.checkIndex(Preconditions.java:302)
	at java.base/java.util.Objects.checkIndex(Objects.java:365)
	at java.base/java.util.ArrayList.get(ArrayList.java:428)
	at com.strobel.assembler.ir.ConstantPool.get(ConstantPool.java:80)
	at com.strobel.assembler.metadata.ClassFileReader$Scope.lookupConstant(ClassFileReader.java:1584)
	at com.strobel.assembler.ir.MetadataReader.readAttributeCore(MetadataReader.java:180)
	at com.strobel.assembler.metadata.ClassFileReader.readAttributeCore(ClassFileReader.java:431)
	at com.strobel.assembler.ir.MetadataReader.readAttribute(MetadataReader.java:52)
	at com.strobel.assembler.ir.MetadataReader.readAttributes(MetadataReader.java:42)
	at com.strobel.assembler.metadata.ClassFileReader.readAttributeCore(ClassFileReader.java:205)
	at com.strobel.assembler.ir.MetadataReader.inflateAttribute(MetadataReader.java:394)
	at com.strobel.assembler.ir.MetadataReader.inflateAttributes(MetadataReader.java:371)
	at com.strobel.assembler.metadata.ClassFileReader.defineMethods(ClassFileReader.java:1247)
	at com.strobel.assembler.metadata.ClassFileReader.readClass(ClassFileReader.java:669)
	at com.strobel.assembler.metadata.ClassFileReader.readClass(ClassFileReader.java:605)
	at com.strobel.assembler.metadata.MetadataSystem.resolveType(MetadataSystem.java:129)
	at com.strobel.decompiler.NoRetryMetadataSystem.resolveType(DecompilerDriver.java:475)
	at com.strobel.assembler.metadata.MetadataSystem.lookupTypeCore(MetadataSystem.java:86)
	at com.strobel.assembler.metadata.MetadataResolver.lookupType(MetadataResolver.java:46)
	at com.strobel.decompiler.DecompilerDriver.decompileType(DecompilerDriver.java:292)
	at com.strobel.decompiler.DecompilerDriver.decompileJar(DecompilerDriver.java:254)
	at com.strobel.decompiler.DecompilerDriver.main(DecompilerDriver.java:129)
java.lang.IndexOutOfBoundsException: Index -1 out of bounds for length 97
	at java.base/jdk.internal.util.Preconditions.outOfBounds(Preconditions.java:100)
	at java.base/jdk.internal.util.Preconditions.outOfBoundsCheckIndex(Preconditions.java:106)
	at java.base/jdk.internal.util.Preconditions.checkIndex(Preconditions.java:302)
	at java.base/java.util.Objects.checkIndex(Objects.java:365)
	at java.base/java.util.ArrayList.get(ArrayList.java:428)
	at com.strobel.assembler.ir.ConstantPool.get(ConstantPool.java:80)
	at com.strobel.assembler.metadata.ClassFileReader$Scope.lookupConstant(ClassFileReader.java:1584)
	at com.strobel.assembler.ir.MetadataReader.readAttributeCore(MetadataReader.java:180)
	at com.strobel.assembler.metadata.ClassFileReader.readAttributeCore(ClassFileReader.java:431)
	at com.strobel.assembler.ir.MetadataReader.readAttribute(MetadataReader.java:52)
	at com.strobel.assembler.ir.MetadataReader.readAttributes(MetadataReader.java:42)
	at com.strobel.assembler.metadata.ClassFileReader.readAttributeCore(ClassFileReader.java:205)
	at com.strobel.assembler.ir.MetadataReader.inflateAttribute(MetadataReader.java:394)
	at com.strobel.assembler.ir.MetadataReader.inflateAttributes(MetadataReader.java:371)
	at com.strobel.assembler.metadata.ClassFileReader.defineMethods(ClassFileReader.java:1247)
	at com.strobel.assembler.metadata.ClassFileReader.readClass(ClassFileReader.java:669)
	at com.strobel.assembler.metadata.ClassFileReader.readClass(ClassFileReader.java:605)
	at com.strobel.assembler.metadata.MetadataSystem.resolveType(MetadataSystem.java:129)
	at com.strobel.decompiler.NoRetryMetadataSystem.resolveType(DecompilerDriver.java:475)
	at com.strobel.assembler.metadata.MetadataSystem.lookupTypeCore(MetadataSystem.java:86)
	at com.strobel.assembler.metadata.MetadataResolver.lookupType(MetadataResolver.java:46)
	at com.strobel.decompiler.DecompilerDriver.decompileType(DecompilerDriver.java:292)
	at com.strobel.decompiler.DecompilerDriver.decompileJar(DecompilerDriver.java:254)
	at com.strobel.decompiler.DecompilerDriver.main(DecompilerDriver.java:129)
java.lang.IndexOutOfBoundsException: Index -1 out of bounds for length 175
	at java.base/jdk.internal.util.Preconditions.outOfBounds(Preconditions.java:100)
	at java.base/jdk.internal.util.Preconditions.outOfBoundsCheckIndex(Preconditions.java:106)
	at java.base/jdk.internal.util.Preconditions.checkIndex(Preconditions.java:302)
	at java.base/java.util.Objects.checkIndex(Objects.java:365)
	at java.base/java.util.ArrayList.get(ArrayList.java:428)
	at com.strobel.assembler.ir.ConstantPool.get(ConstantPool.java:80)
	at com.strobel.assembler.metadata.ClassFileReader$Scope.lookupConstant(ClassFileReader.java:1584)
	at com.strobel.assembler.ir.MetadataReader.readAttributeCore(MetadataReader.java:180)
	at com.strobel.assembler.metadata.ClassFileReader.readAttributeCore(ClassFileReader.java:431)
	at com.strobel.assembler.ir.MetadataReader.readAttribute(MetadataReader.java:52)
	at com.strobel.assembler.ir.MetadataReader.readAttributes(MetadataReader.java:42)
	at com.strobel.assembler.metadata.ClassFileReader.readAttributeCore(ClassFileReader.java:205)
	at com.strobel.assembler.ir.MetadataReader.inflateAttribute(MetadataReader.java:394)
	at com.strobel.assembler.ir.MetadataReader.inflateAttributes(MetadataReader.java:371)
	at com.strobel.assembler.metadata.ClassFileReader.defineMethods(ClassFileReader.java:1247)
	at com.strobel.assembler.metadata.ClassFileReader.readClass(ClassFileReader.java:669)
	at com.strobel.assembler.metadata.ClassFileReader.readClass(ClassFileReader.java:605)
	at com.strobel.assembler.metadata.MetadataSystem.resolveType(MetadataSystem.java:129)
	at com.strobel.decompiler.NoRetryMetadataSystem.resolveType(DecompilerDriver.java:475)
	at com.strobel.assembler.metadata.MetadataSystem.lookupTypeCore(MetadataSystem.java:86)
	at com.strobel.assembler.metadata.MetadataResolver.lookupType(MetadataResolver.java:46)
	at com.strobel.decompiler.DecompilerDriver.decompileType(DecompilerDriver.java:292)
	at com.strobel.decompiler.DecompilerDriver.decompileJar(DecompilerDriver.java:254)
	at com.strobel.decompiler.DecompilerDriver.main(DecompilerDriver.java:129)
java.lang.IndexOutOfBoundsException: Index -1 out of bounds for length 329
	at java.base/jdk.internal.util.Preconditions.outOfBounds(Preconditions.java:100)
	at java.base/jdk.internal.util.Preconditions.outOfBoundsCheckIndex(Preconditions.java:106)
	at java.base/jdk.internal.util.Preconditions.checkIndex(Preconditions.java:302)
	at java.base/java.util.Objects.checkIndex(Objects.java:365)
	at java.base/java.util.ArrayList.get(ArrayList.java:428)
	at com.strobel.assembler.ir.ConstantPool.get(ConstantPool.java:80)
	at com.strobel.assembler.metadata.ClassFileReader$Scope.lookupConstant(ClassFileReader.java:1584)
	at com.strobel.assembler.ir.MetadataReader.readAttributeCore(MetadataReader.java:180)
	at com.strobel.assembler.metadata.ClassFileReader.readAttributeCore(ClassFileReader.java:431)
	at com.strobel.assembler.ir.MetadataReader.readAttribute(MetadataReader.java:52)
	at com.strobel.assembler.ir.MetadataReader.readAttributes(MetadataReader.java:42)
	at com.strobel.assembler.metadata.ClassFileReader.readAttributeCore(ClassFileReader.java:205)
	at com.strobel.assembler.ir.MetadataReader.inflateAttribute(MetadataReader.java:394)
	at com.strobel.assembler.ir.MetadataReader.inflateAttributes(MetadataReader.java:371)
	at com.strobel.assembler.metadata.ClassFileReader.defineMethods(ClassFileReader.java:1247)
	at com.strobel.assembler.metadata.ClassFileReader.readClass(ClassFileReader.java:669)
	at com.strobel.assembler.metadata.ClassFileReader.readClass(ClassFileReader.java:605)
	at com.strobel.assembler.metadata.MetadataSystem.resolveType(MetadataSystem.java:129)
	at com.strobel.decompiler.NoRetryMetadataSystem.resolveType(DecompilerDriver.java:475)
	at com.strobel.assembler.metadata.MetadataSystem.lookupTypeCore(MetadataSystem.java:86)
	at com.strobel.assembler.metadata.MetadataResolver.lookupType(MetadataResolver.java:46)
	at com.strobel.decompiler.DecompilerDriver.decompileType(DecompilerDriver.java:292)
	at com.strobel.decompiler.DecompilerDriver.decompileJar(DecompilerDriver.java:254)
	at com.strobel.decompiler.DecompilerDriver.main(DecompilerDriver.java:129)
java.lang.IndexOutOfBoundsException: Index -1 out of bounds for length 193
	at java.base/jdk.internal.util.Preconditions.outOfBounds(Preconditions.java:100)
	at java.base/jdk.internal.util.Preconditions.outOfBoundsCheckIndex(Preconditions.java:106)
	at java.base/jdk.internal.util.Preconditions.checkIndex(Preconditions.java:302)
	at java.base/java.util.Objects.checkIndex(Objects.java:365)
	at java.base/java.util.ArrayList.get(ArrayList.java:428)
	at com.strobel.assembler.ir.ConstantPool.get(ConstantPool.java:80)
	at com.strobel.assembler.metadata.ClassFileReader$Scope.lookupConstant(ClassFileReader.java:1584)
	at com.strobel.assembler.ir.MetadataReader.readAttributeCore(MetadataReader.java:180)
	at com.strobel.assembler.metadata.ClassFileReader.readAttributeCore(ClassFileReader.java:431)
	at com.strobel.assembler.ir.MetadataReader.readAttribute(MetadataReader.java:52)
	at com.strobel.assembler.ir.MetadataReader.readAttributes(MetadataReader.java:42)
	at com.strobel.assembler.metadata.ClassFileReader.readAttributeCore(ClassFileReader.java:205)
	at com.strobel.assembler.ir.MetadataReader.inflateAttribute(MetadataReader.java:394)
	at com.strobel.assembler.ir.MetadataReader.inflateAttributes(MetadataReader.java:371)
	at com.strobel.assembler.metadata.ClassFileReader.defineMethods(ClassFileReader.java:1247)
	at com.strobel.assembler.metadata.ClassFileReader.readClass(ClassFileReader.java:669)
	at com.strobel.assembler.metadata.ClassFileReader.readClass(ClassFileReader.java:605)
	at com.strobel.assembler.metadata.MetadataSystem.resolveType(MetadataSystem.java:129)
	at com.strobel.decompiler.NoRetryMetadataSystem.resolveType(DecompilerDriver.java:475)
	at com.strobel.assembler.metadata.MetadataSystem.lookupTypeCore(MetadataSystem.java:86)
	at com.strobel.assembler.metadata.MetadataResolver.lookupType(MetadataResolver.java:46)
	at com.strobel.decompiler.DecompilerDriver.decompileType(DecompilerDriver.java:292)
	at com.strobel.decompiler.DecompilerDriver.decompileJar(DecompilerDriver.java:254)
	at com.strobel.decompiler.DecompilerDriver.main(DecompilerDriver.java:129)
java.lang.IndexOutOfBoundsException: Index -1 out of bounds for length 16
	at java.base/jdk.internal.util.Preconditions.outOfBounds(Preconditions.java:100)
	at java.base/jdk.internal.util.Preconditions.outOfBoundsCheckIndex(Preconditions.java:106)
	at java.base/jdk.internal.util.Preconditions.checkIndex(Preconditions.java:302)
	at java.base/java.util.Objects.checkIndex(Objects.java:365)
	at java.base/java.util.ArrayList.get(ArrayList.java:428)
	at com.strobel.assembler.ir.ConstantPool.get(ConstantPool.java:80)
	at com.strobel.assembler.metadata.ClassFileReader$Scope.lookupConstant(ClassFileReader.java:1584)
	at com.strobel.assembler.ir.MetadataReader.readAttributeCore(MetadataReader.java:180)
	at com.strobel.assembler.metadata.ClassFileReader.readAttributeCore(ClassFileReader.java:431)
	at com.strobel.assembler.ir.MetadataReader.readAttribute(MetadataReader.java:52)
	at com.strobel.assembler.ir.MetadataReader.readAttributes(MetadataReader.java:42)
	at com.strobel.assembler.metadata.ClassFileReader.readAttributeCore(ClassFileReader.java:205)
	at com.strobel.assembler.ir.MetadataReader.inflateAttribute(MetadataReader.java:394)
	at com.strobel.assembler.ir.MetadataReader.inflateAttributes(MetadataReader.java:371)
	at com.strobel.assembler.metadata.ClassFileReader.defineMethods(ClassFileReader.java:1247)
	at com.strobel.assembler.metadata.ClassFileReader.readClass(ClassFileReader.java:669)
	at com.strobel.assembler.metadata.ClassFileReader.readClass(ClassFileReader.java:605)
	at com.strobel.assembler.metadata.MetadataSystem.resolveType(MetadataSystem.java:129)
	at com.strobel.decompiler.NoRetryMetadataSystem.resolveType(DecompilerDriver.java:475)
	at com.strobel.assembler.metadata.MetadataSystem.lookupTypeCore(MetadataSystem.java:86)
	at com.strobel.assembler.metadata.MetadataResolver.lookupType(MetadataResolver.java:46)
	at com.strobel.decompiler.DecompilerDriver.decompileType(DecompilerDriver.java:292)
	at com.strobel.decompiler.DecompilerDriver.decompileJar(DecompilerDriver.java:254)
	at com.strobel.decompiler.DecompilerDriver.main(DecompilerDriver.java:129)
java.lang.IndexOutOfBoundsException: Index -1 out of bounds for length 121
	at java.base/jdk.internal.util.Preconditions.outOfBounds(Preconditions.java:100)
	at java.base/jdk.internal.util.Preconditions.outOfBoundsCheckIndex(Preconditions.java:106)
	at java.base/jdk.internal.util.Preconditions.checkIndex(Preconditions.java:302)
	at java.base/java.util.Objects.checkIndex(Objects.java:365)
	at java.base/java.util.ArrayList.get(ArrayList.java:428)
	at com.strobel.assembler.ir.ConstantPool.get(ConstantPool.java:80)
	at com.strobel.assembler.metadata.ClassFileReader$Scope.lookupConstant(ClassFileReader.java:1584)
	at com.strobel.assembler.ir.MetadataReader.readAttributeCore(MetadataReader.java:180)
	at com.strobel.assembler.metadata.ClassFileReader.readAttributeCore(ClassFileReader.java:431)
	at com.strobel.assembler.ir.MetadataReader.readAttribute(MetadataReader.java:52)
	at com.strobel.assembler.ir.MetadataReader.readAttributes(MetadataReader.java:42)
	at com.strobel.assembler.metadata.ClassFileReader.readAttributeCore(ClassFileReader.java:205)
	at com.strobel.assembler.ir.MetadataReader.inflateAttribute(MetadataReader.java:394)
	at com.strobel.assembler.ir.MetadataReader.inflateAttributes(MetadataReader.java:371)
	at com.strobel.assembler.metadata.ClassFileReader.defineMethods(ClassFileReader.java:1247)
	at com.strobel.assembler.metadata.ClassFileReader.readClass(ClassFileReader.java:669)
	at com.strobel.assembler.metadata.ClassFileReader.readClass(ClassFileReader.java:605)
	at com.strobel.assembler.metadata.MetadataSystem.resolveType(MetadataSystem.java:129)
	at com.strobel.decompiler.NoRetryMetadataSystem.resolveType(DecompilerDriver.java:475)
	at com.strobel.assembler.metadata.MetadataSystem.lookupTypeCore(MetadataSystem.java:86)
	at com.strobel.assembler.metadata.MetadataResolver.lookupType(MetadataResolver.java:46)
	at com.strobel.decompiler.DecompilerDriver.decompileType(DecompilerDriver.java:292)
	at com.strobel.decompiler.DecompilerDriver.decompileJar(DecompilerDriver.java:254)
	at com.strobel.decompiler.DecompilerDriver.main(DecompilerDriver.java:129)
java.lang.IndexOutOfBoundsException: Index -1 out of bounds for length 23
	at java.base/jdk.internal.util.Preconditions.outOfBounds(Preconditions.java:100)
	at java.base/jdk.internal.util.Preconditions.outOfBoundsCheckIndex(Preconditions.java:106)
	at java.base/jdk.internal.util.Preconditions.checkIndex(Preconditions.java:302)
	at java.base/java.util.Objects.checkIndex(Objects.java:365)
	at java.base/java.util.ArrayList.get(ArrayList.java:428)
	at com.strobel.assembler.ir.ConstantPool.get(ConstantPool.java:80)
	at com.strobel.assembler.metadata.ClassFileReader$Scope.lookupConstant(ClassFileReader.java:1584)
	at com.strobel.assembler.ir.MetadataReader.readAttributeCore(MetadataReader.java:180)
	at com.strobel.assembler.metadata.ClassFileReader.readAttributeCore(ClassFileReader.java:431)
	at com.strobel.assembler.ir.MetadataReader.readAttribute(MetadataReader.java:52)
	at com.strobel.assembler.ir.MetadataReader.readAttributes(MetadataReader.java:42)
	at com.strobel.assembler.metadata.ClassFileReader.readAttributeCore(ClassFileReader.java:205)
	at com.strobel.assembler.ir.MetadataReader.inflateAttribute(MetadataReader.java:394)
	at com.strobel.assembler.ir.MetadataReader.inflateAttributes(MetadataReader.java:371)
	at com.strobel.assembler.metadata.ClassFileReader.defineMethods(ClassFileReader.java:1247)
	at com.strobel.assembler.metadata.ClassFileReader.readClass(ClassFileReader.java:669)
	at com.strobel.assembler.metadata.ClassFileReader.readClass(ClassFileReader.java:605)
	at com.strobel.assembler.metadata.MetadataSystem.resolveType(MetadataSystem.java:129)
	at com.strobel.decompiler.NoRetryMetadataSystem.resolveType(DecompilerDriver.java:475)
	at com.strobel.assembler.metadata.MetadataSystem.resolveCore(MetadataSystem.java:81)
	at com.strobel.assembler.metadata.MetadataResolver.resolve(MetadataResolver.java:104)
	at com.strobel.assembler.metadata.CoreMetadataFactory$UnresolvedType.resolve(CoreMetadataFactory.java:616)
	at com.strobel.assembler.metadata.ClassFileReader.checkSealed0(ClassFileReader.java:939)
	at com.strobel.assembler.metadata.ClassFileReader.populatePermittedSubclasses(ClassFileReader.java:924)
	at com.strobel.assembler.metadata.ClassFileReader.visitAttributes(ClassFileReader.java:1427)
	at com.strobel.assembler.metadata.ClassFileReader.readClass(ClassFileReader.java:667)
	at com.strobel.assembler.metadata.ClassFileReader.readClass(ClassFileReader.java:605)
	at com.strobel.assembler.metadata.MetadataSystem.resolveType(MetadataSystem.java:129)
	at com.strobel.decompiler.NoRetryMetadataSystem.resolveType(DecompilerDriver.java:475)
	at com.strobel.assembler.metadata.MetadataSystem.lookupTypeCore(MetadataSystem.java:86)
	at com.strobel.assembler.metadata.MetadataResolver.lookupType(MetadataResolver.java:46)
	at com.strobel.decompiler.DecompilerDriver.decompileType(DecompilerDriver.java:292)
	at com.strobel.decompiler.DecompilerDriver.decompileJar(DecompilerDriver.java:254)
	at com.strobel.decompiler.DecompilerDriver.main(DecompilerDriver.java:129)
java.lang.IndexOutOfBoundsException: Index -1 out of bounds for length 129
	at java.base/jdk.internal.util.Preconditions.outOfBounds(Preconditions.java:100)
	at java.base/jdk.internal.util.Preconditions.outOfBoundsCheckIndex(Preconditions.java:106)
	at java.base/jdk.internal.util.Preconditions.checkIndex(Preconditions.java:302)
	at java.base/java.util.Objects.checkIndex(Objects.java:365)
	at java.base/java.util.ArrayList.get(ArrayList.java:428)
	at com.strobel.assembler.ir.ConstantPool.get(ConstantPool.java:80)
	at com.strobel.assembler.metadata.ClassFileReader$Scope.lookupConstant(ClassFileReader.java:1584)
	at com.strobel.assembler.ir.MetadataReader.readAttributeCore(MetadataReader.java:180)
	at com.strobel.assembler.metadata.ClassFileReader.readAttributeCore(ClassFileReader.java:431)
	at com.strobel.assembler.ir.MetadataReader.readAttribute(MetadataReader.java:52)
	at com.strobel.assembler.ir.MetadataReader.readAttributes(MetadataReader.java:42)
	at com.strobel.assembler.metadata.ClassFileReader.readAttributeCore(ClassFileReader.java:205)
	at com.strobel.assembler.ir.MetadataReader.inflateAttribute(MetadataReader.java:394)
	at com.strobel.assembler.ir.MetadataReader.inflateAttributes(MetadataReader.java:371)
	at com.strobel.assembler.metadata.ClassFileReader.defineMethods(ClassFileReader.java:1247)
	at com.strobel.assembler.metadata.ClassFileReader.readClass(ClassFileReader.java:669)
	at com.strobel.assembler.metadata.ClassFileReader.readClass(ClassFileReader.java:605)
	at com.strobel.assembler.metadata.MetadataSystem.resolveType(MetadataSystem.java:129)
	at com.strobel.decompiler.NoRetryMetadataSystem.resolveType(DecompilerDriver.java:475)
	at com.strobel.assembler.metadata.MetadataSystem.lookupTypeCore(MetadataSystem.java:86)
	at com.strobel.assembler.metadata.MetadataResolver.lookupType(MetadataResolver.java:46)
	at com.strobel.decompiler.DecompilerDriver.decompileType(DecompilerDriver.java:292)
	at com.strobel.decompiler.DecompilerDriver.decompileJar(DecompilerDriver.java:254)
	at com.strobel.decompiler.DecompilerDriver.main(DecompilerDriver.java:129)
java.lang.IndexOutOfBoundsException: Index -1 out of bounds for length 23
	at java.base/jdk.internal.util.Preconditions.outOfBounds(Preconditions.java:100)
	at java.base/jdk.internal.util.Preconditions.outOfBoundsCheckIndex(Preconditions.java:106)
	at java.base/jdk.internal.util.Preconditions.checkIndex(Preconditions.java:302)
	at java.base/java.util.Objects.checkIndex(Objects.java:365)
	at java.base/java.util.ArrayList.get(ArrayList.java:428)
	at com.strobel.assembler.ir.ConstantPool.get(ConstantPool.java:80)
	at com.strobel.assembler.metadata.ClassFileReader$Scope.lookupConstant(ClassFileReader.java:1584)
	at com.strobel.assembler.ir.MetadataReader.readAttributeCore(MetadataReader.java:180)
	at com.strobel.assembler.metadata.ClassFileReader.readAttributeCore(ClassFileReader.java:431)
	at com.strobel.assembler.ir.MetadataReader.readAttribute(MetadataReader.java:52)
	at com.strobel.assembler.ir.MetadataReader.readAttributes(MetadataReader.java:42)
	at com.strobel.assembler.metadata.ClassFileReader.readAttributeCore(ClassFileReader.java:205)
	at com.strobel.assembler.ir.MetadataReader.inflateAttribute(MetadataReader.java:394)
	at com.strobel.assembler.ir.MetadataReader.inflateAttributes(MetadataReader.java:371)
	at com.strobel.assembler.metadata.ClassFileReader.defineMethods(ClassFileReader.java:1247)
	at com.strobel.assembler.metadata.ClassFileReader.readClass(ClassFileReader.java:669)
	at com.strobel.assembler.metadata.ClassFileReader.readClass(ClassFileReader.java:605)
	at com.strobel.assembler.metadata.MetadataSystem.resolveType(MetadataSystem.java:129)
	at com.strobel.decompiler.NoRetryMetadataSystem.resolveType(DecompilerDriver.java:475)
	at com.strobel.assembler.metadata.MetadataSystem.resolveCore(MetadataSystem.java:81)
	at com.strobel.assembler.metadata.MetadataResolver.resolve(MetadataResolver.java:104)
	at com.strobel.assembler.metadata.CoreMetadataFactory$UnresolvedType.resolve(CoreMetadataFactory.java:616)
	at com.strobel.assembler.metadata.ClassFileReader.checkSealed0(ClassFileReader.java:939)
	at com.strobel.assembler.metadata.ClassFileReader.populatePermittedSubclasses(ClassFileReader.java:924)
	at com.strobel.assembler.metadata.ClassFileReader.visitAttributes(ClassFileReader.java:1427)
	at com.strobel.assembler.metadata.ClassFileReader.readClass(ClassFileReader.java:667)
	at com.strobel.assembler.metadata.ClassFileReader.readClass(ClassFileReader.java:605)
	at com.strobel.assembler.metadata.MetadataSystem.resolveType(MetadataSystem.java:129)
	at com.strobel.decompiler.NoRetryMetadataSystem.resolveType(DecompilerDriver.java:475)
	at com.strobel.assembler.metadata.MetadataSystem.lookupTypeCore(MetadataSystem.java:86)
	at com.strobel.assembler.metadata.MetadataResolver.lookupType(MetadataResolver.java:46)
	at com.strobel.decompiler.DecompilerDriver.decompileType(DecompilerDriver.java:292)
	at com.strobel.decompiler.DecompilerDriver.decompileJar(DecompilerDriver.java:254)
	at com.strobel.decompiler.DecompilerDriver.main(DecompilerDriver.java:129)
java.lang.IndexOutOfBoundsException: Index -1 out of bounds for length 79
	at java.base/jdk.internal.util.Preconditions.outOfBounds(Preconditions.java:100)
	at java.base/jdk.internal.util.Preconditions.outOfBoundsCheckIndex(Preconditions.java:106)
	at java.base/jdk.internal.util.Preconditions.checkIndex(Preconditions.java:302)
	at java.base/java.util.Objects.checkIndex(Objects.java:365)
	at java.base/java.util.ArrayList.get(ArrayList.java:428)
	at com.strobel.assembler.ir.ConstantPool.get(ConstantPool.java:80)
	at com.strobel.assembler.metadata.ClassFileReader$Scope.lookupConstant(ClassFileReader.java:1584)
	at com.strobel.assembler.ir.MetadataReader.readAttributeCore(MetadataReader.java:180)
	at com.strobel.assembler.metadata.ClassFileReader.readAttributeCore(ClassFileReader.java:431)
	at com.strobel.assembler.ir.MetadataReader.readAttribute(MetadataReader.java:52)
	at com.strobel.assembler.ir.MetadataReader.readAttributes(MetadataReader.java:42)
	at com.strobel.assembler.metadata.ClassFileReader.readAttributeCore(ClassFileReader.java:205)
	at com.strobel.assembler.ir.MetadataReader.inflateAttribute(MetadataReader.java:394)
	at com.strobel.assembler.ir.MetadataReader.inflateAttributes(MetadataReader.java:371)
	at com.strobel.assembler.metadata.ClassFileReader.defineMethods(ClassFileReader.java:1247)
	at com.strobel.assembler.metadata.ClassFileReader.readClass(ClassFileReader.java:669)
	at com.strobel.assembler.metadata.ClassFileReader.readClass(ClassFileReader.java:605)
	at com.strobel.assembler.metadata.MetadataSystem.resolveType(MetadataSystem.java:129)
	at com.strobel.decompiler.NoRetryMetadataSystem.resolveType(DecompilerDriver.java:475)
	at com.strobel.assembler.metadata.MetadataSystem.lookupTypeCore(MetadataSystem.java:86)
	at com.strobel.assembler.metadata.MetadataResolver.lookupType(MetadataResolver.java:46)
	at com.strobel.decompiler.DecompilerDriver.decompileType(DecompilerDriver.java:292)
	at com.strobel.decompiler.DecompilerDriver.decompileJar(DecompilerDriver.java:254)
	at com.strobel.decompiler.DecompilerDriver.main(DecompilerDriver.java:129)
java.lang.IndexOutOfBoundsException: Index -1 out of bounds for length 157
	at java.base/jdk.internal.util.Preconditions.outOfBounds(Preconditions.java:100)
	at java.base/jdk.internal.util.Preconditions.outOfBoundsCheckIndex(Preconditions.java:106)
	at java.base/jdk.internal.util.Preconditions.checkIndex(Preconditions.java:302)
	at java.base/java.util.Objects.checkIndex(Objects.java:365)
	at java.base/java.util.ArrayList.get(ArrayList.java:428)
	at com.strobel.assembler.ir.ConstantPool.get(ConstantPool.java:80)
	at com.strobel.assembler.metadata.ClassFileReader$Scope.lookupConstant(ClassFileReader.java:1584)
	at com.strobel.assembler.ir.MetadataReader.readAttributeCore(MetadataReader.java:180)
	at com.strobel.assembler.metadata.ClassFileReader.readAttributeCore(ClassFileReader.java:431)
	at com.strobel.assembler.ir.MetadataReader.readAttribute(MetadataReader.java:52)
	at com.strobel.assembler.ir.MetadataReader.readAttributes(MetadataReader.java:42)
	at com.strobel.assembler.metadata.ClassFileReader.readAttributeCore(ClassFileReader.java:205)
	at com.strobel.assembler.ir.MetadataReader.inflateAttribute(MetadataReader.java:394)
	at com.strobel.assembler.ir.MetadataReader.inflateAttributes(MetadataReader.java:371)
	at com.strobel.assembler.metadata.ClassFileReader.defineMethods(ClassFileReader.java:1247)
	at com.strobel.assembler.metadata.ClassFileReader.readClass(ClassFileReader.java:669)
	at com.strobel.assembler.metadata.ClassFileReader.readClass(ClassFileReader.java:605)
	at com.strobel.assembler.metadata.MetadataSystem.resolveType(MetadataSystem.java:129)
	at com.strobel.decompiler.NoRetryMetadataSystem.resolveType(DecompilerDriver.java:475)
	at com.strobel.assembler.metadata.MetadataSystem.lookupTypeCore(MetadataSystem.java:86)
	at com.strobel.assembler.metadata.MetadataResolver.lookupType(MetadataResolver.java:46)
	at com.strobel.decompiler.DecompilerDriver.decompileType(DecompilerDriver.java:292)
	at com.strobel.decompiler.DecompilerDriver.decompileJar(DecompilerDriver.java:254)
	at com.strobel.decompiler.DecompilerDriver.main(DecompilerDriver.java:129)
java.lang.IndexOutOfBoundsException: Index -1 out of bounds for length 51
	at java.base/jdk.internal.util.Preconditions.outOfBounds(Preconditions.java:100)
	at java.base/jdk.internal.util.Preconditions.outOfBoundsCheckIndex(Preconditions.java:106)
	at java.base/jdk.internal.util.Preconditions.checkIndex(Preconditions.java:302)
	at java.base/java.util.Objects.checkIndex(Objects.java:365)
	at java.base/java.util.ArrayList.get(ArrayList.java:428)
	at com.strobel.assembler.ir.ConstantPool.get(ConstantPool.java:80)
	at com.strobel.assembler.metadata.ClassFileReader$Scope.lookupConstant(ClassFileReader.java:1584)
	at com.strobel.assembler.ir.MetadataReader.readAttributeCore(MetadataReader.java:180)
	at com.strobel.assembler.metadata.ClassFileReader.readAttributeCore(ClassFileReader.java:431)
	at com.strobel.assembler.ir.MetadataReader.readAttribute(MetadataReader.java:52)
	at com.strobel.assembler.ir.MetadataReader.readAttributes(MetadataReader.java:42)
	at com.strobel.assembler.metadata.ClassFileReader.readAttributeCore(ClassFileReader.java:205)
	at com.strobel.assembler.ir.MetadataReader.inflateAttribute(MetadataReader.java:394)
	at com.strobel.assembler.ir.MetadataReader.inflateAttributes(MetadataReader.java:371)
	at com.strobel.assembler.metadata.ClassFileReader.defineMethods(ClassFileReader.java:1247)
	at com.strobel.assembler.metadata.ClassFileReader.readClass(ClassFileReader.java:669)
	at com.strobel.assembler.metadata.ClassFileReader.readClass(ClassFileReader.java:605)
	at com.strobel.assembler.metadata.MetadataSystem.resolveType(MetadataSystem.java:129)
	at com.strobel.decompiler.NoRetryMetadataSystem.resolveType(DecompilerDriver.java:475)
	at com.strobel.assembler.metadata.MetadataSystem.lookupTypeCore(MetadataSystem.java:86)
	at com.strobel.assembler.metadata.MetadataResolver.lookupType(MetadataResolver.java:46)
	at com.strobel.decompiler.DecompilerDriver.decompileType(DecompilerDriver.java:292)
	at com.strobel.decompiler.DecompilerDriver.decompileJar(DecompilerDriver.java:254)
	at com.strobel.decompiler.DecompilerDriver.main(DecompilerDriver.java:129)
java.lang.IndexOutOfBoundsException: Index -1 out of bounds for length 37
	at java.base/jdk.internal.util.Preconditions.outOfBounds(Preconditions.java:100)
	at java.base/jdk.internal.util.Preconditions.outOfBoundsCheckIndex(Preconditions.java:106)
	at java.base/jdk.internal.util.Preconditions.checkIndex(Preconditions.java:302)
	at java.base/java.util.Objects.checkIndex(Objects.java:365)
	at java.base/java.util.ArrayList.get(ArrayList.java:428)
	at com.strobel.assembler.ir.ConstantPool.get(ConstantPool.java:80)
	at com.strobel.assembler.metadata.ClassFileReader$Scope.lookupConstant(ClassFileReader.java:1584)
	at com.strobel.assembler.ir.MetadataReader.readAttributeCore(MetadataReader.java:180)
	at com.strobel.assembler.metadata.ClassFileReader.readAttributeCore(ClassFileReader.java:431)
	at com.strobel.assembler.ir.MetadataReader.readAttribute(MetadataReader.java:52)
	at com.strobel.assembler.ir.MetadataReader.readAttributes(MetadataReader.java:42)
	at com.strobel.assembler.metadata.ClassFileReader.readAttributeCore(ClassFileReader.java:205)
	at com.strobel.assembler.ir.MetadataReader.inflateAttribute(MetadataReader.java:394)
	at com.strobel.assembler.ir.MetadataReader.inflateAttributes(MetadataReader.java:371)
	at com.strobel.assembler.metadata.ClassFileReader.defineMethods(ClassFileReader.java:1247)
	at com.strobel.assembler.metadata.ClassFileReader.readClass(ClassFileReader.java:669)
	at com.strobel.assembler.metadata.ClassFileReader.readClass(ClassFileReader.java:605)
	at com.strobel.assembler.metadata.MetadataSystem.resolveType(MetadataSystem.java:129)
	at com.strobel.decompiler.NoRetryMetadataSystem.resolveType(DecompilerDriver.java:475)
	at com.strobel.assembler.metadata.MetadataSystem.lookupTypeCore(MetadataSystem.java:86)
	at com.strobel.assembler.metadata.MetadataResolver.lookupType(MetadataResolver.java:46)
	at com.strobel.decompiler.DecompilerDriver.decompileType(DecompilerDriver.java:292)
	at com.strobel.decompiler.DecompilerDriver.decompileJar(DecompilerDriver.java:254)
	at com.strobel.decompiler.DecompilerDriver.main(DecompilerDriver.java:129)
java.lang.IndexOutOfBoundsException: Index -1 out of bounds for length 475
	at java.base/jdk.internal.util.Preconditions.outOfBounds(Preconditions.java:100)
	at java.base/jdk.internal.util.Preconditions.outOfBoundsCheckIndex(Preconditions.java:106)
	at java.base/jdk.internal.util.Preconditions.checkIndex(Preconditions.java:302)
	at java.base/java.util.Objects.checkIndex(Objects.java:365)
	at java.base/java.util.ArrayList.get(ArrayList.java:428)
	at com.strobel.assembler.ir.ConstantPool.get(ConstantPool.java:80)
	at com.strobel.assembler.metadata.ClassFileReader$Scope.lookupConstant(ClassFileReader.java:1584)
	at com.strobel.assembler.ir.MetadataReader.readAttributeCore(MetadataReader.java:180)
	at com.strobel.assembler.metadata.ClassFileReader.readAttributeCore(ClassFileReader.java:431)
	at com.strobel.assembler.ir.MetadataReader.readAttribute(MetadataReader.java:52)
	at com.strobel.assembler.ir.MetadataReader.readAttributes(MetadataReader.java:42)
	at com.strobel.assembler.metadata.ClassFileReader.readAttributeCore(ClassFileReader.java:205)
	at com.strobel.assembler.ir.MetadataReader.inflateAttribute(MetadataReader.java:394)
	at com.strobel.assembler.ir.MetadataReader.inflateAttributes(MetadataReader.java:371)
	at com.strobel.assembler.metadata.ClassFileReader.defineMethods(ClassFileReader.java:1247)
	at com.strobel.assembler.metadata.ClassFileReader.readClass(ClassFileReader.java:669)
	at com.strobel.assembler.metadata.ClassFileReader.readClass(ClassFileReader.java:605)
	at com.strobel.assembler.metadata.MetadataSystem.resolveType(MetadataSystem.java:129)
	at com.strobel.decompiler.NoRetryMetadataSystem.resolveType(DecompilerDriver.java:475)
	at com.strobel.assembler.metadata.MetadataSystem.lookupTypeCore(MetadataSystem.java:86)
	at com.strobel.assembler.metadata.MetadataResolver.lookupType(MetadataResolver.java:46)
	at com.strobel.decompiler.DecompilerDriver.decompileType(DecompilerDriver.java:292)
	at com.strobel.decompiler.DecompilerDriver.decompileJar(DecompilerDriver.java:254)
	at com.strobel.decompiler.DecompilerDriver.main(DecompilerDriver.java:129)
java.lang.IndexOutOfBoundsException: Index -1 out of bounds for length 249
	at java.base/jdk.internal.util.Preconditions.outOfBounds(Preconditions.java:100)
	at java.base/jdk.internal.util.Preconditions.outOfBoundsCheckIndex(Preconditions.java:106)
	at java.base/jdk.internal.util.Preconditions.checkIndex(Preconditions.java:302)
	at java.base/java.util.Objects.checkIndex(Objects.java:365)
	at java.base/java.util.ArrayList.get(ArrayList.java:428)
	at com.strobel.assembler.ir.ConstantPool.get(ConstantPool.java:80)
	at com.strobel.assembler.metadata.ClassFileReader$Scope.lookupConstant(ClassFileReader.java:1584)
	at com.strobel.assembler.ir.MetadataReader.readAttributeCore(MetadataReader.java:180)
	at com.strobel.assembler.metadata.ClassFileReader.readAttributeCore(ClassFileReader.java:431)
	at com.strobel.assembler.ir.MetadataReader.readAttribute(MetadataReader.java:52)
	at com.strobel.assembler.ir.MetadataReader.readAttributes(MetadataReader.java:42)
	at com.strobel.assembler.metadata.ClassFileReader.readAttributeCore(ClassFileReader.java:205)
	at com.strobel.assembler.ir.MetadataReader.inflateAttribute(MetadataReader.java:394)
	at com.strobel.assembler.ir.MetadataReader.inflateAttributes(MetadataReader.java:371)
	at com.strobel.assembler.metadata.ClassFileReader.defineMethods(ClassFileReader.java:1247)
	at com.strobel.assembler.metadata.ClassFileReader.readClass(ClassFileReader.java:669)
	at com.strobel.assembler.metadata.ClassFileReader.readClass(ClassFileReader.java:605)
	at com.strobel.assembler.metadata.MetadataSystem.resolveType(MetadataSystem.java:129)
	at com.strobel.decompiler.NoRetryMetadataSystem.resolveType(DecompilerDriver.java:475)
	at com.strobel.assembler.metadata.MetadataSystem.resolveCore(MetadataSystem.java:81)
	at com.strobel.assembler.metadata.MetadataResolver.resolve(MetadataResolver.java:104)
	at com.strobel.assembler.metadata.CoreMetadataFactory$UnresolvedType.resolve(CoreMetadataFactory.java:616)
	at com.strobel.assembler.metadata.ClassFileReader.checkSealed0(ClassFileReader.java:939)
	at com.strobel.assembler.metadata.ClassFileReader.populatePermittedSubclasses(ClassFileReader.java:924)
	at com.strobel.assembler.metadata.ClassFileReader.visitAttributes(ClassFileReader.java:1427)
	at com.strobel.assembler.metadata.ClassFileReader.readClass(ClassFileReader.java:667)
	at com.strobel.assembler.metadata.ClassFileReader.readClass(ClassFileReader.java:605)
	at com.strobel.assembler.metadata.MetadataSystem.resolveType(MetadataSystem.java:129)
	at com.strobel.decompiler.NoRetryMetadataSystem.resolveType(DecompilerDriver.java:475)
	at com.strobel.assembler.metadata.MetadataSystem.lookupTypeCore(MetadataSystem.java:86)
	at com.strobel.assembler.metadata.MetadataResolver.lookupType(MetadataResolver.java:46)
	at com.strobel.decompiler.DecompilerDriver.decompileType(DecompilerDriver.java:292)
	at com.strobel.decompiler.DecompilerDriver.decompileJar(DecompilerDriver.java:254)
	at com.strobel.decompiler.DecompilerDriver.main(DecompilerDriver.java:129)
java.lang.IndexOutOfBoundsException: Index -1 out of bounds for length 23
	at java.base/jdk.internal.util.Preconditions.outOfBounds(Preconditions.java:100)
	at java.base/jdk.internal.util.Preconditions.outOfBoundsCheckIndex(Preconditions.java:106)
	at java.base/jdk.internal.util.Preconditions.checkIndex(Preconditions.java:302)
	at java.base/java.util.Objects.checkIndex(Objects.java:365)
	at java.base/java.util.ArrayList.get(ArrayList.java:428)
	at com.strobel.assembler.ir.ConstantPool.get(ConstantPool.java:80)
	at com.strobel.assembler.metadata.ClassFileReader$Scope.lookupConstant(ClassFileReader.java:1584)
	at com.strobel.assembler.ir.MetadataReader.readAttributeCore(MetadataReader.java:180)
	at com.strobel.assembler.metadata.ClassFileReader.readAttributeCore(ClassFileReader.java:431)
	at com.strobel.assembler.ir.MetadataReader.readAttribute(MetadataReader.java:52)
	at com.strobel.assembler.ir.MetadataReader.readAttributes(MetadataReader.java:42)
	at com.strobel.assembler.metadata.ClassFileReader.readAttributeCore(ClassFileReader.java:205)
	at com.strobel.assembler.ir.MetadataReader.inflateAttribute(MetadataReader.java:394)
	at com.strobel.assembler.ir.MetadataReader.inflateAttributes(MetadataReader.java:371)
	at com.strobel.assembler.metadata.ClassFileReader.defineMethods(ClassFileReader.java:1247)
	at com.strobel.assembler.metadata.ClassFileReader.readClass(ClassFileReader.java:669)
	at com.strobel.assembler.metadata.ClassFileReader.readClass(ClassFileReader.java:605)
	at com.strobel.assembler.metadata.MetadataSystem.resolveType(MetadataSystem.java:129)
	at com.strobel.decompiler.NoRetryMetadataSystem.resolveType(DecompilerDriver.java:475)
	at com.strobel.assembler.metadata.MetadataSystem.resolveCore(MetadataSystem.java:81)
	at com.strobel.assembler.metadata.MetadataResolver.resolve(MetadataResolver.java:104)
	at com.strobel.assembler.metadata.CoreMetadataFactory$UnresolvedType.resolve(CoreMetadataFactory.java:616)
	at com.strobel.assembler.metadata.ClassFileReader.checkSealed0(ClassFileReader.java:939)
	at com.strobel.assembler.metadata.ClassFileReader.populatePermittedSubclasses(ClassFileReader.java:924)
	at com.strobel.assembler.metadata.ClassFileReader.visitAttributes(ClassFileReader.java:1427)
	at com.strobel.assembler.metadata.ClassFileReader.readClass(ClassFileReader.java:667)
	at com.strobel.assembler.metadata.ClassFileReader.readClass(ClassFileReader.java:605)
	at com.strobel.assembler.metadata.MetadataSystem.resolveType(MetadataSystem.java:129)
	at com.strobel.decompiler.NoRetryMetadataSystem.resolveType(DecompilerDriver.java:475)
	at com.strobel.assembler.metadata.MetadataSystem.lookupTypeCore(MetadataSystem.java:86)
	at com.strobel.assembler.metadata.MetadataResolver.lookupType(MetadataResolver.java:46)
	at com.strobel.decompiler.DecompilerDriver.decompileType(DecompilerDriver.java:292)
	at com.strobel.decompiler.DecompilerDriver.decompileJar(DecompilerDriver.java:254)
	at com.strobel.decompiler.DecompilerDriver.main(DecompilerDriver.java:129)
java.lang.IndexOutOfBoundsException: Index -1 out of bounds for length 23
	at java.base/jdk.internal.util.Preconditions.outOfBounds(Preconditions.java:100)
	at java.base/jdk.internal.util.Preconditions.outOfBoundsCheckIndex(Preconditions.java:106)
	at java.base/jdk.internal.util.Preconditions.checkIndex(Preconditions.java:302)
	at java.base/java.util.Objects.checkIndex(Objects.java:365)
	at java.base/java.util.ArrayList.get(ArrayList.java:428)
	at com.strobel.assembler.ir.ConstantPool.get(ConstantPool.java:80)
	at com.strobel.assembler.metadata.ClassFileReader$Scope.lookupConstant(ClassFileReader.java:1584)
	at com.strobel.assembler.ir.MetadataReader.readAttributeCore(MetadataReader.java:180)
	at com.strobel.assembler.metadata.ClassFileReader.readAttributeCore(ClassFileReader.java:431)
	at com.strobel.assembler.ir.MetadataReader.readAttribute(MetadataReader.java:52)
	at com.strobel.assembler.ir.MetadataReader.readAttributes(MetadataReader.java:42)
	at com.strobel.assembler.metadata.ClassFileReader.readAttributeCore(ClassFileReader.java:205)
	at com.strobel.assembler.ir.MetadataReader.inflateAttribute(MetadataReader.java:394)
	at com.strobel.assembler.ir.MetadataReader.inflateAttributes(MetadataReader.java:371)
	at com.strobel.assembler.metadata.ClassFileReader.defineMethods(ClassFileReader.java:1247)
	at com.strobel.assembler.metadata.ClassFileReader.readClass(ClassFileReader.java:669)
	at com.strobel.assembler.metadata.ClassFileReader.readClass(ClassFileReader.java:605)
	at com.strobel.assembler.metadata.MetadataSystem.resolveType(MetadataSystem.java:129)
	at com.strobel.decompiler.NoRetryMetadataSystem.resolveType(DecompilerDriver.java:475)
	at com.strobel.assembler.metadata.MetadataSystem.resolveCore(MetadataSystem.java:81)
	at com.strobel.assembler.metadata.MetadataResolver.resolve(MetadataResolver.java:104)
	at com.strobel.assembler.metadata.CoreMetadataFactory$UnresolvedType.resolve(CoreMetadataFactory.java:616)
	at com.strobel.assembler.metadata.ClassFileReader.checkSealed0(ClassFileReader.java:939)
	at com.strobel.assembler.metadata.ClassFileReader.populatePermittedSubclasses(ClassFileReader.java:924)
	at com.strobel.assembler.metadata.ClassFileReader.visitAttributes(ClassFileReader.java:1427)
	at com.strobel.assembler.metadata.ClassFileReader.readClass(ClassFileReader.java:667)
	at com.strobel.assembler.metadata.ClassFileReader.readClass(ClassFileReader.java:605)
	at com.strobel.assembler.metadata.MetadataSystem.resolveType(MetadataSystem.java:129)
	at com.strobel.decompiler.NoRetryMetadataSystem.resolveType(DecompilerDriver.java:475)
	at com.strobel.assembler.metadata.MetadataSystem.lookupTypeCore(MetadataSystem.java:86)
	at com.strobel.assembler.metadata.MetadataResolver.lookupType(MetadataResolver.java:46)
	at com.strobel.decompiler.DecompilerDriver.decompileType(DecompilerDriver.java:292)
	at com.strobel.decompiler.DecompilerDriver.decompileJar(DecompilerDriver.java:254)
	at com.strobel.decompiler.DecompilerDriver.main(DecompilerDriver.java:129)
java.lang.IndexOutOfBoundsException: Index -1 out of bounds for length 49
	at java.base/jdk.internal.util.Preconditions.outOfBounds(Preconditions.java:100)
	at java.base/jdk.internal.util.Preconditions.outOfBoundsCheckIndex(Preconditions.java:106)
	at java.base/jdk.internal.util.Preconditions.checkIndex(Preconditions.java:302)
	at java.base/java.util.Objects.checkIndex(Objects.java:365)
	at java.base/java.util.ArrayList.get(ArrayList.java:428)
	at com.strobel.assembler.ir.ConstantPool.get(ConstantPool.java:80)
	at com.strobel.assembler.metadata.ClassFileReader$Scope.lookupConstant(ClassFileReader.java:1584)
	at com.strobel.assembler.ir.MetadataReader.readAttributeCore(MetadataReader.java:180)
	at com.strobel.assembler.metadata.ClassFileReader.readAttributeCore(ClassFileReader.java:431)
	at com.strobel.assembler.ir.MetadataReader.readAttribute(MetadataReader.java:52)
	at com.strobel.assembler.ir.MetadataReader.readAttributes(MetadataReader.java:42)
	at com.strobel.assembler.metadata.ClassFileReader.readAttributeCore(ClassFileReader.java:205)
	at com.strobel.assembler.ir.MetadataReader.inflateAttribute(MetadataReader.java:394)
	at com.strobel.assembler.ir.MetadataReader.inflateAttributes(MetadataReader.java:371)
	at com.strobel.assembler.metadata.ClassFileReader.defineMethods(ClassFileReader.java:1247)
	at com.strobel.assembler.metadata.ClassFileReader.readClass(ClassFileReader.java:669)
	at com.strobel.assembler.metadata.ClassFileReader.readClass(ClassFileReader.java:605)
	at com.strobel.assembler.metadata.MetadataSystem.resolveType(MetadataSystem.java:129)
	at com.strobel.decompiler.NoRetryMetadataSystem.resolveType(DecompilerDriver.java:475)
	at com.strobel.assembler.metadata.MetadataSystem.lookupTypeCore(MetadataSystem.java:86)
	at com.strobel.assembler.metadata.MetadataResolver.lookupType(MetadataResolver.java:46)
	at com.strobel.decompiler.DecompilerDriver.decompileType(DecompilerDriver.java:292)
	at com.strobel.decompiler.DecompilerDriver.decompileJar(DecompilerDriver.java:254)
	at com.strobel.decompiler.DecompilerDriver.main(DecompilerDriver.java:129)
java.lang.IndexOutOfBoundsException: Index -1 out of bounds for length 120
	at java.base/jdk.internal.util.Preconditions.outOfBounds(Preconditions.java:100)
	at java.base/jdk.internal.util.Preconditions.outOfBoundsCheckIndex(Preconditions.java:106)
	at java.base/jdk.internal.util.Preconditions.checkIndex(Preconditions.java:302)
	at java.base/java.util.Objects.checkIndex(Objects.java:365)
	at java.base/java.util.ArrayList.get(ArrayList.java:428)
	at com.strobel.assembler.ir.ConstantPool.get(ConstantPool.java:80)
	at com.strobel.assembler.metadata.ClassFileReader$Scope.lookupConstant(ClassFileReader.java:1584)
	at com.strobel.assembler.ir.MetadataReader.readAttributeCore(MetadataReader.java:180)
	at com.strobel.assembler.metadata.ClassFileReader.readAttributeCore(ClassFileReader.java:431)
	at com.strobel.assembler.ir.MetadataReader.readAttribute(MetadataReader.java:52)
	at com.strobel.assembler.ir.MetadataReader.readAttributes(MetadataReader.java:42)
	at com.strobel.assembler.metadata.ClassFileReader.readAttributeCore(ClassFileReader.java:205)
	at com.strobel.assembler.ir.MetadataReader.inflateAttribute(MetadataReader.java:394)
	at com.strobel.assembler.ir.MetadataReader.inflateAttributes(MetadataReader.java:371)
	at com.strobel.assembler.metadata.ClassFileReader.defineMethods(ClassFileReader.java:1247)
	at com.strobel.assembler.metadata.ClassFileReader.readClass(ClassFileReader.java:669)
	at com.strobel.assembler.metadata.ClassFileReader.readClass(ClassFileReader.java:605)
	at com.strobel.assembler.metadata.MetadataSystem.resolveType(MetadataSystem.java:129)
	at com.strobel.decompiler.NoRetryMetadataSystem.resolveType(DecompilerDriver.java:475)
	at com.strobel.assembler.metadata.MetadataSystem.lookupTypeCore(MetadataSystem.java:86)
	at com.strobel.assembler.metadata.MetadataResolver.lookupType(MetadataResolver.java:46)
	at com.strobel.decompiler.DecompilerDriver.decompileType(DecompilerDriver.java:292)
	at com.strobel.decompiler.DecompilerDriver.decompileJar(DecompilerDriver.java:254)
	at com.strobel.decompiler.DecompilerDriver.main(DecompilerDriver.java:129)
Decompiling majamma...
java.lang.IndexOutOfBoundsException: Index -1 out of bounds for length 111
	at java.base/jdk.internal.util.Preconditions.outOfBounds(Preconditions.java:100)
	at java.base/jdk.internal.util.Preconditions.outOfBoundsCheckIndex(Preconditions.java:106)
	at java.base/jdk.internal.util.Preconditions.checkIndex(Preconditions.java:302)
	at java.base/java.util.Objects.checkIndex(Objects.java:365)
	at java.base/java.util.ArrayList.get(ArrayList.java:428)
	at com.strobel.assembler.ir.ConstantPool.get(ConstantPool.java:80)
	at com.strobel.assembler.metadata.ClassFileReader$Scope.lookupConstant(ClassFileReader.java:1584)
	at com.strobel.assembler.ir.MetadataReader.readAttributeCore(MetadataReader.java:180)
	at com.strobel.assembler.metadata.ClassFileReader.readAttributeCore(ClassFileReader.java:431)
	at com.strobel.assembler.ir.MetadataReader.readAttribute(MetadataReader.java:52)
	at com.strobel.assembler.ir.MetadataReader.readAttributes(MetadataReader.java:42)
	at com.strobel.assembler.metadata.ClassFileReader.readAttributeCore(ClassFileReader.java:205)
	at com.strobel.assembler.ir.MetadataReader.inflateAttribute(MetadataReader.java:394)
	at com.strobel.assembler.ir.MetadataReader.inflateAttributes(MetadataReader.java:371)
	at com.strobel.assembler.metadata.ClassFileReader.defineMethods(ClassFileReader.java:1247)
	at com.strobel.assembler.metadata.ClassFileReader.readClass(ClassFileReader.java:669)
	at com.strobel.assembler.metadata.ClassFileReader.readClass(ClassFileReader.java:605)
	at com.strobel.assembler.metadata.MetadataSystem.resolveType(MetadataSystem.java:129)
	at com.strobel.decompiler.NoRetryMetadataSystem.resolveType(DecompilerDriver.java:475)
	at com.strobel.assembler.metadata.MetadataSystem.resolveCore(MetadataSystem.java:81)
	at com.strobel.assembler.metadata.MetadataResolver.resolve(MetadataResolver.java:104)
	at com.strobel.assembler.metadata.CoreMetadataFactory$UnresolvedType.resolve(CoreMetadataFactory.java:616)
	at com.strobel.decompiler.languages.java.ast.AstBuilder.convertType(AstBuilder.java:369)
	at com.strobel.decompiler.languages.java.ast.AstBuilder.convertType(AstBuilder.java:207)
	at com.strobel.decompiler.languages.java.ast.AstBuilder.convertType(AstBuilder.java:203)
	at com.strobel.decompiler.languages.java.ast.AstBuilder.createParameters(AstBuilder.java:215)
	at com.strobel.decompiler.languages.java.ast.AstBuilder.createMethod(AstBuilder.java:748)
	at com.strobel.decompiler.languages.java.ast.AstBuilder.addTypeMembers(AstBuilder.java:638)
	at com.strobel.decompiler.languages.java.ast.AstBuilder.createTypeCore(AstBuilder.java:605)
	at com.strobel.decompiler.languages.java.ast.AstBuilder.createTypeNoCache(AstBuilder.java:195)
	at com.strobel.decompiler.languages.java.ast.AstBuilder.createType(AstBuilder.java:162)
	at com.strobel.decompiler.languages.java.ast.AstBuilder.addType(AstBuilder.java:137)
	at com.strobel.decompiler.languages.java.JavaLanguage.buildAst(JavaLanguage.java:71)
	at com.strobel.decompiler.languages.java.JavaLanguage.decompileType(JavaLanguage.java:59)
	at com.strobel.decompiler.DecompilerDriver.decompileType(DecompilerDriver.java:333)
	at com.strobel.decompiler.DecompilerDriver.decompileJar(DecompilerDriver.java:254)
	at com.strobel.decompiler.DecompilerDriver.main(DecompilerDriver.java:129)
java.lang.IndexOutOfBoundsException: Index -1 out of bounds for length 344
	at java.base/jdk.internal.util.Preconditions.outOfBounds(Preconditions.java:100)
	at java.base/jdk.internal.util.Preconditions.outOfBoundsCheckIndex(Preconditions.java:106)
	at java.base/jdk.internal.util.Preconditions.checkIndex(Preconditions.java:302)
	at java.base/java.util.Objects.checkIndex(Objects.java:365)
	at java.base/java.util.ArrayList.get(ArrayList.java:428)
	at com.strobel.assembler.ir.ConstantPool.get(ConstantPool.java:80)
	at com.strobel.assembler.metadata.ClassFileReader$Scope.lookupConstant(ClassFileReader.java:1584)
	at com.strobel.assembler.ir.MetadataReader.readAttributeCore(MetadataReader.java:180)
	at com.strobel.assembler.metadata.ClassFileReader.readAttributeCore(ClassFileReader.java:431)
	at com.strobel.assembler.ir.MetadataReader.readAttribute(MetadataReader.java:52)
	at com.strobel.assembler.ir.MetadataReader.readAttributes(MetadataReader.java:42)
	at com.strobel.assembler.metadata.ClassFileReader.readAttributeCore(ClassFileReader.java:205)
	at com.strobel.assembler.ir.MetadataReader.inflateAttribute(MetadataReader.java:394)
	at com.strobel.assembler.ir.MetadataReader.inflateAttributes(MetadataReader.java:371)
	at com.strobel.assembler.metadata.ClassFileReader.defineMethods(ClassFileReader.java:1247)
	at com.strobel.assembler.metadata.ClassFileReader.readClass(ClassFileReader.java:669)
	at com.strobel.assembler.metadata.ClassFileReader.readClass(ClassFileReader.java:605)
	at com.strobel.assembler.metadata.MetadataSystem.resolveType(MetadataSystem.java:129)
	at com.strobel.decompiler.NoRetryMetadataSystem.resolveType(DecompilerDriver.java:475)
	at com.strobel.assembler.metadata.MetadataSystem.lookupTypeCore(MetadataSystem.java:86)
	at com.strobel.assembler.metadata.MetadataResolver.lookupType(MetadataResolver.java:46)
	at com.strobel.decompiler.DecompilerDriver.decompileType(DecompilerDriver.java:292)
	at com.strobel.decompiler.DecompilerDriver.decompileJar(DecompilerDriver.java:254)
	at com.strobel.decompiler.DecompilerDriver.main(DecompilerDriver.java:129)
java.lang.IndexOutOfBoundsException: Index -1 out of bounds for length 82
	at java.base/jdk.internal.util.Preconditions.outOfBounds(Preconditions.java:100)
	at java.base/jdk.internal.util.Preconditions.outOfBoundsCheckIndex(Preconditions.java:106)
	at java.base/jdk.internal.util.Preconditions.checkIndex(Preconditions.java:302)
	at java.base/java.util.Objects.checkIndex(Objects.java:365)
	at java.base/java.util.ArrayList.get(ArrayList.java:428)
	at com.strobel.assembler.ir.ConstantPool.get(ConstantPool.java:80)
	at com.strobel.assembler.metadata.ClassFileReader$Scope.lookupConstant(ClassFileReader.java:1584)
	at com.strobel.assembler.ir.MetadataReader.readAttributeCore(MetadataReader.java:180)
	at com.strobel.assembler.metadata.ClassFileReader.readAttributeCore(ClassFileReader.java:431)
	at com.strobel.assembler.ir.MetadataReader.readAttribute(MetadataReader.java:52)
	at com.strobel.assembler.ir.MetadataReader.readAttributes(MetadataReader.java:42)
	at com.strobel.assembler.metadata.ClassFileReader.readAttributeCore(ClassFileReader.java:205)
	at com.strobel.assembler.ir.MetadataReader.inflateAttribute(MetadataReader.java:394)
	at com.strobel.assembler.ir.MetadataReader.inflateAttributes(MetadataReader.java:371)
	at com.strobel.assembler.metadata.ClassFileReader.defineMethods(ClassFileReader.java:1247)
	at com.strobel.assembler.metadata.ClassFileReader.readClass(ClassFileReader.java:669)
	at com.strobel.assembler.metadata.ClassFileReader.readClass(ClassFileReader.java:605)
	at com.strobel.assembler.metadata.MetadataSystem.resolveType(MetadataSystem.java:129)
	at com.strobel.decompiler.NoRetryMetadataSystem.resolveType(DecompilerDriver.java:475)
	at com.strobel.assembler.metadata.MetadataSystem.lookupTypeCore(MetadataSystem.java:86)
	at com.strobel.assembler.metadata.MetadataResolver.lookupType(MetadataResolver.java:46)
	at com.strobel.decompiler.DecompilerDriver.decompileType(DecompilerDriver.java:292)
	at com.strobel.decompiler.DecompilerDriver.decompileJar(DecompilerDriver.java:254)
	at com.strobel.decompiler.DecompilerDriver.main(DecompilerDriver.java:129)
java.lang.IndexOutOfBoundsException: Index -1 out of bounds for length 94
	at java.base/jdk.internal.util.Preconditions.outOfBounds(Preconditions.java:100)
	at java.base/jdk.internal.util.Preconditions.outOfBoundsCheckIndex(Preconditions.java:106)
	at java.base/jdk.internal.util.Preconditions.checkIndex(Preconditions.java:302)
	at java.base/java.util.Objects.checkIndex(Objects.java:365)
	at java.base/java.util.ArrayList.get(ArrayList.java:428)
	at com.strobel.assembler.ir.ConstantPool.get(ConstantPool.java:80)
	at com.strobel.assembler.metadata.ClassFileReader$Scope.lookupConstant(ClassFileReader.java:1584)
	at com.strobel.assembler.ir.MetadataReader.readAttributeCore(MetadataReader.java:180)
	at com.strobel.assembler.metadata.ClassFileReader.readAttributeCore(ClassFileReader.java:431)
	at com.strobel.assembler.ir.MetadataReader.readAttribute(MetadataReader.java:52)
	at com.strobel.assembler.ir.MetadataReader.readAttributes(MetadataReader.java:42)
	at com.strobel.assembler.metadata.ClassFileReader.readAttributeCore(ClassFileReader.java:205)
	at com.strobel.assembler.ir.MetadataReader.inflateAttribute(MetadataReader.java:394)
	at com.strobel.assembler.ir.MetadataReader.inflateAttributes(MetadataReader.java:371)
	at com.strobel.assembler.metadata.ClassFileReader.defineMethods(ClassFileReader.java:1247)
	at com.strobel.assembler.metadata.ClassFileReader.readClass(ClassFileReader.java:669)
	at com.strobel.assembler.metadata.ClassFileReader.readClass(ClassFileReader.java:605)
	at com.strobel.assembler.metadata.MetadataSystem.resolveType(MetadataSystem.java:129)
	at com.strobel.decompiler.NoRetryMetadataSystem.resolveType(DecompilerDriver.java:475)
	at com.strobel.assembler.metadata.MetadataSystem.lookupTypeCore(MetadataSystem.java:86)
	at com.strobel.assembler.metadata.MetadataResolver.lookupType(MetadataResolver.java:46)
	at com.strobel.decompiler.DecompilerDriver.decompileType(DecompilerDriver.java:292)
	at com.strobel.decompiler.DecompilerDriver.decompileJar(DecompilerDriver.java:254)
	at com.strobel.decompiler.DecompilerDriver.main(DecompilerDriver.java:129)
java.lang.IndexOutOfBoundsException: Index -1 out of bounds for length 79
	at java.base/jdk.internal.util.Preconditions.outOfBounds(Preconditions.java:100)
	at java.base/jdk.internal.util.Preconditions.outOfBoundsCheckIndex(Preconditions.java:106)
	at java.base/jdk.internal.util.Preconditions.checkIndex(Preconditions.java:302)
	at java.base/java.util.Objects.checkIndex(Objects.java:365)
	at java.base/java.util.ArrayList.get(ArrayList.java:428)
	at com.strobel.assembler.ir.ConstantPool.get(ConstantPool.java:80)
	at com.strobel.assembler.metadata.ClassFileReader$Scope.lookupConstant(ClassFileReader.java:1584)
	at com.strobel.assembler.ir.MetadataReader.readAttributeCore(MetadataReader.java:180)
	at com.strobel.assembler.metadata.ClassFileReader.readAttributeCore(ClassFileReader.java:431)
	at com.strobel.assembler.ir.MetadataReader.readAttribute(MetadataReader.java:52)
	at com.strobel.assembler.ir.MetadataReader.readAttributes(MetadataReader.java:42)
	at com.strobel.assembler.metadata.ClassFileReader.readAttributeCore(ClassFileReader.java:205)
	at com.strobel.assembler.ir.MetadataReader.inflateAttribute(MetadataReader.java:394)
	at com.strobel.assembler.ir.MetadataReader.inflateAttributes(MetadataReader.java:371)
	at com.strobel.assembler.metadata.ClassFileReader.defineMethods(ClassFileReader.java:1247)
	at com.strobel.assembler.metadata.ClassFileReader.readClass(ClassFileReader.java:669)
	at com.strobel.assembler.metadata.ClassFileReader.readClass(ClassFileReader.java:605)
	at com.strobel.assembler.metadata.MetadataSystem.resolveType(MetadataSystem.java:129)
	at com.strobel.decompiler.NoRetryMetadataSystem.resolveType(DecompilerDriver.java:475)
	at com.strobel.assembler.metadata.MetadataSystem.lookupTypeCore(MetadataSystem.java:86)
	at com.strobel.assembler.metadata.MetadataResolver.lookupType(MetadataResolver.java:46)
	at com.strobel.decompiler.DecompilerDriver.decompileType(DecompilerDriver.java:292)
	at com.strobel.decompiler.DecompilerDriver.decompileJar(DecompilerDriver.java:254)
	at com.strobel.decompiler.DecompilerDriver.main(DecompilerDriver.java:129)
java.lang.IndexOutOfBoundsException: Index -1 out of bounds for length 154
	at java.base/jdk.internal.util.Preconditions.outOfBounds(Preconditions.java:100)
	at java.base/jdk.internal.util.Preconditions.outOfBoundsCheckIndex(Preconditions.java:106)
	at java.base/jdk.internal.util.Preconditions.checkIndex(Preconditions.java:302)
	at java.base/java.util.Objects.checkIndex(Objects.java:365)
	at java.base/java.util.ArrayList.get(ArrayList.java:428)
	at com.strobel.assembler.ir.ConstantPool.get(ConstantPool.java:80)
	at com.strobel.assembler.metadata.ClassFileReader$Scope.lookupConstant(ClassFileReader.java:1584)
	at com.strobel.assembler.ir.MetadataReader.readAttributeCore(MetadataReader.java:180)
	at com.strobel.assembler.metadata.ClassFileReader.readAttributeCore(ClassFileReader.java:431)
	at com.strobel.assembler.ir.MetadataReader.readAttribute(MetadataReader.java:52)
	at com.strobel.assembler.ir.MetadataReader.readAttributes(MetadataReader.java:42)
	at com.strobel.assembler.metadata.ClassFileReader.readAttributeCore(ClassFileReader.java:205)
	at com.strobel.assembler.ir.MetadataReader.inflateAttribute(MetadataReader.java:394)
	at com.strobel.assembler.ir.MetadataReader.inflateAttributes(MetadataReader.java:371)
	at com.strobel.assembler.metadata.ClassFileReader.defineMethods(ClassFileReader.java:1247)
	at com.strobel.assembler.metadata.ClassFileReader.readClass(ClassFileReader.java:669)
	at com.strobel.assembler.metadata.ClassFileReader.readClass(ClassFileReader.java:605)
	at com.strobel.assembler.metadata.MetadataSystem.resolveType(MetadataSystem.java:129)
	at com.strobel.decompiler.NoRetryMetadataSystem.resolveType(DecompilerDriver.java:475)
	at com.strobel.assembler.metadata.MetadataSystem.resolveCore(MetadataSystem.java:81)
	at com.strobel.assembler.metadata.MetadataResolver.resolve(MetadataResolver.java:104)
	at com.strobel.assembler.metadata.CoreMetadataFactory$UnresolvedType.resolve(CoreMetadataFactory.java:616)
	at com.strobel.assembler.metadata.ClassFileReader.checkSealed0(ClassFileReader.java:939)
	at com.strobel.assembler.metadata.ClassFileReader.populatePermittedSubclasses(ClassFileReader.java:924)
	at com.strobel.assembler.metadata.ClassFileReader.visitAttributes(ClassFileReader.java:1427)
	at com.strobel.assembler.metadata.ClassFileReader.readClass(ClassFileReader.java:667)
	at com.strobel.assembler.metadata.ClassFileReader.readClass(ClassFileReader.java:605)
	at com.strobel.assembler.metadata.MetadataSystem.resolveType(MetadataSystem.java:129)
	at com.strobel.decompiler.NoRetryMetadataSystem.resolveType(DecompilerDriver.java:475)
	at com.strobel.assembler.metadata.MetadataSystem.lookupTypeCore(MetadataSystem.java:86)
	at com.strobel.assembler.metadata.MetadataResolver.lookupType(MetadataResolver.java:46)
	at com.strobel.decompiler.DecompilerDriver.decompileType(DecompilerDriver.java:292)
	at com.strobel.decompiler.DecompilerDriver.decompileJar(DecompilerDriver.java:254)
	at com.strobel.decompiler.DecompilerDriver.main(DecompilerDriver.java:129)
java.lang.IndexOutOfBoundsException: Index -1 out of bounds for length 54
	at java.base/jdk.internal.util.Preconditions.outOfBounds(Preconditions.java:100)
	at java.base/jdk.internal.util.Preconditions.outOfBoundsCheckIndex(Preconditions.java:106)
	at java.base/jdk.internal.util.Preconditions.checkIndex(Preconditions.java:302)
	at java.base/java.util.Objects.checkIndex(Objects.java:365)
	at java.base/java.util.ArrayList.get(ArrayList.java:428)
	at com.strobel.assembler.ir.ConstantPool.get(ConstantPool.java:80)
	at com.strobel.assembler.metadata.ClassFileReader$Scope.lookupConstant(ClassFileReader.java:1584)
	at com.strobel.assembler.ir.MetadataReader.readAttributeCore(MetadataReader.java:180)
	at com.strobel.assembler.metadata.ClassFileReader.readAttributeCore(ClassFileReader.java:431)
	at com.strobel.assembler.ir.MetadataReader.readAttribute(MetadataReader.java:52)
	at com.strobel.assembler.ir.MetadataReader.readAttributes(MetadataReader.java:42)
	at com.strobel.assembler.metadata.ClassFileReader.readAttributeCore(ClassFileReader.java:205)
	at com.strobel.assembler.ir.MetadataReader.inflateAttribute(MetadataReader.java:394)
	at com.strobel.assembler.ir.MetadataReader.inflateAttributes(MetadataReader.java:371)
	at com.strobel.assembler.metadata.ClassFileReader.defineMethods(ClassFileReader.java:1247)
	at com.strobel.assembler.metadata.ClassFileReader.readClass(ClassFileReader.java:669)
	at com.strobel.assembler.metadata.ClassFileReader.readClass(ClassFileReader.java:605)
	at com.strobel.assembler.metadata.MetadataSystem.resolveType(MetadataSystem.java:129)
	at com.strobel.decompiler.NoRetryMetadataSystem.resolveType(DecompilerDriver.java:475)
	at com.strobel.assembler.metadata.MetadataSystem.lookupTypeCore(MetadataSystem.java:86)
	at com.strobel.assembler.metadata.MetadataResolver.lookupType(MetadataResolver.java:46)
	at com.strobel.decompiler.DecompilerDriver.decompileType(DecompilerDriver.java:292)
	at com.strobel.decompiler.DecompilerDriver.decompileJar(DecompilerDriver.java:254)
	at com.strobel.decompiler.DecompilerDriver.main(DecompilerDriver.java:129)
java.lang.IndexOutOfBoundsException: Index -1 out of bounds for length 29
	at java.base/jdk.internal.util.Preconditions.outOfBounds(Preconditions.java:100)
	at java.base/jdk.internal.util.Preconditions.outOfBoundsCheckIndex(Preconditions.java:106)
	at java.base/jdk.internal.util.Preconditions.checkIndex(Preconditions.java:302)
	at java.base/java.util.Objects.checkIndex(Objects.java:365)
	at java.base/java.util.ArrayList.get(ArrayList.java:428)
	at com.strobel.assembler.ir.ConstantPool.get(ConstantPool.java:80)
	at com.strobel.assembler.metadata.ClassFileReader$Scope.lookupConstant(ClassFileReader.java:1584)
	at com.strobel.assembler.ir.MetadataReader.readAttributeCore(MetadataReader.java:180)
	at com.strobel.assembler.metadata.ClassFileReader.readAttributeCore(ClassFileReader.java:431)
	at com.strobel.assembler.ir.MetadataReader.readAttribute(MetadataReader.java:52)
	at com.strobel.assembler.ir.MetadataReader.readAttributes(MetadataReader.java:42)
	at com.strobel.assembler.metadata.ClassFileReader.readAttributeCore(ClassFileReader.java:205)
	at com.strobel.assembler.ir.MetadataReader.inflateAttribute(MetadataReader.java:394)
	at com.strobel.assembler.ir.MetadataReader.inflateAttributes(MetadataReader.java:371)
	at com.strobel.assembler.metadata.ClassFileReader.defineMethods(ClassFileReader.java:1247)
	at com.strobel.assembler.metadata.ClassFileReader.readClass(ClassFileReader.java:669)
	at com.strobel.assembler.metadata.ClassFileReader.readClass(ClassFileReader.java:605)
	at com.strobel.assembler.metadata.MetadataSystem.resolveType(MetadataSystem.java:129)
	at com.strobel.decompiler.NoRetryMetadataSystem.resolveType(DecompilerDriver.java:475)
	at com.strobel.assembler.metadata.MetadataSystem.lookupTypeCore(MetadataSystem.java:86)
	at com.strobel.assembler.metadata.MetadataResolver.lookupType(MetadataResolver.java:46)
	at com.strobel.decompiler.DecompilerDriver.decompileType(DecompilerDriver.java:292)
	at com.strobel.decompiler.DecompilerDriver.decompileJar(DecompilerDriver.java:254)
	at com.strobel.decompiler.DecompilerDriver.main(DecompilerDriver.java:129)
java.lang.IndexOutOfBoundsException: Index -1 out of bounds for length 580
	at java.base/jdk.internal.util.Preconditions.outOfBounds(Preconditions.java:100)
	at java.base/jdk.internal.util.Preconditions.outOfBoundsCheckIndex(Preconditions.java:106)
	at java.base/jdk.internal.util.Preconditions.checkIndex(Preconditions.java:302)
	at java.base/java.util.Objects.checkIndex(Objects.java:365)
	at java.base/java.util.ArrayList.get(ArrayList.java:428)
	at com.strobel.assembler.ir.ConstantPool.get(ConstantPool.java:80)
	at com.strobel.assembler.metadata.ClassFileReader$Scope.lookupConstant(ClassFileReader.java:1584)
	at com.strobel.assembler.ir.MetadataReader.readAttributeCore(MetadataReader.java:180)
	at com.strobel.assembler.metadata.ClassFileReader.readAttributeCore(ClassFileReader.java:431)
	at com.strobel.assembler.ir.MetadataReader.readAttribute(MetadataReader.java:52)
	at com.strobel.assembler.ir.MetadataReader.readAttributes(MetadataReader.java:42)
	at com.strobel.assembler.metadata.ClassFileReader.readAttributeCore(ClassFileReader.java:205)
	at com.strobel.assembler.ir.MetadataReader.inflateAttribute(MetadataReader.java:394)
	at com.strobel.assembler.ir.MetadataReader.inflateAttributes(MetadataReader.java:371)
	at com.strobel.assembler.metadata.ClassFileReader.defineMethods(ClassFileReader.java:1247)
	at com.strobel.assembler.metadata.ClassFileReader.readClass(ClassFileReader.java:669)
	at com.strobel.assembler.metadata.ClassFileReader.readClass(ClassFileReader.java:605)
	at com.strobel.assembler.metadata.MetadataSystem.resolveType(MetadataSystem.java:129)
	at com.strobel.decompiler.NoRetryMetadataSystem.resolveType(DecompilerDriver.java:475)
	at com.strobel.assembler.metadata.MetadataSystem.lookupTypeCore(MetadataSystem.java:86)
	at com.strobel.assembler.metadata.MetadataResolver.lookupType(MetadataResolver.java:46)
	at com.strobel.decompiler.DecompilerDriver.decompileType(DecompilerDriver.java:292)
	at com.strobel.decompiler.DecompilerDriver.decompileJar(DecompilerDriver.java:254)
	at com.strobel.decompiler.DecompilerDriver.main(DecompilerDriver.java:129)
java.lang.IndexOutOfBoundsException: Index -1 out of bounds for length 578
	at java.base/jdk.internal.util.Preconditions.outOfBounds(Preconditions.java:100)
	at java.base/jdk.internal.util.Preconditions.outOfBoundsCheckIndex(Preconditions.java:106)
	at java.base/jdk.internal.util.Preconditions.checkIndex(Preconditions.java:302)
	at java.base/java.util.Objects.checkIndex(Objects.java:365)
	at java.base/java.util.ArrayList.get(ArrayList.java:428)
	at com.strobel.assembler.ir.ConstantPool.get(ConstantPool.java:80)
	at com.strobel.assembler.metadata.ClassFileReader$Scope.lookupConstant(ClassFileReader.java:1584)
	at com.strobel.assembler.ir.MetadataReader.readAttributeCore(MetadataReader.java:180)
	at com.strobel.assembler.metadata.ClassFileReader.readAttributeCore(ClassFileReader.java:431)
	at com.strobel.assembler.ir.MetadataReader.readAttribute(MetadataReader.java:52)
	at com.strobel.assembler.ir.MetadataReader.readAttributes(MetadataReader.java:42)
	at com.strobel.assembler.metadata.ClassFileReader.readAttributeCore(ClassFileReader.java:205)
	at com.strobel.assembler.ir.MetadataReader.inflateAttribute(MetadataReader.java:394)
	at com.strobel.assembler.ir.MetadataReader.inflateAttributes(MetadataReader.java:371)
	at com.strobel.assembler.metadata.ClassFileReader.defineMethods(ClassFileReader.java:1247)
	at com.strobel.assembler.metadata.ClassFileReader.readClass(ClassFileReader.java:669)
	at com.strobel.assembler.metadata.ClassFileReader.readClass(ClassFileReader.java:605)
	at com.strobel.assembler.metadata.MetadataSystem.resolveType(MetadataSystem.java:129)
	at com.strobel.decompiler.NoRetryMetadataSystem.resolveType(DecompilerDriver.java:475)
	at com.strobel.assembler.metadata.MetadataSystem.lookupTypeCore(MetadataSystem.java:86)
	at com.strobel.assembler.metadata.MetadataResolver.lookupType(MetadataResolver.java:46)
	at com.strobel.decompiler.DecompilerDriver.decompileType(DecompilerDriver.java:292)
	at com.strobel.decompiler.DecompilerDriver.decompileJar(DecompilerDriver.java:254)
	at com.strobel.decompiler.DecompilerDriver.main(DecompilerDriver.java:129)
Decompiling mmaakma...
java.lang.IndexOutOfBoundsException: Index -1 out of bounds for length 249
	at java.base/jdk.internal.util.Preconditions.outOfBounds(Preconditions.java:100)
	at java.base/jdk.internal.util.Preconditions.outOfBoundsCheckIndex(Preconditions.java:106)
	at java.base/jdk.internal.util.Preconditions.checkIndex(Preconditions.java:302)
	at java.base/java.util.Objects.checkIndex(Objects.java:365)
	at java.base/java.util.ArrayList.get(ArrayList.java:428)
	at com.strobel.assembler.ir.ConstantPool.get(ConstantPool.java:80)
	at com.strobel.assembler.metadata.ClassFileReader$Scope.lookupConstant(ClassFileReader.java:1584)
	at com.strobel.assembler.ir.MetadataReader.readAttributeCore(MetadataReader.java:180)
	at com.strobel.assembler.metadata.ClassFileReader.readAttributeCore(ClassFileReader.java:431)
	at com.strobel.assembler.ir.MetadataReader.readAttribute(MetadataReader.java:52)
	at com.strobel.assembler.ir.MetadataReader.readAttributes(MetadataReader.java:42)
	at com.strobel.assembler.metadata.ClassFileReader.readAttributeCore(ClassFileReader.java:205)
	at com.strobel.assembler.ir.MetadataReader.inflateAttribute(MetadataReader.java:394)
	at com.strobel.assembler.ir.MetadataReader.inflateAttributes(MetadataReader.java:371)
	at com.strobel.assembler.metadata.ClassFileReader.defineMethods(ClassFileReader.java:1247)
	at com.strobel.assembler.metadata.ClassFileReader.readClass(ClassFileReader.java:669)
	at com.strobel.assembler.metadata.ClassFileReader.readClass(ClassFileReader.java:605)
	at com.strobel.assembler.metadata.MetadataSystem.resolveType(MetadataSystem.java:129)
	at com.strobel.decompiler.NoRetryMetadataSystem.resolveType(DecompilerDriver.java:475)
	at com.strobel.assembler.metadata.MetadataSystem.lookupTypeCore(MetadataSystem.java:86)
	at com.strobel.assembler.metadata.MetadataResolver.lookupType(MetadataResolver.java:46)
	at com.strobel.decompiler.DecompilerDriver.decompileType(DecompilerDriver.java:292)
	at com.strobel.decompiler.DecompilerDriver.decompileJar(DecompilerDriver.java:254)
	at com.strobel.decompiler.DecompilerDriver.main(DecompilerDriver.java:129)
java.lang.IndexOutOfBoundsException: Index -1 out of bounds for length 21
	at java.base/jdk.internal.util.Preconditions.outOfBounds(Preconditions.java:100)
	at java.base/jdk.internal.util.Preconditions.outOfBoundsCheckIndex(Preconditions.java:106)
	at java.base/jdk.internal.util.Preconditions.checkIndex(Preconditions.java:302)
	at java.base/java.util.Objects.checkIndex(Objects.java:365)
	at java.base/java.util.ArrayList.get(ArrayList.java:428)
	at com.strobel.assembler.ir.ConstantPool.get(ConstantPool.java:80)
	at com.strobel.assembler.metadata.ClassFileReader$Scope.lookupConstant(ClassFileReader.java:1584)
	at com.strobel.assembler.ir.MetadataReader.readAttributeCore(MetadataReader.java:180)
	at com.strobel.assembler.metadata.ClassFileReader.readAttributeCore(ClassFileReader.java:431)
	at com.strobel.assembler.ir.MetadataReader.readAttribute(MetadataReader.java:52)
	at com.strobel.assembler.ir.MetadataReader.readAttributes(MetadataReader.java:42)
	at com.strobel.assembler.metadata.ClassFileReader.readAttributeCore(ClassFileReader.java:205)
	at com.strobel.assembler.ir.MetadataReader.inflateAttribute(MetadataReader.java:394)
	at com.strobel.assembler.ir.MetadataReader.inflateAttributes(MetadataReader.java:371)
	at com.strobel.assembler.metadata.ClassFileReader.defineMethods(ClassFileReader.java:1247)
	at com.strobel.assembler.metadata.ClassFileReader.readClass(ClassFileReader.java:669)
	at com.strobel.assembler.metadata.ClassFileReader.readClass(ClassFileReader.java:605)
	at com.strobel.assembler.metadata.MetadataSystem.resolveType(MetadataSystem.java:129)
	at com.strobel.decompiler.NoRetryMetadataSystem.resolveType(DecompilerDriver.java:475)
	at com.strobel.assembler.metadata.MetadataSystem.lookupTypeCore(MetadataSystem.java:86)
	at com.strobel.assembler.metadata.MetadataResolver.lookupType(MetadataResolver.java:46)
	at com.strobel.decompiler.DecompilerDriver.decompileType(DecompilerDriver.java:292)
	at com.strobel.decompiler.DecompilerDriver.decompileJar(DecompilerDriver.java:254)
	at com.strobel.decompiler.DecompilerDriver.main(DecompilerDriver.java:129)
java.lang.IndexOutOfBoundsException: Index -1 out of bounds for length 230
	at java.base/jdk.internal.util.Preconditions.outOfBounds(Preconditions.java:100)
	at java.base/jdk.internal.util.Preconditions.outOfBoundsCheckIndex(Preconditions.java:106)
	at java.base/jdk.internal.util.Preconditions.checkIndex(Preconditions.java:302)
	at java.base/java.util.Objects.checkIndex(Objects.java:365)
	at java.base/java.util.ArrayList.get(ArrayList.java:428)
	at com.strobel.assembler.ir.ConstantPool.get(ConstantPool.java:80)
	at com.strobel.assembler.metadata.ClassFileReader$Scope.lookupConstant(ClassFileReader.java:1584)
	at com.strobel.assembler.ir.MetadataReader.readAttributeCore(MetadataReader.java:180)
	at com.strobel.assembler.metadata.ClassFileReader.readAttributeCore(ClassFileReader.java:431)
	at com.strobel.assembler.ir.MetadataReader.readAttribute(MetadataReader.java:52)
	at com.strobel.assembler.ir.MetadataReader.readAttributes(MetadataReader.java:42)
	at com.strobel.assembler.metadata.ClassFileReader.readAttributeCore(ClassFileReader.java:205)
	at com.strobel.assembler.ir.MetadataReader.inflateAttribute(MetadataReader.java:394)
	at com.strobel.assembler.ir.MetadataReader.inflateAttributes(MetadataReader.java:371)
	at com.strobel.assembler.metadata.ClassFileReader.defineMethods(ClassFileReader.java:1247)
	at com.strobel.assembler.metadata.ClassFileReader.readClass(ClassFileReader.java:669)
	at com.strobel.assembler.metadata.ClassFileReader.readClass(ClassFileReader.java:605)
	at com.strobel.assembler.metadata.MetadataSystem.resolveType(MetadataSystem.java:129)
	at com.strobel.decompiler.NoRetryMetadataSystem.resolveType(DecompilerDriver.java:475)
	at com.strobel.assembler.metadata.MetadataSystem.lookupTypeCore(MetadataSystem.java:86)
	at com.strobel.assembler.metadata.MetadataResolver.lookupType(MetadataResolver.java:46)
	at com.strobel.decompiler.DecompilerDriver.decompileType(DecompilerDriver.java:292)
	at com.strobel.decompiler.DecompilerDriver.decompileJar(DecompilerDriver.java:254)
	at com.strobel.decompiler.DecompilerDriver.main(DecompilerDriver.java:129)
java.lang.IndexOutOfBoundsException: Index -1 out of bounds for length 578
	at java.base/jdk.internal.util.Preconditions.outOfBounds(Preconditions.java:100)
	at java.base/jdk.internal.util.Preconditions.outOfBoundsCheckIndex(Preconditions.java:106)
	at java.base/jdk.internal.util.Preconditions.checkIndex(Preconditions.java:302)
	at java.base/java.util.Objects.checkIndex(Objects.java:365)
	at java.base/java.util.ArrayList.get(ArrayList.java:428)
	at com.strobel.assembler.ir.ConstantPool.get(ConstantPool.java:80)
	at com.strobel.assembler.metadata.ClassFileReader$Scope.lookupConstant(ClassFileReader.java:1584)
	at com.strobel.assembler.ir.MetadataReader.readAttributeCore(MetadataReader.java:180)
	at com.strobel.assembler.metadata.ClassFileReader.readAttributeCore(ClassFileReader.java:431)
	at com.strobel.assembler.ir.MetadataReader.readAttribute(MetadataReader.java:52)
	at com.strobel.assembler.ir.MetadataReader.readAttributes(MetadataReader.java:42)
	at com.strobel.assembler.metadata.ClassFileReader.readAttributeCore(ClassFileReader.java:205)
	at com.strobel.assembler.ir.MetadataReader.inflateAttribute(MetadataReader.java:394)
	at com.strobel.assembler.ir.MetadataReader.inflateAttributes(MetadataReader.java:371)
	at com.strobel.assembler.metadata.ClassFileReader.defineMethods(ClassFileReader.java:1247)
	at com.strobel.assembler.metadata.ClassFileReader.readClass(ClassFileReader.java:669)
	at com.strobel.assembler.metadata.ClassFileReader.readClass(ClassFileReader.java:605)
	at com.strobel.assembler.metadata.MetadataSystem.resolveType(MetadataSystem.java:129)
	at com.strobel.decompiler.NoRetryMetadataSystem.resolveType(DecompilerDriver.java:475)
	at com.strobel.assembler.metadata.MetadataSystem.resolveCore(MetadataSystem.java:81)
	at com.strobel.assembler.metadata.MetadataResolver.resolve(MetadataResolver.java:104)
	at com.strobel.assembler.metadata.CoreMetadataFactory$UnresolvedType.resolve(CoreMetadataFactory.java:616)
	at com.strobel.assembler.metadata.ClassFileReader.checkSealed0(ClassFileReader.java:939)
	at com.strobel.assembler.metadata.ClassFileReader.populatePermittedSubclasses(ClassFileReader.java:924)
	at com.strobel.assembler.metadata.ClassFileReader.visitAttributes(ClassFileReader.java:1427)
	at com.strobel.assembler.metadata.ClassFileReader.readClass(ClassFileReader.java:667)
	at com.strobel.assembler.metadata.ClassFileReader.readClass(ClassFileReader.java:605)
	at com.strobel.assembler.metadata.MetadataSystem.resolveType(MetadataSystem.java:129)
	at com.strobel.decompiler.NoRetryMetadataSystem.resolveType(DecompilerDriver.java:475)
	at com.strobel.assembler.metadata.MetadataSystem.lookupTypeCore(MetadataSystem.java:86)
	at com.strobel.assembler.metadata.MetadataResolver.lookupType(MetadataResolver.java:46)
	at com.strobel.decompiler.DecompilerDriver.decompileType(DecompilerDriver.java:292)
	at com.strobel.decompiler.DecompilerDriver.decompileJar(DecompilerDriver.java:254)
	at com.strobel.decompiler.DecompilerDriver.main(DecompilerDriver.java:129)
java.lang.IndexOutOfBoundsException: Index -1 out of bounds for length 168
	at java.base/jdk.internal.util.Preconditions.outOfBounds(Preconditions.java:100)
	at java.base/jdk.internal.util.Preconditions.outOfBoundsCheckIndex(Preconditions.java:106)
	at java.base/jdk.internal.util.Preconditions.checkIndex(Preconditions.java:302)
	at java.base/java.util.Objects.checkIndex(Objects.java:365)
	at java.base/java.util.ArrayList.get(ArrayList.java:428)
	at com.strobel.assembler.ir.ConstantPool.get(ConstantPool.java:80)
	at com.strobel.assembler.metadata.ClassFileReader$Scope.lookupConstant(ClassFileReader.java:1584)
	at com.strobel.assembler.ir.MetadataReader.readAttributeCore(MetadataReader.java:180)
	at com.strobel.assembler.metadata.ClassFileReader.readAttributeCore(ClassFileReader.java:431)
	at com.strobel.assembler.ir.MetadataReader.readAttribute(MetadataReader.java:52)
	at com.strobel.assembler.ir.MetadataReader.readAttributes(MetadataReader.java:42)
	at com.strobel.assembler.metadata.ClassFileReader.readAttributeCore(ClassFileReader.java:205)
	at com.strobel.assembler.ir.MetadataReader.inflateAttribute(MetadataReader.java:394)
	at com.strobel.assembler.ir.MetadataReader.inflateAttributes(MetadataReader.java:371)
	at com.strobel.assembler.metadata.ClassFileReader.defineMethods(ClassFileReader.java:1247)
	at com.strobel.assembler.metadata.ClassFileReader.readClass(ClassFileReader.java:669)
	at com.strobel.assembler.metadata.ClassFileReader.readClass(ClassFileReader.java:605)
	at com.strobel.assembler.metadata.MetadataSystem.resolveType(MetadataSystem.java:129)
	at com.strobel.decompiler.NoRetryMetadataSystem.resolveType(DecompilerDriver.java:475)
	at com.strobel.assembler.metadata.MetadataSystem.lookupTypeCore(MetadataSystem.java:86)
	at com.strobel.assembler.metadata.MetadataResolver.lookupType(MetadataResolver.java:46)
	at com.strobel.decompiler.DecompilerDriver.decompileType(DecompilerDriver.java:292)
	at com.strobel.decompiler.DecompilerDriver.decompileJar(DecompilerDriver.java:254)
	at com.strobel.decompiler.DecompilerDriver.main(DecompilerDriver.java:129)
java.lang.IndexOutOfBoundsException: Index -1 out of bounds for length 35
	at java.base/jdk.internal.util.Preconditions.outOfBounds(Preconditions.java:100)
	at java.base/jdk.internal.util.Preconditions.outOfBoundsCheckIndex(Preconditions.java:106)
	at java.base/jdk.internal.util.Preconditions.checkIndex(Preconditions.java:302)
	at java.base/java.util.Objects.checkIndex(Objects.java:365)
	at java.base/java.util.ArrayList.get(ArrayList.java:428)
	at com.strobel.assembler.ir.ConstantPool.get(ConstantPool.java:80)
	at com.strobel.assembler.metadata.ClassFileReader$Scope.lookupConstant(ClassFileReader.java:1584)
	at com.strobel.assembler.ir.MetadataReader.readAttributeCore(MetadataReader.java:180)
	at com.strobel.assembler.metadata.ClassFileReader.readAttributeCore(ClassFileReader.java:431)
	at com.strobel.assembler.ir.MetadataReader.readAttribute(MetadataReader.java:52)
	at com.strobel.assembler.ir.MetadataReader.readAttributes(MetadataReader.java:42)
	at com.strobel.assembler.metadata.ClassFileReader.readAttributeCore(ClassFileReader.java:205)
	at com.strobel.assembler.ir.MetadataReader.inflateAttribute(MetadataReader.java:394)
	at com.strobel.assembler.ir.MetadataReader.inflateAttributes(MetadataReader.java:371)
	at com.strobel.assembler.metadata.ClassFileReader.defineMethods(ClassFileReader.java:1247)
	at com.strobel.assembler.metadata.ClassFileReader.readClass(ClassFileReader.java:669)
	at com.strobel.assembler.metadata.ClassFileReader.readClass(ClassFileReader.java:605)
	at com.strobel.assembler.metadata.MetadataSystem.resolveType(MetadataSystem.java:129)
	at com.strobel.decompiler.NoRetryMetadataSystem.resolveType(DecompilerDriver.java:475)
	at com.strobel.assembler.metadata.MetadataSystem.lookupTypeCore(MetadataSystem.java:86)
	at com.strobel.assembler.metadata.MetadataResolver.lookupType(MetadataResolver.java:46)
	at com.strobel.decompiler.DecompilerDriver.decompileType(DecompilerDriver.java:292)
	at com.strobel.decompiler.DecompilerDriver.decompileJar(DecompilerDriver.java:254)
	at com.strobel.decompiler.DecompilerDriver.main(DecompilerDriver.java:129)
java.lang.IndexOutOfBoundsException: Index -1 out of bounds for length 42
	at java.base/jdk.internal.util.Preconditions.outOfBounds(Preconditions.java:100)
	at java.base/jdk.internal.util.Preconditions.outOfBoundsCheckIndex(Preconditions.java:106)
	at java.base/jdk.internal.util.Preconditions.checkIndex(Preconditions.java:302)
	at java.base/java.util.Objects.checkIndex(Objects.java:365)
	at java.base/java.util.ArrayList.get(ArrayList.java:428)
	at com.strobel.assembler.ir.ConstantPool.get(ConstantPool.java:80)
	at com.strobel.assembler.metadata.ClassFileReader$Scope.lookupConstant(ClassFileReader.java:1584)
	at com.strobel.assembler.ir.MetadataReader.readAttributeCore(MetadataReader.java:180)
	at com.strobel.assembler.metadata.ClassFileReader.readAttributeCore(ClassFileReader.java:431)
	at com.strobel.assembler.ir.MetadataReader.readAttribute(MetadataReader.java:52)
	at com.strobel.assembler.ir.MetadataReader.readAttributes(MetadataReader.java:42)
	at com.strobel.assembler.metadata.ClassFileReader.readAttributeCore(ClassFileReader.java:205)
	at com.strobel.assembler.ir.MetadataReader.inflateAttribute(MetadataReader.java:394)
	at com.strobel.assembler.ir.MetadataReader.inflateAttributes(MetadataReader.java:371)
	at com.strobel.assembler.metadata.ClassFileReader.defineMethods(ClassFileReader.java:1247)
	at com.strobel.assembler.metadata.ClassFileReader.readClass(ClassFileReader.java:669)
	at com.strobel.assembler.metadata.ClassFileReader.readClass(ClassFileReader.java:605)
	at com.strobel.assembler.metadata.MetadataSystem.resolveType(MetadataSystem.java:129)
	at com.strobel.decompiler.NoRetryMetadataSystem.resolveType(DecompilerDriver.java:475)
	at com.strobel.assembler.metadata.MetadataSystem.lookupTypeCore(MetadataSystem.java:86)
	at com.strobel.assembler.metadata.MetadataResolver.lookupType(MetadataResolver.java:46)
	at com.strobel.decompiler.DecompilerDriver.decompileType(DecompilerDriver.java:292)
	at com.strobel.decompiler.DecompilerDriver.decompileJar(DecompilerDriver.java:254)
	at com.strobel.decompiler.DecompilerDriver.main(DecompilerDriver.java:129)
java.lang.IndexOutOfBoundsException: Index -1 out of bounds for length 62
	at java.base/jdk.internal.util.Preconditions.outOfBounds(Preconditions.java:100)
	at java.base/jdk.internal.util.Preconditions.outOfBoundsCheckIndex(Preconditions.java:106)
	at java.base/jdk.internal.util.Preconditions.checkIndex(Preconditions.java:302)
	at java.base/java.util.Objects.checkIndex(Objects.java:365)
	at java.base/java.util.ArrayList.get(ArrayList.java:428)
	at com.strobel.assembler.ir.ConstantPool.get(ConstantPool.java:80)
	at com.strobel.assembler.metadata.ClassFileReader$Scope.lookupConstant(ClassFileReader.java:1584)
	at com.strobel.assembler.ir.MetadataReader.readAttributeCore(MetadataReader.java:180)
	at com.strobel.assembler.metadata.ClassFileReader.readAttributeCore(ClassFileReader.java:431)
	at com.strobel.assembler.ir.MetadataReader.readAttribute(MetadataReader.java:52)
	at com.strobel.assembler.ir.MetadataReader.readAttributes(MetadataReader.java:42)
	at com.strobel.assembler.metadata.ClassFileReader.readAttributeCore(ClassFileReader.java:205)
	at com.strobel.assembler.ir.MetadataReader.inflateAttribute(MetadataReader.java:394)
	at com.strobel.assembler.ir.MetadataReader.inflateAttributes(MetadataReader.java:371)
	at com.strobel.assembler.metadata.ClassFileReader.defineMethods(ClassFileReader.java:1247)
	at com.strobel.assembler.metadata.ClassFileReader.readClass(ClassFileReader.java:669)
	at com.strobel.assembler.metadata.ClassFileReader.readClass(ClassFileReader.java:605)
	at com.strobel.assembler.metadata.MetadataSystem.resolveType(MetadataSystem.java:129)
	at com.strobel.decompiler.NoRetryMetadataSystem.resolveType(DecompilerDriver.java:475)
	at com.strobel.assembler.metadata.MetadataSystem.lookupTypeCore(MetadataSystem.java:86)
	at com.strobel.assembler.metadata.MetadataResolver.lookupType(MetadataResolver.java:46)
	at com.strobel.decompiler.DecompilerDriver.decompileType(DecompilerDriver.java:292)
	at com.strobel.decompiler.DecompilerDriver.decompileJar(DecompilerDriver.java:254)
	at com.strobel.decompiler.DecompilerDriver.main(DecompilerDriver.java:129)
java.lang.IndexOutOfBoundsException: Index -1 out of bounds for length 111
	at java.base/jdk.internal.util.Preconditions.outOfBounds(Preconditions.java:100)
	at java.base/jdk.internal.util.Preconditions.outOfBoundsCheckIndex(Preconditions.java:106)
	at java.base/jdk.internal.util.Preconditions.checkIndex(Preconditions.java:302)
	at java.base/java.util.Objects.checkIndex(Objects.java:365)
	at java.base/java.util.ArrayList.get(ArrayList.java:428)
	at com.strobel.assembler.ir.ConstantPool.get(ConstantPool.java:80)
	at com.strobel.assembler.metadata.ClassFileReader$Scope.lookupConstant(ClassFileReader.java:1584)
	at com.strobel.assembler.ir.MetadataReader.readAttributeCore(MetadataReader.java:180)
	at com.strobel.assembler.metadata.ClassFileReader.readAttributeCore(ClassFileReader.java:431)
	at com.strobel.assembler.ir.MetadataReader.readAttribute(MetadataReader.java:52)
	at com.strobel.assembler.ir.MetadataReader.readAttributes(MetadataReader.java:42)
	at com.strobel.assembler.metadata.ClassFileReader.readAttributeCore(ClassFileReader.java:205)
	at com.strobel.assembler.ir.MetadataReader.inflateAttribute(MetadataReader.java:394)
	at com.strobel.assembler.ir.MetadataReader.inflateAttributes(MetadataReader.java:371)
	at com.strobel.assembler.metadata.ClassFileReader.defineMethods(ClassFileReader.java:1247)
	at com.strobel.assembler.metadata.ClassFileReader.readClass(ClassFileReader.java:669)
	at com.strobel.assembler.metadata.ClassFileReader.readClass(ClassFileReader.java:605)
	at com.strobel.assembler.metadata.MetadataSystem.resolveType(MetadataSystem.java:129)
	at com.strobel.decompiler.NoRetryMetadataSystem.resolveType(DecompilerDriver.java:475)
	at com.strobel.assembler.metadata.MetadataSystem.lookupTypeCore(MetadataSystem.java:86)
	at com.strobel.assembler.metadata.MetadataResolver.lookupType(MetadataResolver.java:46)
	at com.strobel.decompiler.DecompilerDriver.decompileType(DecompilerDriver.java:292)
	at com.strobel.decompiler.DecompilerDriver.decompileJar(DecompilerDriver.java:254)
	at com.strobel.decompiler.DecompilerDriver.main(DecompilerDriver.java:129)
java.lang.IndexOutOfBoundsException: Index -1 out of bounds for length 31
	at java.base/jdk.internal.util.Preconditions.outOfBounds(Preconditions.java:100)
	at java.base/jdk.internal.util.Preconditions.outOfBoundsCheckIndex(Preconditions.java:106)
	at java.base/jdk.internal.util.Preconditions.checkIndex(Preconditions.java:302)
	at java.base/java.util.Objects.checkIndex(Objects.java:365)
	at java.base/java.util.ArrayList.get(ArrayList.java:428)
	at com.strobel.assembler.ir.ConstantPool.get(ConstantPool.java:80)
	at com.strobel.assembler.metadata.ClassFileReader$Scope.lookupConstant(ClassFileReader.java:1584)
	at com.strobel.assembler.ir.MetadataReader.readAttributeCore(MetadataReader.java:180)
	at com.strobel.assembler.metadata.ClassFileReader.readAttributeCore(ClassFileReader.java:431)
	at com.strobel.assembler.ir.MetadataReader.readAttribute(MetadataReader.java:52)
	at com.strobel.assembler.ir.MetadataReader.readAttributes(MetadataReader.java:42)
	at com.strobel.assembler.metadata.ClassFileReader.readAttributeCore(ClassFileReader.java:205)
	at com.strobel.assembler.ir.MetadataReader.inflateAttribute(MetadataReader.java:394)
	at com.strobel.assembler.ir.MetadataReader.inflateAttributes(MetadataReader.java:371)
	at com.strobel.assembler.metadata.ClassFileReader.defineMethods(ClassFileReader.java:1247)
	at com.strobel.assembler.metadata.ClassFileReader.readClass(ClassFileReader.java:669)
	at com.strobel.assembler.metadata.ClassFileReader.readClass(ClassFileReader.java:605)
	at com.strobel.assembler.metadata.MetadataSystem.resolveType(MetadataSystem.java:129)
	at com.strobel.decompiler.NoRetryMetadataSystem.resolveType(DecompilerDriver.java:475)
	at com.strobel.assembler.metadata.MetadataSystem.lookupTypeCore(MetadataSystem.java:86)
	at com.strobel.assembler.metadata.MetadataResolver.lookupType(MetadataResolver.java:46)
	at com.strobel.decompiler.DecompilerDriver.decompileType(DecompilerDriver.java:292)
	at com.strobel.decompiler.DecompilerDriver.decompileJar(DecompilerDriver.java:254)
	at com.strobel.decompiler.DecompilerDriver.main(DecompilerDriver.java:129)
java.lang.IndexOutOfBoundsException: Index -1 out of bounds for length 27
	at java.base/jdk.internal.util.Preconditions.outOfBounds(Preconditions.java:100)
	at java.base/jdk.internal.util.Preconditions.outOfBoundsCheckIndex(Preconditions.java:106)
	at java.base/jdk.internal.util.Preconditions.checkIndex(Preconditions.java:302)
	at java.base/java.util.Objects.checkIndex(Objects.java:365)
	at java.base/java.util.ArrayList.get(ArrayList.java:428)
	at com.strobel.assembler.ir.ConstantPool.get(ConstantPool.java:80)
	at com.strobel.assembler.metadata.ClassFileReader$Scope.lookupConstant(ClassFileReader.java:1584)
	at com.strobel.assembler.ir.MetadataReader.readAttributeCore(MetadataReader.java:180)
	at com.strobel.assembler.metadata.ClassFileReader.readAttributeCore(ClassFileReader.java:431)
	at com.strobel.assembler.ir.MetadataReader.readAttribute(MetadataReader.java:52)
	at com.strobel.assembler.ir.MetadataReader.readAttributes(MetadataReader.java:42)
	at com.strobel.assembler.metadata.ClassFileReader.readAttributeCore(ClassFileReader.java:205)
	at com.strobel.assembler.ir.MetadataReader.inflateAttribute(MetadataReader.java:394)
	at com.strobel.assembler.ir.MetadataReader.inflateAttributes(MetadataReader.java:371)
	at com.strobel.assembler.metadata.ClassFileReader.defineMethods(ClassFileReader.java:1247)
	at com.strobel.assembler.metadata.ClassFileReader.readClass(ClassFileReader.java:669)
	at com.strobel.assembler.metadata.ClassFileReader.readClass(ClassFileReader.java:605)
	at com.strobel.assembler.metadata.MetadataSystem.resolveType(MetadataSystem.java:129)
	at com.strobel.decompiler.NoRetryMetadataSystem.resolveType(DecompilerDriver.java:475)
	at com.strobel.assembler.metadata.MetadataSystem.lookupTypeCore(MetadataSystem.java:86)
	at com.strobel.assembler.metadata.MetadataResolver.lookupType(MetadataResolver.java:46)
	at com.strobel.decompiler.DecompilerDriver.decompileType(DecompilerDriver.java:292)
	at com.strobel.decompiler.DecompilerDriver.decompileJar(DecompilerDriver.java:254)
	at com.strobel.decompiler.DecompilerDriver.main(DecompilerDriver.java:129)
java.lang.IndexOutOfBoundsException: Index -1 out of bounds for length 29
	at java.base/jdk.internal.util.Preconditions.outOfBounds(Preconditions.java:100)
	at java.base/jdk.internal.util.Preconditions.outOfBoundsCheckIndex(Preconditions.java:106)
	at java.base/jdk.internal.util.Preconditions.checkIndex(Preconditions.java:302)
	at java.base/java.util.Objects.checkIndex(Objects.java:365)
	at java.base/java.util.ArrayList.get(ArrayList.java:428)
	at com.strobel.assembler.ir.ConstantPool.get(ConstantPool.java:80)
	at com.strobel.assembler.metadata.ClassFileReader$Scope.lookupConstant(ClassFileReader.java:1584)
	at com.strobel.assembler.ir.MetadataReader.readAttributeCore(MetadataReader.java:180)
	at com.strobel.assembler.metadata.ClassFileReader.readAttributeCore(ClassFileReader.java:431)
	at com.strobel.assembler.ir.MetadataReader.readAttribute(MetadataReader.java:52)
	at com.strobel.assembler.ir.MetadataReader.readAttributes(MetadataReader.java:42)
	at com.strobel.assembler.metadata.ClassFileReader.readAttributeCore(ClassFileReader.java:205)
	at com.strobel.assembler.ir.MetadataReader.inflateAttribute(MetadataReader.java:394)
	at com.strobel.assembler.ir.MetadataReader.inflateAttributes(MetadataReader.java:371)
	at com.strobel.assembler.metadata.ClassFileReader.defineMethods(ClassFileReader.java:1247)
	at com.strobel.assembler.metadata.ClassFileReader.readClass(ClassFileReader.java:669)
	at com.strobel.assembler.metadata.ClassFileReader.readClass(ClassFileReader.java:605)
	at com.strobel.assembler.metadata.MetadataSystem.resolveType(MetadataSystem.java:129)
	at com.strobel.decompiler.NoRetryMetadataSystem.resolveType(DecompilerDriver.java:475)
	at com.strobel.assembler.metadata.MetadataSystem.lookupTypeCore(MetadataSystem.java:86)
	at com.strobel.assembler.metadata.MetadataResolver.lookupType(MetadataResolver.java:46)
	at com.strobel.decompiler.DecompilerDriver.decompileType(DecompilerDriver.java:292)
	at com.strobel.decompiler.DecompilerDriver.decompileJar(DecompilerDriver.java:254)
	at com.strobel.decompiler.DecompilerDriver.main(DecompilerDriver.java:129)
java.lang.IndexOutOfBoundsException: Index -1 out of bounds for length 253
	at java.base/jdk.internal.util.Preconditions.outOfBounds(Preconditions.java:100)
	at java.base/jdk.internal.util.Preconditions.outOfBoundsCheckIndex(Preconditions.java:106)
	at java.base/jdk.internal.util.Preconditions.checkIndex(Preconditions.java:302)
	at java.base/java.util.Objects.checkIndex(Objects.java:365)
	at java.base/java.util.ArrayList.get(ArrayList.java:428)
	at com.strobel.assembler.ir.ConstantPool.get(ConstantPool.java:80)
	at com.strobel.assembler.metadata.ClassFileReader$Scope.lookupConstant(ClassFileReader.java:1584)
	at com.strobel.assembler.ir.MetadataReader.readAttributeCore(MetadataReader.java:180)
	at com.strobel.assembler.metadata.ClassFileReader.readAttributeCore(ClassFileReader.java:431)
	at com.strobel.assembler.ir.MetadataReader.readAttribute(MetadataReader.java:52)
	at com.strobel.assembler.ir.MetadataReader.readAttributes(MetadataReader.java:42)
	at com.strobel.assembler.metadata.ClassFileReader.readAttributeCore(ClassFileReader.java:205)
	at com.strobel.assembler.ir.MetadataReader.inflateAttribute(MetadataReader.java:394)
	at com.strobel.assembler.ir.MetadataReader.inflateAttributes(MetadataReader.java:371)
	at com.strobel.assembler.metadata.ClassFileReader.defineMethods(ClassFileReader.java:1247)
	at com.strobel.assembler.metadata.ClassFileReader.readClass(ClassFileReader.java:669)
	at com.strobel.assembler.metadata.ClassFileReader.readClass(ClassFileReader.java:605)
	at com.strobel.assembler.metadata.MetadataSystem.resolveType(MetadataSystem.java:129)
	at com.strobel.decompiler.NoRetryMetadataSystem.resolveType(DecompilerDriver.java:475)
	at com.strobel.assembler.metadata.MetadataSystem.lookupTypeCore(MetadataSystem.java:86)
	at com.strobel.assembler.metadata.MetadataResolver.lookupType(MetadataResolver.java:46)
	at com.strobel.decompiler.DecompilerDriver.decompileType(DecompilerDriver.java:292)
	at com.strobel.decompiler.DecompilerDriver.decompileJar(DecompilerDriver.java:254)
	at com.strobel.decompiler.DecompilerDriver.main(DecompilerDriver.java:129)
java.lang.IndexOutOfBoundsException: Index -1 out of bounds for length 118
	at java.base/jdk.internal.util.Preconditions.outOfBounds(Preconditions.java:100)
	at java.base/jdk.internal.util.Preconditions.outOfBoundsCheckIndex(Preconditions.java:106)
	at java.base/jdk.internal.util.Preconditions.checkIndex(Preconditions.java:302)
	at java.base/java.util.Objects.checkIndex(Objects.java:365)
	at java.base/java.util.ArrayList.get(ArrayList.java:428)
	at com.strobel.assembler.ir.ConstantPool.get(ConstantPool.java:80)
	at com.strobel.assembler.metadata.ClassFileReader$Scope.lookupConstant(ClassFileReader.java:1584)
	at com.strobel.assembler.ir.MetadataReader.readAttributeCore(MetadataReader.java:180)
	at com.strobel.assembler.metadata.ClassFileReader.readAttributeCore(ClassFileReader.java:431)
	at com.strobel.assembler.ir.MetadataReader.readAttribute(MetadataReader.java:52)
	at com.strobel.assembler.ir.MetadataReader.readAttributes(MetadataReader.java:42)
	at com.strobel.assembler.metadata.ClassFileReader.readAttributeCore(ClassFileReader.java:205)
	at com.strobel.assembler.ir.MetadataReader.inflateAttribute(MetadataReader.java:394)
	at com.strobel.assembler.ir.MetadataReader.inflateAttributes(MetadataReader.java:371)
	at com.strobel.assembler.metadata.ClassFileReader.defineMethods(ClassFileReader.java:1247)
	at com.strobel.assembler.metadata.ClassFileReader.readClass(ClassFileReader.java:669)
	at com.strobel.assembler.metadata.ClassFileReader.readClass(ClassFileReader.java:605)
	at com.strobel.assembler.metadata.MetadataSystem.resolveType(MetadataSystem.java:129)
	at com.strobel.decompiler.NoRetryMetadataSystem.resolveType(DecompilerDriver.java:475)
	at com.strobel.assembler.metadata.MetadataSystem.lookupTypeCore(MetadataSystem.java:86)
	at com.strobel.assembler.metadata.MetadataResolver.lookupType(MetadataResolver.java:46)
	at com.strobel.decompiler.DecompilerDriver.decompileType(DecompilerDriver.java:292)
	at com.strobel.decompiler.DecompilerDriver.decompileJar(DecompilerDriver.java:254)
	at com.strobel.decompiler.DecompilerDriver.main(DecompilerDriver.java:129)
java.lang.IndexOutOfBoundsException: Index -1 out of bounds for length 154
	at java.base/jdk.internal.util.Preconditions.outOfBounds(Preconditions.java:100)
	at java.base/jdk.internal.util.Preconditions.outOfBoundsCheckIndex(Preconditions.java:106)
	at java.base/jdk.internal.util.Preconditions.checkIndex(Preconditions.java:302)
	at java.base/java.util.Objects.checkIndex(Objects.java:365)
	at java.base/java.util.ArrayList.get(ArrayList.java:428)
	at com.strobel.assembler.ir.ConstantPool.get(ConstantPool.java:80)
	at com.strobel.assembler.metadata.ClassFileReader$Scope.lookupConstant(ClassFileReader.java:1584)
	at com.strobel.assembler.ir.MetadataReader.readAttributeCore(MetadataReader.java:180)
	at com.strobel.assembler.metadata.ClassFileReader.readAttributeCore(ClassFileReader.java:431)
	at com.strobel.assembler.ir.MetadataReader.readAttribute(MetadataReader.java:52)
	at com.strobel.assembler.ir.MetadataReader.readAttributes(MetadataReader.java:42)
	at com.strobel.assembler.metadata.ClassFileReader.readAttributeCore(ClassFileReader.java:205)
	at com.strobel.assembler.ir.MetadataReader.inflateAttribute(MetadataReader.java:394)
	at com.strobel.assembler.ir.MetadataReader.inflateAttributes(MetadataReader.java:371)
	at com.strobel.assembler.metadata.ClassFileReader.defineMethods(ClassFileReader.java:1247)
	at com.strobel.assembler.metadata.ClassFileReader.readClass(ClassFileReader.java:669)
	at com.strobel.assembler.metadata.ClassFileReader.readClass(ClassFileReader.java:605)
	at com.strobel.assembler.metadata.MetadataSystem.resolveType(MetadataSystem.java:129)
	at com.strobel.decompiler.NoRetryMetadataSystem.resolveType(DecompilerDriver.java:475)
	at com.strobel.assembler.metadata.MetadataSystem.lookupTypeCore(MetadataSystem.java:86)
	at com.strobel.assembler.metadata.MetadataResolver.lookupType(MetadataResolver.java:46)
	at com.strobel.decompiler.DecompilerDriver.decompileType(DecompilerDriver.java:292)
	at com.strobel.decompiler.DecompilerDriver.decompileJar(DecompilerDriver.java:254)
	at com.strobel.decompiler.DecompilerDriver.main(DecompilerDriver.java:129)
java.lang.IndexOutOfBoundsException: Index -1 out of bounds for length 32
	at java.base/jdk.internal.util.Preconditions.outOfBounds(Preconditions.java:100)
	at java.base/jdk.internal.util.Preconditions.outOfBoundsCheckIndex(Preconditions.java:106)
	at java.base/jdk.internal.util.Preconditions.checkIndex(Preconditions.java:302)
	at java.base/java.util.Objects.checkIndex(Objects.java:365)
	at java.base/java.util.ArrayList.get(ArrayList.java:428)
	at com.strobel.assembler.ir.ConstantPool.get(ConstantPool.java:80)
	at com.strobel.assembler.metadata.ClassFileReader$Scope.lookupConstant(ClassFileReader.java:1584)
	at com.strobel.assembler.ir.MetadataReader.readAttributeCore(MetadataReader.java:180)
	at com.strobel.assembler.metadata.ClassFileReader.readAttributeCore(ClassFileReader.java:431)
	at com.strobel.assembler.ir.MetadataReader.readAttribute(MetadataReader.java:52)
	at com.strobel.assembler.ir.MetadataReader.readAttributes(MetadataReader.java:42)
	at com.strobel.assembler.metadata.ClassFileReader.readAttributeCore(ClassFileReader.java:205)
	at com.strobel.assembler.ir.MetadataReader.inflateAttribute(MetadataReader.java:394)
	at com.strobel.assembler.ir.MetadataReader.inflateAttributes(MetadataReader.java:371)
	at com.strobel.assembler.metadata.ClassFileReader.defineMethods(ClassFileReader.java:1247)
	at com.strobel.assembler.metadata.ClassFileReader.readClass(ClassFileReader.java:669)
	at com.strobel.assembler.metadata.ClassFileReader.readClass(ClassFileReader.java:605)
	at com.strobel.assembler.metadata.MetadataSystem.resolveType(MetadataSystem.java:129)
	at com.strobel.decompiler.NoRetryMetadataSystem.resolveType(DecompilerDriver.java:475)
	at com.strobel.assembler.metadata.MetadataSystem.lookupTypeCore(MetadataSystem.java:86)
	at com.strobel.assembler.metadata.MetadataResolver.lookupType(MetadataResolver.java:46)
	at com.strobel.decompiler.DecompilerDriver.decompileType(DecompilerDriver.java:292)
	at com.strobel.decompiler.DecompilerDriver.decompileJar(DecompilerDriver.java:254)
	at com.strobel.decompiler.DecompilerDriver.main(DecompilerDriver.java:129)
java.lang.IndexOutOfBoundsException: Index -1 out of bounds for length 43
	at java.base/jdk.internal.util.Preconditions.outOfBounds(Preconditions.java:100)
	at java.base/jdk.internal.util.Preconditions.outOfBoundsCheckIndex(Preconditions.java:106)
	at java.base/jdk.internal.util.Preconditions.checkIndex(Preconditions.java:302)
	at java.base/java.util.Objects.checkIndex(Objects.java:365)
	at java.base/java.util.ArrayList.get(ArrayList.java:428)
	at com.strobel.assembler.ir.ConstantPool.get(ConstantPool.java:80)
	at com.strobel.assembler.metadata.ClassFileReader$Scope.lookupConstant(ClassFileReader.java:1584)
	at com.strobel.assembler.ir.MetadataReader.readAttributeCore(MetadataReader.java:180)
	at com.strobel.assembler.metadata.ClassFileReader.readAttributeCore(ClassFileReader.java:431)
	at com.strobel.assembler.ir.MetadataReader.readAttribute(MetadataReader.java:52)
	at com.strobel.assembler.ir.MetadataReader.readAttributes(MetadataReader.java:42)
	at com.strobel.assembler.metadata.ClassFileReader.readAttributeCore(ClassFileReader.java:205)
	at com.strobel.assembler.ir.MetadataReader.inflateAttribute(MetadataReader.java:394)
	at com.strobel.assembler.ir.MetadataReader.inflateAttributes(MetadataReader.java:371)
	at com.strobel.assembler.metadata.ClassFileReader.defineMethods(ClassFileReader.java:1247)
	at com.strobel.assembler.metadata.ClassFileReader.readClass(ClassFileReader.java:669)
	at com.strobel.assembler.metadata.ClassFileReader.readClass(ClassFileReader.java:605)
	at com.strobel.assembler.metadata.MetadataSystem.resolveType(MetadataSystem.java:129)
	at com.strobel.decompiler.NoRetryMetadataSystem.resolveType(DecompilerDriver.java:475)
	at com.strobel.assembler.metadata.MetadataSystem.lookupTypeCore(MetadataSystem.java:86)
	at com.strobel.assembler.metadata.MetadataResolver.lookupType(MetadataResolver.java:46)
	at com.strobel.decompiler.DecompilerDriver.decompileType(DecompilerDriver.java:292)
	at com.strobel.decompiler.DecompilerDriver.decompileJar(DecompilerDriver.java:254)
	at com.strobel.decompiler.DecompilerDriver.main(DecompilerDriver.java:129)
java.lang.IndexOutOfBoundsException: Index -1 out of bounds for length 15
	at java.base/jdk.internal.util.Preconditions.outOfBounds(Preconditions.java:100)
	at java.base/jdk.internal.util.Preconditions.outOfBoundsCheckIndex(Preconditions.java:106)
	at java.base/jdk.internal.util.Preconditions.checkIndex(Preconditions.java:302)
	at java.base/java.util.Objects.checkIndex(Objects.java:365)
	at java.base/java.util.ArrayList.get(ArrayList.java:428)
	at com.strobel.assembler.ir.ConstantPool.get(ConstantPool.java:80)
	at com.strobel.assembler.metadata.ClassFileReader$Scope.lookupConstant(ClassFileReader.java:1584)
	at com.strobel.assembler.ir.MetadataReader.readAttributeCore(MetadataReader.java:180)
	at com.strobel.assembler.metadata.ClassFileReader.readAttributeCore(ClassFileReader.java:431)
	at com.strobel.assembler.ir.MetadataReader.readAttribute(MetadataReader.java:52)
	at com.strobel.assembler.ir.MetadataReader.readAttributes(MetadataReader.java:42)
	at com.strobel.assembler.metadata.ClassFileReader.readAttributeCore(ClassFileReader.java:205)
	at com.strobel.assembler.ir.MetadataReader.inflateAttribute(MetadataReader.java:394)
	at com.strobel.assembler.ir.MetadataReader.inflateAttributes(MetadataReader.java:371)
	at com.strobel.assembler.metadata.ClassFileReader.defineMethods(ClassFileReader.java:1247)
	at com.strobel.assembler.metadata.ClassFileReader.readClass(ClassFileReader.java:669)
	at com.strobel.assembler.metadata.ClassFileReader.readClass(ClassFileReader.java:605)
	at com.strobel.assembler.metadata.MetadataSystem.resolveType(MetadataSystem.java:129)
	at com.strobel.decompiler.NoRetryMetadataSystem.resolveType(DecompilerDriver.java:475)
	at com.strobel.assembler.metadata.MetadataSystem.resolveCore(MetadataSystem.java:81)
	at com.strobel.assembler.metadata.MetadataResolver.resolve(MetadataResolver.java:104)
	at com.strobel.assembler.metadata.CoreMetadataFactory$UnresolvedType.resolve(CoreMetadataFactory.java:616)
	at com.strobel.assembler.metadata.ClassFileReader.checkSealed0(ClassFileReader.java:939)
	at com.strobel.assembler.metadata.ClassFileReader.populatePermittedSubclasses(ClassFileReader.java:924)
	at com.strobel.assembler.metadata.ClassFileReader.visitAttributes(ClassFileReader.java:1427)
	at com.strobel.assembler.metadata.ClassFileReader.readClass(ClassFileReader.java:667)
	at com.strobel.assembler.metadata.ClassFileReader.readClass(ClassFileReader.java:605)
	at com.strobel.assembler.metadata.MetadataSystem.resolveType(MetadataSystem.java:129)
	at com.strobel.decompiler.NoRetryMetadataSystem.resolveType(DecompilerDriver.java:475)
	at com.strobel.assembler.metadata.MetadataSystem.lookupTypeCore(MetadataSystem.java:86)
	at com.strobel.assembler.metadata.MetadataResolver.lookupType(MetadataResolver.java:46)
	at com.strobel.decompiler.DecompilerDriver.decompileType(DecompilerDriver.java:292)
	at com.strobel.decompiler.DecompilerDriver.decompileJar(DecompilerDriver.java:254)
	at com.strobel.decompiler.DecompilerDriver.main(DecompilerDriver.java:129)
java.lang.IndexOutOfBoundsException: Index -1 out of bounds for length 57
	at java.base/jdk.internal.util.Preconditions.outOfBounds(Preconditions.java:100)
	at java.base/jdk.internal.util.Preconditions.outOfBoundsCheckIndex(Preconditions.java:106)
	at java.base/jdk.internal.util.Preconditions.checkIndex(Preconditions.java:302)
	at java.base/java.util.Objects.checkIndex(Objects.java:365)
	at java.base/java.util.ArrayList.get(ArrayList.java:428)
	at com.strobel.assembler.ir.ConstantPool.get(ConstantPool.java:80)
	at com.strobel.assembler.metadata.ClassFileReader$Scope.lookupConstant(ClassFileReader.java:1584)
	at com.strobel.assembler.ir.MetadataReader.readAttributeCore(MetadataReader.java:180)
	at com.strobel.assembler.metadata.ClassFileReader.readAttributeCore(ClassFileReader.java:431)
	at com.strobel.assembler.ir.MetadataReader.readAttribute(MetadataReader.java:52)
	at com.strobel.assembler.ir.MetadataReader.readAttributes(MetadataReader.java:42)
	at com.strobel.assembler.metadata.ClassFileReader.readAttributeCore(ClassFileReader.java:205)
	at com.strobel.assembler.ir.MetadataReader.inflateAttribute(MetadataReader.java:394)
	at com.strobel.assembler.ir.MetadataReader.inflateAttributes(MetadataReader.java:371)
	at com.strobel.assembler.metadata.ClassFileReader.defineMethods(ClassFileReader.java:1247)
	at com.strobel.assembler.metadata.ClassFileReader.readClass(ClassFileReader.java:669)
	at com.strobel.assembler.metadata.ClassFileReader.readClass(ClassFileReader.java:605)
	at com.strobel.assembler.metadata.MetadataSystem.resolveType(MetadataSystem.java:129)
	at com.strobel.decompiler.NoRetryMetadataSystem.resolveType(DecompilerDriver.java:475)
	at com.strobel.assembler.metadata.MetadataSystem.lookupTypeCore(MetadataSystem.java:86)
	at com.strobel.assembler.metadata.MetadataResolver.lookupType(MetadataResolver.java:46)
	at com.strobel.decompiler.DecompilerDriver.decompileType(DecompilerDriver.java:292)
	at com.strobel.decompiler.DecompilerDriver.decompileJar(DecompilerDriver.java:254)
	at com.strobel.decompiler.DecompilerDriver.main(DecompilerDriver.java:129)
java.lang.IndexOutOfBoundsException: Index -1 out of bounds for length 154
	at java.base/jdk.internal.util.Preconditions.outOfBounds(Preconditions.java:100)
	at java.base/jdk.internal.util.Preconditions.outOfBoundsCheckIndex(Preconditions.java:106)
	at java.base/jdk.internal.util.Preconditions.checkIndex(Preconditions.java:302)
	at java.base/java.util.Objects.checkIndex(Objects.java:365)
	at java.base/java.util.ArrayList.get(ArrayList.java:428)
	at com.strobel.assembler.ir.ConstantPool.get(ConstantPool.java:80)
	at com.strobel.assembler.metadata.ClassFileReader$Scope.lookupConstant(ClassFileReader.java:1584)
	at com.strobel.assembler.ir.MetadataReader.readAttributeCore(MetadataReader.java:180)
	at com.strobel.assembler.metadata.ClassFileReader.readAttributeCore(ClassFileReader.java:431)
	at com.strobel.assembler.ir.MetadataReader.readAttribute(MetadataReader.java:52)
	at com.strobel.assembler.ir.MetadataReader.readAttributes(MetadataReader.java:42)
	at com.strobel.assembler.metadata.ClassFileReader.readAttributeCore(ClassFileReader.java:205)
	at com.strobel.assembler.ir.MetadataReader.inflateAttribute(MetadataReader.java:394)
	at com.strobel.assembler.ir.MetadataReader.inflateAttributes(MetadataReader.java:371)
	at com.strobel.assembler.metadata.ClassFileReader.defineMethods(ClassFileReader.java:1247)
	at com.strobel.assembler.metadata.ClassFileReader.readClass(ClassFileReader.java:669)
	at com.strobel.assembler.metadata.ClassFileReader.readClass(ClassFileReader.java:605)
	at com.strobel.assembler.metadata.MetadataSystem.resolveType(MetadataSystem.java:129)
	at com.strobel.decompiler.NoRetryMetadataSystem.resolveType(DecompilerDriver.java:475)
	at com.strobel.assembler.metadata.MetadataSystem.resolveCore(MetadataSystem.java:81)
	at com.strobel.assembler.metadata.MetadataResolver.resolve(MetadataResolver.java:104)
	at com.strobel.assembler.metadata.CoreMetadataFactory$UnresolvedType.resolve(CoreMetadataFactory.java:616)
	at com.strobel.assembler.metadata.ClassFileReader.checkSealed0(ClassFileReader.java:939)
	at com.strobel.assembler.metadata.ClassFileReader.populatePermittedSubclasses(ClassFileReader.java:924)
	at com.strobel.assembler.metadata.ClassFileReader.visitAttributes(ClassFileReader.java:1427)
	at com.strobel.assembler.metadata.ClassFileReader.readClass(ClassFileReader.java:667)
	at com.strobel.assembler.metadata.ClassFileReader.readClass(ClassFileReader.java:605)
	at com.strobel.assembler.metadata.MetadataSystem.resolveType(MetadataSystem.java:129)
	at com.strobel.decompiler.NoRetryMetadataSystem.resolveType(DecompilerDriver.java:475)
	at com.strobel.assembler.metadata.MetadataSystem.lookupTypeCore(MetadataSystem.java:86)
	at com.strobel.assembler.metadata.MetadataResolver.lookupType(MetadataResolver.java:46)
	at com.strobel.decompiler.DecompilerDriver.decompileType(DecompilerDriver.java:292)
	at com.strobel.decompiler.DecompilerDriver.decompileJar(DecompilerDriver.java:254)
	at com.strobel.decompiler.DecompilerDriver.main(DecompilerDriver.java:129)
java.lang.IndexOutOfBoundsException: Index -1 out of bounds for length 106
	at java.base/jdk.internal.util.Preconditions.outOfBounds(Preconditions.java:100)
	at java.base/jdk.internal.util.Preconditions.outOfBoundsCheckIndex(Preconditions.java:106)
	at java.base/jdk.internal.util.Preconditions.checkIndex(Preconditions.java:302)
	at java.base/java.util.Objects.checkIndex(Objects.java:365)
	at java.base/java.util.ArrayList.get(ArrayList.java:428)
	at com.strobel.assembler.ir.ConstantPool.get(ConstantPool.java:80)
	at com.strobel.assembler.metadata.ClassFileReader$Scope.lookupConstant(ClassFileReader.java:1584)
	at com.strobel.assembler.ir.MetadataReader.readAttributeCore(MetadataReader.java:180)
	at com.strobel.assembler.metadata.ClassFileReader.readAttributeCore(ClassFileReader.java:431)
	at com.strobel.assembler.ir.MetadataReader.readAttribute(MetadataReader.java:52)
	at com.strobel.assembler.ir.MetadataReader.readAttributes(MetadataReader.java:42)
	at com.strobel.assembler.metadata.ClassFileReader.readAttributeCore(ClassFileReader.java:205)
	at com.strobel.assembler.ir.MetadataReader.inflateAttribute(MetadataReader.java:394)
	at com.strobel.assembler.ir.MetadataReader.inflateAttributes(MetadataReader.java:371)
	at com.strobel.assembler.metadata.ClassFileReader.defineMethods(ClassFileReader.java:1247)
	at com.strobel.assembler.metadata.ClassFileReader.readClass(ClassFileReader.java:669)
	at com.strobel.assembler.metadata.ClassFileReader.readClass(ClassFileReader.java:605)
	at com.strobel.assembler.metadata.MetadataSystem.resolveType(MetadataSystem.java:129)
	at com.strobel.decompiler.NoRetryMetadataSystem.resolveType(DecompilerDriver.java:475)
	at com.strobel.assembler.metadata.MetadataSystem.lookupTypeCore(MetadataSystem.java:86)
	at com.strobel.assembler.metadata.MetadataResolver.lookupType(MetadataResolver.java:46)
	at com.strobel.decompiler.DecompilerDriver.decompileType(DecompilerDriver.java:292)
	at com.strobel.decompiler.DecompilerDriver.decompileJar(DecompilerDriver.java:254)
	at com.strobel.decompiler.DecompilerDriver.main(DecompilerDriver.java:129)
java.lang.IndexOutOfBoundsException: Index -1 out of bounds for length 45
	at java.base/jdk.internal.util.Preconditions.outOfBounds(Preconditions.java:100)
	at java.base/jdk.internal.util.Preconditions.outOfBoundsCheckIndex(Preconditions.java:106)
	at java.base/jdk.internal.util.Preconditions.checkIndex(Preconditions.java:302)
	at java.base/java.util.Objects.checkIndex(Objects.java:365)
	at java.base/java.util.ArrayList.get(ArrayList.java:428)
	at com.strobel.assembler.ir.ConstantPool.get(ConstantPool.java:80)
	at com.strobel.assembler.metadata.ClassFileReader$Scope.lookupConstant(ClassFileReader.java:1584)
	at com.strobel.assembler.ir.MetadataReader.readAttributeCore(MetadataReader.java:180)
	at com.strobel.assembler.metadata.ClassFileReader.readAttributeCore(ClassFileReader.java:431)
	at com.strobel.assembler.ir.MetadataReader.readAttribute(MetadataReader.java:52)
	at com.strobel.assembler.ir.MetadataReader.readAttributes(MetadataReader.java:42)
	at com.strobel.assembler.metadata.ClassFileReader.readAttributeCore(ClassFileReader.java:205)
	at com.strobel.assembler.ir.MetadataReader.inflateAttribute(MetadataReader.java:394)
	at com.strobel.assembler.ir.MetadataReader.inflateAttributes(MetadataReader.java:371)
	at com.strobel.assembler.metadata.ClassFileReader.defineMethods(ClassFileReader.java:1247)
	at com.strobel.assembler.metadata.ClassFileReader.readClass(ClassFileReader.java:669)
	at com.strobel.assembler.metadata.ClassFileReader.readClass(ClassFileReader.java:605)
	at com.strobel.assembler.metadata.MetadataSystem.resolveType(MetadataSystem.java:129)
	at com.strobel.decompiler.NoRetryMetadataSystem.resolveType(DecompilerDriver.java:475)
	at com.strobel.assembler.metadata.MetadataSystem.lookupTypeCore(MetadataSystem.java:86)
	at com.strobel.assembler.metadata.MetadataResolver.lookupType(MetadataResolver.java:46)
	at com.strobel.decompiler.DecompilerDriver.decompileType(DecompilerDriver.java:292)
	at com.strobel.decompiler.DecompilerDriver.decompileJar(DecompilerDriver.java:254)
	at com.strobel.decompiler.DecompilerDriver.main(DecompilerDriver.java:129)
java.lang.IndexOutOfBoundsException: Index -1 out of bounds for length 578
	at java.base/jdk.internal.util.Preconditions.outOfBounds(Preconditions.java:100)
	at java.base/jdk.internal.util.Preconditions.outOfBoundsCheckIndex(Preconditions.java:106)
	at java.base/jdk.internal.util.Preconditions.checkIndex(Preconditions.java:302)
	at java.base/java.util.Objects.checkIndex(Objects.java:365)
	at java.base/java.util.ArrayList.get(ArrayList.java:428)
	at com.strobel.assembler.ir.ConstantPool.get(ConstantPool.java:80)
	at com.strobel.assembler.metadata.ClassFileReader$Scope.lookupConstant(ClassFileReader.java:1584)
	at com.strobel.assembler.ir.MetadataReader.readAttributeCore(MetadataReader.java:180)
	at com.strobel.assembler.metadata.ClassFileReader.readAttributeCore(ClassFileReader.java:431)
	at com.strobel.assembler.ir.MetadataReader.readAttribute(MetadataReader.java:52)
	at com.strobel.assembler.ir.MetadataReader.readAttributes(MetadataReader.java:42)
	at com.strobel.assembler.metadata.ClassFileReader.readAttributeCore(ClassFileReader.java:205)
	at com.strobel.assembler.ir.MetadataReader.inflateAttribute(MetadataReader.java:394)
	at com.strobel.assembler.ir.MetadataReader.inflateAttributes(MetadataReader.java:371)
	at com.strobel.assembler.metadata.ClassFileReader.defineMethods(ClassFileReader.java:1247)
	at com.strobel.assembler.metadata.ClassFileReader.readClass(ClassFileReader.java:669)
	at com.strobel.assembler.metadata.ClassFileReader.readClass(ClassFileReader.java:605)
	at com.strobel.assembler.metadata.MetadataSystem.resolveType(MetadataSystem.java:129)
	at com.strobel.decompiler.NoRetryMetadataSystem.resolveType(DecompilerDriver.java:475)
	at com.strobel.assembler.metadata.MetadataSystem.resolveCore(MetadataSystem.java:81)
	at com.strobel.assembler.metadata.MetadataResolver.resolve(MetadataResolver.java:104)
	at com.strobel.assembler.metadata.CoreMetadataFactory$UnresolvedType.resolve(CoreMetadataFactory.java:616)
	at com.strobel.assembler.metadata.ClassFileReader.checkSealed0(ClassFileReader.java:939)
	at com.strobel.assembler.metadata.ClassFileReader.populatePermittedSubclasses(ClassFileReader.java:924)
	at com.strobel.assembler.metadata.ClassFileReader.visitAttributes(ClassFileReader.java:1427)
	at com.strobel.assembler.metadata.ClassFileReader.readClass(ClassFileReader.java:667)
	at com.strobel.assembler.metadata.ClassFileReader.readClass(ClassFileReader.java:605)
	at com.strobel.assembler.metadata.MetadataSystem.resolveType(MetadataSystem.java:129)
	at com.strobel.decompiler.NoRetryMetadataSystem.resolveType(DecompilerDriver.java:475)
	at com.strobel.assembler.metadata.MetadataSystem.lookupTypeCore(MetadataSystem.java:86)
	at com.strobel.assembler.metadata.MetadataResolver.lookupType(MetadataResolver.java:46)
	at com.strobel.decompiler.DecompilerDriver.decompileType(DecompilerDriver.java:292)
	at com.strobel.decompiler.DecompilerDriver.decompileJar(DecompilerDriver.java:254)
	at com.strobel.decompiler.DecompilerDriver.main(DecompilerDriver.java:129)
Decompiling muhmu/hifi/device/DeviceMSbase...
Decompiling muhmu/hifi/device/DeviceMS_IE3...
Decompiling muhmu/hifi/device/DeviceMS_IE4...
Decompiling muhmu/hifi/device/DeviceNoSound...
Decompiling muhmu/hifi/device/DeviceSun...
Decompiling muhmu/hifi/device/MAD...
Decompiling muhmu/hifi/device/Mixable...
Decompiling muhmu/hifi/device/ULaw...
