java_source,java_class,kind,java_symbol,parameters,cpp_symbol,status
"java-desktop/src/main/java/GodogDesktop.java","","method","<init>","","","platform-or-unused"
"java-desktop/src/main/java/GodogDesktop.java","","method","focusLost","FocusEvent","","platform-or-unused"
"java-desktop/src/main/java/ArchiveDecoder.java","ArchiveDecoder","method","aMajAKk","byte[]","","platform-or-unused"
"java-desktop/src/main/java/ArchiveDecoder.java","ArchiveDecoder","method","AmajAKk","","","platform-or-unused"
"java-desktop/src/main/java/ArchiveDecoder.java","ArchiveDecoder","method","AMajAKk","","","platform-or-unused"
"java-desktop/src/main/java/ArchiveDecoder.java","ArchiveDecoder","method","aMAjAKk","","","platform-or-unused"
"java-desktop/src/main/java/ArchiveDecoder.java","ArchiveDecoder","method","AMAjAKk","","","platform-or-unused"
"java-desktop/src/main/java/ArchiveDecoder.java","ArchiveDecoder","method","amajAKk","","","platform-or-unused"
"java-desktop/src/main/java/ArchiveDecoder.java","ArchiveDecoder","method","amAjAKk","","","platform-or-unused"
"java-desktop/src/main/java/AseSceneLoader.java","AseSceneLoader","field","aJakkam","","AseSceneLoader::aJakkam","translated"
"java-desktop/src/main/java/AseSceneLoader.java","AseSceneLoader","field","AjAKkam","","AseSceneLoader::AjAKkam","translated"
"java-desktop/src/main/java/AseSceneLoader.java","AseSceneLoader","field","ajAKkam","","AseSceneLoader::ajAKkam","translated"
"java-desktop/src/main/java/AseSceneLoader.java","AseSceneLoader","field","AJAKkam","","AseSceneLoader::AJAKkam","translated"
"java-desktop/src/main/java/AseSceneLoader.java","AseSceneLoader","field","aJAKkam","","AseSceneLoader::aJAKkam","translated"
"java-desktop/src/main/java/AseSceneLoader.java","AseSceneLoader","field","AjaKkam","","AseSceneLoader::AjaKkam","translated"
"java-desktop/src/main/java/AseSceneLoader.java","AseSceneLoader","field","ajaKkam","","AseSceneLoader::ajaKkam","translated"
"java-desktop/src/main/java/AseSceneLoader.java","AseSceneLoader","field","AJaKkam","","AseSceneLoader::AJaKkam","translated"
"java-desktop/src/main/java/AseSceneLoader.java","AseSceneLoader","method","AKKamaj","Hashtable,DataInputStream","AseSceneLoader::AKKamaj","translated"
"java-desktop/src/main/java/AseSceneLoader.java","AseSceneLoader","method","majAKkA","float","AseSceneLoader::majAKkA","translated"
"java-desktop/src/main/java/AseSceneLoader.java","AseSceneLoader","method","MAJAKkA","float,Camera","AseSceneLoader::MAJAKkA","translated"
"java-desktop/src/main/java/AseSceneLoader.java","AseSceneLoader","method","<init>","","AseSceneLoader::AseSceneLoader","translated"
"java-desktop/src/main/java/AseSceneLoader.java","AseSceneLoader","method","akkAMaj","Vector,int","AseSceneLoader::akkAMaj","translated"
"java-desktop/src/main/java/AseSceneLoader.java","AseSceneLoader","method","AKkAmaj","Hashtable","AseSceneLoader::AKkAmaj","translated"
"java-desktop/src/main/java/AseSceneLoader.java","AseSceneLoader","method","aKkAMaj","Hashtable","AseSceneLoader::aKkAMaj","translated"
"java-desktop/src/main/java/AseSceneLoader.java","AseSceneLoader","method","aKKAMaj","Hashtable,Object","AseSceneLoader::aKKAMaj","translated"
"java-desktop/src/main/java/AseSceneLoader.java","AseSceneLoader","method","aKKamaj","Hashtable","AseSceneLoader::aKKamaj","translated"
"java-desktop/src/main/java/AseSceneLoader.java","AseSceneLoader","method","akkAmaj","Hashtable,MeshObject","AseSceneLoader::akkAmaj","translated"
"java-desktop/src/main/java/AseSceneLoader.java","AseSceneLoader","method","AkKamaj","Hashtable,MeshObject","AseSceneLoader::AkKamaj","translated"
"java-desktop/src/main/java/AseSceneLoader.java","AseSceneLoader","method","akKAmaj","Hashtable,MeshObject","AseSceneLoader::akKAmaj","translated"
"java-desktop/src/main/java/AseSceneLoader.java","AseSceneLoader","method","AkKAmaj","Hashtable,MeshObject","AseSceneLoader::AkKAmaj","translated"
"java-desktop/src/main/java/AseSceneLoader.java","AseSceneLoader","method","akkamaj","Hashtable","AseSceneLoader::akkamaj","translated"
"java-desktop/src/main/java/AseSceneLoader.java","AseSceneLoader","method","AKkamaj","Hashtable","AseSceneLoader::AKkamaj","translated"
"java-desktop/src/main/java/AseSceneLoader.java","AseSceneLoader","method","Akkamaj","Hashtable,String[]","AseSceneLoader::Akkamaj","translated"
"java-desktop/src/main/java/AseSceneLoader.java","AseSceneLoader","method","AkkAmaj","String","AseSceneLoader::AkkAmaj","translated"
"java-desktop/src/main/java/AseSceneLoader.java","AseSceneLoader","method","akKAMaj","String","AseSceneLoader::akKAMaj","translated"
"java-desktop/src/main/java/AseSceneLoader.java","AseSceneLoader","method","AKkAMaj","String","AseSceneLoader::AKkAMaj","translated"
"java-desktop/src/main/java/AseSceneLoader.java","AseSceneLoader","method","aKKAmaj","Object","AseSceneLoader::aKKAmaj","translated"
"java-desktop/src/main/java/AseSceneLoader.java","AseSceneLoader","method","akKamaj","URL","AseSceneLoader::akKamaj","translated"
"java-desktop/src/main/java/AseSceneLoader.java","AseSceneLoader","method","AKKAMaj","InputStream","AseSceneLoader::AKKAMaj","translated"
"java-desktop/src/main/java/AseSceneLoader.java","AseSceneLoader","method","AkkAMaj","URL,String[]","AseSceneLoader::AkkAMaj","translated"
"java-desktop/src/main/java/AseSceneLoader.java","AseSceneLoader","method","aKkamaj","InputStream,String[]","AseSceneLoader::aKkamaj","translated"
"java-desktop/src/main/java/AseSceneLoader.java","AseSceneLoader","method","AKKAmaj","URL,String[]","AseSceneLoader::AKKAmaj","translated"
"java-desktop/src/main/java/desktop/audio/AudioClip.java","AudioClip","method","play","","","platform-or-unused"
"java-desktop/src/main/java/desktop/audio/AudioClip.java","AudioClip","method","loop","","","platform-or-unused"
"java-desktop/src/main/java/desktop/audio/AudioClip.java","AudioClip","method","stop","","","platform-or-unused"
"java-desktop/src/main/java/BackdropMesh.java","BackdropMesh","field","MAjakkA","","BackdropMesh::MAjakkA","translated"
"java-desktop/src/main/java/BackdropMesh.java","BackdropMesh","method","<init>","DesktopDemoBase,URL,boolean","BackdropMesh::BackdropMesh","translated"
"java-desktop/src/main/java/BackdropMesh.java","BackdropMesh","method","JaKkama","Camera,int","BackdropMesh::JaKkama","translated"
"java-desktop/src/main/java/ByteReaders.java","ByteReaders","method","<init>","","ByteReaders::ByteReaders","translated"
"java-desktop/src/main/java/ByteReaders.java","ByteReaders","field","SIGNED_BYTE_BIAS","","ByteReaders::SIGNED_BYTE_BIAS","translated"
"java-desktop/src/main/java/ByteReaders.java","ByteReaders","field","UNSIGNED_BYTE_TABLE","","ByteReaders::UNSIGNED_BYTE_TABLE","translated"
"java-desktop/src/main/java/ByteReaders.java","ByteReaders","method","readUnsignedByte","byte[],int","ByteReaders::readUnsignedByte","translated"
"java-desktop/src/main/java/ByteReaders.java","ByteReaders","method","readUnsignedShortLE","byte[],int","ByteReaders::readUnsignedShortLE","translated"
"java-desktop/src/main/java/ByteReaders.java","ByteReaders","method","readUnsignedShortBE","byte[],int","ByteReaders::readUnsignedShortBE","translated"
"java-desktop/src/main/java/ByteReaders.java","ByteReaders","method","readIntLE","byte[],int","ByteReaders::readIntLE","translated"
"java-desktop/src/main/java/ByteReaders.java","ByteReaders","method","readSignedByte","byte[],int","ByteReaders::readSignedByte","translated"
"java-desktop/src/main/java/ByteReaders.java","ByteReaders","method","readSignedShortLE","byte[],int","ByteReaders::readSignedShortLE","translated"
"java-desktop/src/main/java/ByteReaders.java","ByteReaders","method","readSignedShortBE","byte[],int","ByteReaders::readSignedShortBE","translated"
"java-desktop/src/main/java/ByteReaders.java","ByteReaders","method","toUnsignedByte","byte","ByteReaders::toUnsignedByte","translated"
"java-desktop/src/main/java/ByteReaders.java","ByteReaders","method","lowUnsignedByte","int","ByteReaders::lowUnsignedByte","translated"
"java-desktop/src/main/java/Camera.java","Camera","field","viewportWidth","","Camera::viewportWidth","translated"
"java-desktop/src/main/java/Camera.java","Camera","field","viewportHeight","","Camera::viewportHeight","translated"
"java-desktop/src/main/java/Camera.java","Camera","field","AmaJAkK","","Camera::AmaJAkK","translated"
"java-desktop/src/main/java/Camera.java","Camera","field","amaJAkK","","Camera::amaJAkK","translated"
"java-desktop/src/main/java/Camera.java","Camera","field","position","","Camera::position","translated"
"java-desktop/src/main/java/Camera.java","Camera","field","orientation","","Camera::orientation","translated"
"java-desktop/src/main/java/Camera.java","Camera","field","upVector","","Camera::upVector","translated"
"java-desktop/src/main/java/Camera.java","Camera","field","rollRadians","","Camera::rollRadians","translated"
"java-desktop/src/main/java/Camera.java","Camera","field","nearClip","","Camera::nearClip","translated"
"java-desktop/src/main/java/Camera.java","Camera","field","farClip","","Camera::farClip","translated"
"java-desktop/src/main/java/Camera.java","Camera","field","fogStart","","Camera::fogStart","translated"
"java-desktop/src/main/java/Camera.java","Camera","method","lookAt","Vec3f","Camera::lookAt","translated"
"java-desktop/src/main/java/Camera.java","Camera","method","lookAlong","Vec3f","Camera::lookAlong","translated"
"java-desktop/src/main/java/Camera.java","Camera","method","<init>","","Camera::Camera","translated"
"java-desktop/src/main/java/DepthSorter.java","DepthSorter","field","mAjakkA","","DepthSorter::mAjakkA","translated"
"java-desktop/src/main/java/DepthSorter.java","DepthSorter","method","<init>","int","DepthSorter::DepthSorter","translated"
"java-desktop/src/main/java/DepthSorter.java","DepthSorter","method","<init>","int,boolean","DepthSorter::DepthSorter","translated"
"java-desktop/src/main/java/DepthSorter.java","DepthSorter","method","<init>","SortableItem[]","DepthSorter::DepthSorter","translated"
"java-desktop/src/main/java/DepthSorter.java","DepthSorter","method","mAJakkA","int","DepthSorter::mAJakkA","translated"
"java-desktop/src/main/java/DepthSorter.java","DepthSorter","method","maJakkA","int,int","DepthSorter::maJakkA","translated"
"java-desktop/src/main/java/DepthSorter.java","DepthSorter","method","MAJakkA","int,int","DepthSorter::MAJakkA","translated"
"java-desktop/src/main/java/DepthSorter.java","DepthSorter","method","MaJakkA","int,int","DepthSorter::MaJakkA","translated"
"java-desktop/src/main/java/DesktopDemoBase.java","DesktopDemoBase","field","amaJakK","","","platform-or-unused"
"java-desktop/src/main/java/DesktopDemoBase.java","DesktopDemoBase","field","AMaJakK","","","platform-or-unused"
"java-desktop/src/main/java/DesktopDemoBase.java","DesktopDemoBase","field","aMaJakK","","","platform-or-unused"
"java-desktop/src/main/java/DesktopDemoBase.java","DesktopDemoBase","field","AmAjAKK","","","platform-or-unused"
"java-desktop/src/main/java/DesktopDemoBase.java","DesktopDemoBase","method","<init>","","","platform-or-unused"
"java-desktop/src/main/java/DesktopDemoBase.java","DesktopDemoBase","method","amajAKK","","","platform-or-unused"
"java-desktop/src/main/java/DesktopDemoBase.java","DesktopDemoBase","method","AmAJAKK","","","platform-or-unused"
"java-desktop/src/main/java/DesktopDemoBase.java","DesktopDemoBase","method","aMaJAKK","","","platform-or-unused"
"java-desktop/src/main/java/DesktopDemoBase.java","DesktopDemoBase","method","amAJAKK","String[]","","platform-or-unused"
"java-desktop/src/main/java/DesktopDemoBase.java","DesktopDemoBase","method","amaJAKK","String[],int,int","","platform-or-unused"
"java-desktop/src/main/java/DesktopDemoBase.java","DesktopDemoBase","method","finalize","","","platform-or-unused"
"java-desktop/src/main/java/DesktopDemoBase.java","DesktopDemoBase","method","start","","","platform-or-unused"
"java-desktop/src/main/java/DesktopDemoBase.java","DesktopDemoBase","method","stop","","","platform-or-unused"
"java-desktop/src/main/java/DesktopDemoBase.java","DesktopDemoBase","method","AmaJAKK","URL","","platform-or-unused"
"java-desktop/src/main/java/DesktopDemoBase.java","DesktopDemoBase","method","AmAjaKK","String","","platform-or-unused"
"java-desktop/src/main/java/DesktopDemoBase.java","DesktopDemoBase","method","aMajAKK","String","","platform-or-unused"
"java-desktop/src/main/java/DesktopDemoBase.java","DesktopDemoBase","method","AMAjaKK","URL,String","","platform-or-unused"
"java-desktop/src/main/java/DesktopDemoBase.java","DesktopDemoBase","method","getParameter","String","","platform-or-unused"
"java-desktop/src/main/java/DesktopDemoBase.java","DesktopDemoBase","method","AMaJAKK","String,String","","platform-or-unused"
"java-desktop/src/main/java/DesktopDemoBase.java","DesktopDemoBase","method","amAjaKK","String,int","","platform-or-unused"
"java-desktop/src/main/java/DesktopDemoBase.java","DesktopDemoBase","method","AMajAKK","String,long","","platform-or-unused"
"java-desktop/src/main/java/DesktopDemoBase.java","DesktopDemoBase","method","AMAJAKK","String,float","","platform-or-unused"
"java-desktop/src/main/java/DesktopDemoBase.java","DesktopDemoBase","method","aMAJAKK","String,double","","platform-or-unused"
"java-desktop/src/main/java/DesktopParameterStub.java","DesktopParameterStub","field","JAkkaMA","","","platform-or-unused"
"java-desktop/src/main/java/DesktopParameterStub.java","DesktopParameterStub","field","jAkkaMA","","","platform-or-unused"
"java-desktop/src/main/java/DesktopParameterStub.java","DesktopParameterStub","method","<init>","","","platform-or-unused"
"java-desktop/src/main/java/DesktopParameterStub.java","DesktopParameterStub","method","appletResize","int,int","","platform-or-unused"
"java-desktop/src/main/java/DesktopParameterStub.java","DesktopParameterStub","method","getAppletContext","","","platform-or-unused"
"java-desktop/src/main/java/DesktopParameterStub.java","DesktopParameterStub","method","getCodeBase","","","platform-or-unused"
"java-desktop/src/main/java/DesktopParameterStub.java","DesktopParameterStub","method","getDocumentBase","","","platform-or-unused"
"java-desktop/src/main/java/DesktopParameterStub.java","DesktopParameterStub","method","isActive","","","platform-or-unused"
"java-desktop/src/main/java/DesktopParameterStub.java","DesktopParameterStub","method","AkKamaJ","String,String","","platform-or-unused"
"java-desktop/src/main/java/DesktopParameterStub.java","DesktopParameterStub","method","getParameter","String","","platform-or-unused"
"java-desktop/src/main/java/DesktopResourceContext.java","DesktopResourceContext","method","<init>","","","platform-or-unused"
"java-desktop/src/main/java/DesktopResourceContext.java","DesktopResourceContext","method","kamajak","","","platform-or-unused"
"java-desktop/src/main/java/DesktopResourceContext.java","DesktopResourceContext","method","Kamajak","","","platform-or-unused"
"java-desktop/src/main/java/DesktopResourceContext.java","DesktopResourceContext","method","getApplet","String","","platform-or-unused"
"java-desktop/src/main/java/DesktopResourceContext.java","DesktopResourceContext","method","getApplets","","","platform-or-unused"
"java-desktop/src/main/java/DesktopResourceContext.java","DesktopResourceContext","method","getAudioClip","URL","","platform-or-unused"
"java-desktop/src/main/java/DesktopResourceContext.java","DesktopResourceContext","method","getImage","URL","","platform-or-unused"
"java-desktop/src/main/java/DesktopResourceContext.java","DesktopResourceContext","method","showDocument","URL","","platform-or-unused"
"java-desktop/src/main/java/DesktopResourceContext.java","DesktopResourceContext","method","showDocument","URL,String","","platform-or-unused"
"java-desktop/src/main/java/DesktopResourceContext.java","DesktopResourceContext","method","showStatus","String","","platform-or-unused"
"java-desktop/src/main/java/DesktopSurface.java","DesktopSurface","method","<init>","","","platform-or-unused"
"java-desktop/src/main/java/DesktopSurface.java","DesktopSurface","field","desktopStub","","","platform-or-unused"
"java-desktop/src/main/java/DesktopSurface.java","DesktopSurface","field","working","","","platform-or-unused"
"java-desktop/src/main/java/DesktopSurface.java","DesktopSurface","field","presented","","","platform-or-unused"
"java-desktop/src/main/java/DesktopSurface.java","DesktopSurface","field","presentation","","","platform-or-unused"
"java-desktop/src/main/java/DesktopSurface.java","DesktopSurface","method","presentationComponent","","","platform-or-unused"
"java-desktop/src/main/java/DesktopSurface.java","DesktopSurface","method","setStub","DesktopParameterStub","","platform-or-unused"
"java-desktop/src/main/java/DesktopSurface.java","DesktopSurface","method","getCodeBase","","","platform-or-unused"
"java-desktop/src/main/java/DesktopSurface.java","DesktopSurface","method","getDocumentBase","","","platform-or-unused"
"java-desktop/src/main/java/DesktopSurface.java","DesktopSurface","method","getParameter","String","","platform-or-unused"
"java-desktop/src/main/java/DesktopSurface.java","DesktopSurface","method","getAppletContext","","","platform-or-unused"
"java-desktop/src/main/java/DesktopSurface.java","DesktopSurface","method","getImage","URL","","platform-or-unused"
"java-desktop/src/main/java/DesktopSurface.java","DesktopSurface","method","init","","","platform-or-unused"
"java-desktop/src/main/java/DesktopSurface.java","DesktopSurface","method","start","","","platform-or-unused"
"java-desktop/src/main/java/DesktopSurface.java","DesktopSurface","method","stop","","","platform-or-unused"
"java-desktop/src/main/java/DesktopSurface.java","DesktopSurface","method","destroy","","","platform-or-unused"
"java-desktop/src/main/java/DesktopSurface.java","DesktopSurface","method","isActive","","","platform-or-unused"
"java-desktop/src/main/java/DesktopSurface.java","DesktopSurface","method","getParameterInfo","","","platform-or-unused"
"java-desktop/src/main/java/DesktopSurface.java","DesktopSurface","method","getAppletInfo","","","platform-or-unused"
"java-desktop/src/main/java/DesktopSurface.java","DesktopSurface","method","showStatus","String","","platform-or-unused"
"java-desktop/src/main/java/DesktopSurface.java","DesktopSurface","method","createImage","int,int","","platform-or-unused"
"java-desktop/src/main/java/DesktopSurface.java","DesktopSurface","method","getGraphics","","","platform-or-unused"
"java-desktop/src/main/java/DesktopSurface.java","DesktopSurface","method","publishFrame","","","platform-or-unused"
"java-desktop/src/main/java/DesktopSurface.java","DesktopSurface","method","snapshot","","","platform-or-unused"
"java-desktop/src/main/java/DesktopSurface.java","DesktopSurface","method","paint","Graphics","","platform-or-unused"
"java-desktop/src/main/java/DesktopSurface.java","DesktopSurface","method","paintPresented","Graphics,int,int","","platform-or-unused"
"java-desktop/src/main/java/DesktopSurface.java","DesktopSurface","method","update","Graphics","","platform-or-unused"
"java-desktop/src/main/java/muhmu/hifi/device/DeviceMSbase.java","DeviceMSbase","field","mixable","","","platform-or-unused"
"java-desktop/src/main/java/muhmu/hifi/device/DeviceMSbase.java","DeviceMSbase","field","len","","","platform-or-unused"
"java-desktop/src/main/java/muhmu/hifi/device/DeviceMSbase.java","DeviceMSbase","field","mixer","","","platform-or-unused"
"java-desktop/src/main/java/muhmu/hifi/device/DeviceMSbase.java","DeviceMSbase","field","splitAm","","","platform-or-unused"
"java-desktop/src/main/java/muhmu/hifi/device/DeviceMSbase.java","DeviceMSbase","field","buffer","","","platform-or-unused"
"java-desktop/src/main/java/muhmu/hifi/device/DeviceMSbase.java","DeviceMSbase","field","bufferEmpty","","","platform-or-unused"
"java-desktop/src/main/java/muhmu/hifi/device/DeviceMSbase.java","DeviceMSbase","field","buffer8","","","platform-or-unused"
"java-desktop/src/main/java/muhmu/hifi/device/DeviceMSbase.java","DeviceMSbase","field","bit16","","","platform-or-unused"
"java-desktop/src/main/java/muhmu/hifi/device/DeviceMSbase.java","DeviceMSbase","field","bytesPerSample","","","platform-or-unused"
"java-desktop/src/main/java/muhmu/hifi/device/DeviceMSbase.java","DeviceMSbase","field","format","","","platform-or-unused"
"java-desktop/src/main/java/muhmu/hifi/device/DeviceMSbase.java","DeviceMSbase","field","lag","","","platform-or-unused"
"java-desktop/src/main/java/muhmu/hifi/device/DeviceMSbase.java","DeviceMSbase","method","init","Mixable,int,int,int,Component","","platform-or-unused"
"java-desktop/src/main/java/muhmu/hifi/device/DeviceMSbase.java","DeviceMSbase","method","initMixingBuffers","","","platform-or-unused"
"java-desktop/src/main/java/muhmu/hifi/device/DeviceMSbase.java","DeviceMSbase","method","setFormat","int","","platform-or-unused"
"java-desktop/src/main/java/muhmu/hifi/device/DeviceMSbase.java","DeviceMSbase","method","setFrequency","int","","platform-or-unused"
"java-desktop/src/main/java/muhmu/hifi/device/DeviceMSbase.java","DeviceMSbase","method","start","","","platform-or-unused"
"java-desktop/src/main/java/muhmu/hifi/device/DeviceMSbase.java","DeviceMSbase","method","stop","","","platform-or-unused"
"java-desktop/src/main/java/muhmu/hifi/device/DeviceMSbase.java","DeviceMSbase","method","clearBuffer","","","platform-or-unused"
"java-desktop/src/main/java/muhmu/hifi/device/DeviceMSbase.java","DeviceMSbase","method","hoxBuff","int[],int,byte[],int,int","","platform-or-unused"
"java-desktop/src/main/java/muhmu/hifi/device/DeviceMSbase.java","DeviceMSbase","method","run","","","platform-or-unused"
"java-desktop/src/main/java/muhmu/hifi/device/DeviceMSbase.java","DeviceMSbase","method","initDS","","","platform-or-unused"
"java-desktop/src/main/java/muhmu/hifi/device/DeviceMSbase.java","DeviceMSbase","method","write","int","","platform-or-unused"
"java-desktop/src/main/java/muhmu/hifi/device/DeviceMSbase.java","DeviceMSbase","method","playPos","","","platform-or-unused"
"java-desktop/src/main/java/muhmu/hifi/device/DeviceMSbase.java","DeviceMSbase","method","play","","","platform-or-unused"
"java-desktop/src/main/java/muhmu/hifi/device/DeviceMSbase.java","DeviceMSbase","method","<init>","","","platform-or-unused"
"java-desktop/src/main/java/muhmu/hifi/device/DeviceNoSound.java","DeviceNoSound","field","mixable","","","platform-or-unused"
"java-desktop/src/main/java/muhmu/hifi/device/DeviceNoSound.java","DeviceNoSound","field","mixer","","","platform-or-unused"
"java-desktop/src/main/java/muhmu/hifi/device/DeviceNoSound.java","DeviceNoSound","field","len","","","platform-or-unused"
"java-desktop/src/main/java/muhmu/hifi/device/DeviceNoSound.java","DeviceNoSound","field","buf","","","platform-or-unused"
"java-desktop/src/main/java/muhmu/hifi/device/DeviceNoSound.java","DeviceNoSound","field","lag","","","platform-or-unused"
"java-desktop/src/main/java/muhmu/hifi/device/DeviceNoSound.java","DeviceNoSound","method","init","Mixable,int,int,int,Component","","platform-or-unused"
"java-desktop/src/main/java/muhmu/hifi/device/DeviceNoSound.java","DeviceNoSound","method","start","","","platform-or-unused"
"java-desktop/src/main/java/muhmu/hifi/device/DeviceNoSound.java","DeviceNoSound","method","stop","","","platform-or-unused"
"java-desktop/src/main/java/muhmu/hifi/device/DeviceNoSound.java","DeviceNoSound","method","run","","","platform-or-unused"
"java-desktop/src/main/java/muhmu/hifi/device/DeviceNoSound.java","DeviceNoSound","method","<init>","","","platform-or-unused"
"java-desktop/src/main/java/EmbeddedJpegProducer.java","EmbeddedJpegProducer","field","KkAMAJa","","","platform-or-unused"
"java-desktop/src/main/java/EmbeddedJpegProducer.java","EmbeddedJpegProducer","field","kkAMAJa","","","platform-or-unused"
"java-desktop/src/main/java/EmbeddedJpegProducer.java","EmbeddedJpegProducer","field","producer","","","platform-or-unused"
"java-desktop/src/main/java/EmbeddedJpegProducer.java","EmbeddedJpegProducer","method","<init>","","","platform-or-unused"
"java-desktop/src/main/java/EmbeddedJpegProducer.java","EmbeddedJpegProducer","method","KKaMajA","","","platform-or-unused"
"java-desktop/src/main/java/EmbeddedJpegProducer.java","EmbeddedJpegProducer","method","kkaMajA","","","platform-or-unused"
"java-desktop/src/main/java/EmbeddedJpegProducer.java","EmbeddedJpegProducer","method","addConsumer","ImageConsumer","","platform-or-unused"
"java-desktop/src/main/java/EmbeddedJpegProducer.java","EmbeddedJpegProducer","method","isConsumer","ImageConsumer","","platform-or-unused"
"java-desktop/src/main/java/EmbeddedJpegProducer.java","EmbeddedJpegProducer","method","removeConsumer","ImageConsumer","","platform-or-unused"
"java-desktop/src/main/java/EmbeddedJpegProducer.java","EmbeddedJpegProducer","method","startProduction","ImageConsumer","","platform-or-unused"
"java-desktop/src/main/java/EmbeddedJpegProducer.java","EmbeddedJpegProducer","method","requestTopDownLeftRightResend","ImageConsumer","","platform-or-unused"
"java-desktop/src/main/java/EndscreenRoutine.java","EndscreenRoutine","method","<init>","","EndscreenRoutine::EndscreenRoutine","translated"
"java-desktop/src/main/java/EndscreenRoutine.java","EndscreenRoutine","field","AkkAmAj","","EndscreenRoutine::AkkAmAj","translated"
"java-desktop/src/main/java/EndscreenRoutine.java","EndscreenRoutine","field","akkAmAj","","EndscreenRoutine::akkAmAj","translated"
"java-desktop/src/main/java/EndscreenRoutine.java","EndscreenRoutine","method","getRoutineId","","EndscreenRoutine::getRoutineId","translated"
"java-desktop/src/main/java/EndscreenRoutine.java","EndscreenRoutine","method","load","DesktopDemoBase","EndscreenRoutine::load","native-adapter"
"java-desktop/src/main/java/EndscreenRoutine.java","EndscreenRoutine","method","render","Graphics,float,float","EndscreenRoutine::render","native-adapter"
"java-desktop/src/main/java/Envelope.java","Envelope","field","values","","Envelope::values","translated"
"java-desktop/src/main/java/Envelope.java","Envelope","field","sustainPosition","","Envelope::sustainPosition","translated"
"java-desktop/src/main/java/Envelope.java","Envelope","field","loopStart","","Envelope::loopStart","translated"
"java-desktop/src/main/java/Envelope.java","Envelope","field","loopEnd","","Envelope::loopEnd","translated"
"java-desktop/src/main/java/Envelope.java","Envelope","field","fadeoutStep","","Envelope::fadeoutStep","translated"
"java-desktop/src/main/java/Envelope.java","Envelope","field","enabled","","Envelope::enabled","translated"
"java-desktop/src/main/java/Envelope.java","Envelope","field","loopEnabled","","Envelope::loopEnabled","translated"
"java-desktop/src/main/java/Envelope.java","Envelope","field","sustainEnabled","","Envelope::sustainEnabled","translated"
"java-desktop/src/main/java/Envelope.java","Envelope","method","<init>","byte[],int,int,int","Envelope::Envelope","translated"
"java-desktop/src/main/java/Envelope.java","Envelope","method","<init>","Point[],int,int,int","Envelope::Envelope","translated"
"java-desktop/src/main/java/Envelope.java","Envelope","method","setFadeoutStep","int","Envelope::setFadeoutStep","translated"
"java-desktop/src/main/java/Envelope.java","Envelope","method","valueAt","int","Envelope::valueAt","translated"
"java-desktop/src/main/java/Envelope.java","Envelope","method","advancePosition","int,boolean","Envelope::advancePosition","translated"
"java-desktop/src/main/java/Envelope.java","Envelope","method","toString","","Envelope::toString","translated"
"java-desktop/src/main/java/EnvelopeCursor.java","EnvelopeCursor","field","envelope","","EnvelopeCursor::envelope","translated"
"java-desktop/src/main/java/EnvelopeCursor.java","EnvelopeCursor","field","position","","EnvelopeCursor::position","translated"
"java-desktop/src/main/java/EnvelopeCursor.java","EnvelopeCursor","field","released","","EnvelopeCursor::released","translated"
"java-desktop/src/main/java/EnvelopeCursor.java","EnvelopeCursor","field","enabled","","EnvelopeCursor::enabled","translated"
"java-desktop/src/main/java/EnvelopeCursor.java","EnvelopeCursor","field","fadeoutLevel","","EnvelopeCursor::fadeoutLevel","translated"
"java-desktop/src/main/java/EnvelopeCursor.java","EnvelopeCursor","method","<init>","","EnvelopeCursor::EnvelopeCursor","translated"
"java-desktop/src/main/java/EnvelopeCursor.java","EnvelopeCursor","method","<init>","Envelope","EnvelopeCursor::EnvelopeCursor","translated"
"java-desktop/src/main/java/EnvelopeCursor.java","EnvelopeCursor","method","setEnvelope","Envelope","EnvelopeCursor::setEnvelope","translated"
"java-desktop/src/main/java/EnvelopeCursor.java","EnvelopeCursor","method","reset","","EnvelopeCursor::reset","translated"
"java-desktop/src/main/java/EnvelopeCursor.java","EnvelopeCursor","method","release","","EnvelopeCursor::release","translated"
"java-desktop/src/main/java/EnvelopeCursor.java","EnvelopeCursor","method","nextValue","","EnvelopeCursor::nextValue","translated"
"java-desktop/src/main/java/EvilScene.java","EvilScene","method","<init>","","EvilScene::EvilScene","translated"
"java-desktop/src/main/java/EvilScene.java","EvilScene","field","AmAJakk","","EvilScene::AmAJakk","translated"
"java-desktop/src/main/java/EvilScene.java","EvilScene","field","amAJakk","","EvilScene::amAJakk","translated"
"java-desktop/src/main/java/EvilScene.java","EvilScene","field","AMAJakk","","EvilScene::AMAJakk","translated"
"java-desktop/src/main/java/EvilScene.java","EvilScene","method","getSceneId","","EvilScene::getSceneId","translated"
"java-desktop/src/main/java/EvilScene.java","EvilScene","method","dispose","","EvilScene::dispose","translated"
"java-desktop/src/main/java/EvilScene.java","EvilScene","method","load","DesktopDemoBase","EvilScene::load","translated"
"java-desktop/src/main/java/EvilScene.java","EvilScene","method","render","RgbSurface,float,float","EvilScene::render","translated"
"java-desktop/src/main/java/EvilScene.java","EvilScene","method","handleMessage","String,float","EvilScene::handleMessage","translated"
"java-desktop/src/main/java/EvilScene.java","EvilScene","method","AmAjAKk","IndexedSurface,int,int,int,double","EvilScene::AmAjAKk","translated"
"java-desktop/src/main/java/EvilScene.java","EvilScene","method","aMaJakk","Camera,DesktopDemoBase","EvilScene::aMaJakk","translated"
"java-desktop/src/main/java/ExitOnCloseFrame.java","ExitOnCloseFrame","method","<init>","String","","platform-or-unused"
"java-desktop/src/main/java/ExitOnCloseFrame.java","ExitOnCloseFrame","method","handleEvent","Event","","platform-or-unused"
"java-desktop/src/main/java/GodogDesktop.java","GodogDesktop","method","<init>","","","platform-or-unused"
"java-desktop/src/main/java/GodogDesktop.java","GodogDesktop","field","assets","","","platform-or-unused"
"java-desktop/src/main/java/GodogDesktop.java","GodogDesktop","field","captureDirectory","","","platform-or-unused"
"java-desktop/src/main/java/GodogDesktop.java","GodogDesktop","field","scale","","","platform-or-unused"
"java-desktop/src/main/java/GodogDesktop.java","GodogDesktop","field","headless","","","platform-or-unused"
"java-desktop/src/main/java/GodogDesktop.java","GodogDesktop","field","duration","","","platform-or-unused"
"java-desktop/src/main/java/GodogDesktop.java","GodogDesktop","field","musicStart","","","platform-or-unused"
"java-desktop/src/main/java/GodogDesktop.java","GodogDesktop","field","closing","","","platform-or-unused"
"java-desktop/src/main/java/GodogDesktop.java","GodogDesktop","field","captureTimes","","","platform-or-unused"
"java-desktop/src/main/java/GodogDesktop.java","GodogDesktop","field","nextCapture","","","platform-or-unused"
"java-desktop/src/main/java/GodogDesktop.java","GodogDesktop","field","demo","","","platform-or-unused"
"java-desktop/src/main/java/GodogDesktop.java","GodogDesktop","field","window","","","platform-or-unused"
"java-desktop/src/main/java/GodogDesktop.java","GodogDesktop","method","main","String[]","","platform-or-unused"
"java-desktop/src/main/java/GodogDesktop.java","GodogDesktop","method","assetBase","","","platform-or-unused"
"java-desktop/src/main/java/GodogDesktop.java","GodogDesktop","method","launch","DesktopDemoBase,String[],int,int","","platform-or-unused"
"java-desktop/src/main/java/GodogDesktop.java","GodogDesktop","method","musicStarted","","","platform-or-unused"
"java-desktop/src/main/java/GodogDesktop.java","GodogDesktop","method","sceneStarted","String","","platform-or-unused"
"java-desktop/src/main/java/GodogDesktop.java","GodogDesktop","method","elapsed","","","platform-or-unused"
"java-desktop/src/main/java/GodogDesktop.java","GodogDesktop","method","framePresented","BufferedImage","","platform-or-unused"
"java-desktop/src/main/java/GodogDesktop.java","GodogDesktop","method","failed","Throwable","","platform-or-unused"
"java-desktop/src/main/java/GodogDesktop.java","GodogDesktop","method","close","int","","platform-or-unused"
"java-desktop/src/main/java/GraphicsRoutine.java","GraphicsRoutine","method","<init>","","GraphicsRoutine::GraphicsRoutine","translated"
"java-desktop/src/main/java/GraphicsRoutine.java","GraphicsRoutine","method","getRoutineId","","GraphicsRoutine::getRoutineId","translated"
"java-desktop/src/main/java/GraphicsRoutine.java","GraphicsRoutine","method","load","DesktopDemoBase","GraphicsRoutine::load","translated"
"java-desktop/src/main/java/GraphicsRoutine.java","GraphicsRoutine","method","enter","","GraphicsRoutine::enter","translated"
"java-desktop/src/main/java/GraphicsRoutine.java","GraphicsRoutine","method","dispose","","GraphicsRoutine::dispose","translated"
"java-desktop/src/main/java/GraphicsRoutine.java","GraphicsRoutine","method","render","Graphics,float,float","GraphicsRoutine::render","translated"
"java-desktop/src/main/java/GraphicsRoutine.java","GraphicsRoutine","method","handleMessage","String,float","GraphicsRoutine::handleMessage","translated"
"java-desktop/src/main/java/HeightFieldMesh.java","HeightFieldMesh","field","JAkKAMa","","HeightFieldMesh::JAkKAMa","translated"
"java-desktop/src/main/java/HeightFieldMesh.java","HeightFieldMesh","field","jAkKAMa","","HeightFieldMesh::jAkKAMa","translated"
"java-desktop/src/main/java/HeightFieldMesh.java","HeightFieldMesh","field","JaKkaMa","","HeightFieldMesh::JaKkaMa","translated"
"java-desktop/src/main/java/HeightFieldMesh.java","HeightFieldMesh","field","jaKkaMa","","HeightFieldMesh::jaKkaMa","translated"
"java-desktop/src/main/java/HeightFieldMesh.java","HeightFieldMesh","field","JAKkaMa","","HeightFieldMesh::JAKkaMa","translated"
"java-desktop/src/main/java/HeightFieldMesh.java","HeightFieldMesh","field","jAKkaMa","","HeightFieldMesh::jAKkaMa","translated"
"java-desktop/src/main/java/HeightFieldMesh.java","HeightFieldMesh","field","JakkaMa","","HeightFieldMesh::JakkaMa","translated"
"java-desktop/src/main/java/HeightFieldMesh.java","HeightFieldMesh","field","jakkaMa","","HeightFieldMesh::jakkaMa","translated"
"java-desktop/src/main/java/HeightFieldMesh.java","HeightFieldMesh","field","JAkkaMa","","HeightFieldMesh::JAkkaMa","translated"
"java-desktop/src/main/java/HeightFieldMesh.java","HeightFieldMesh","field","jAkkaMa","","HeightFieldMesh::jAkkaMa","translated"
"java-desktop/src/main/java/HeightFieldMesh.java","HeightFieldMesh","field","JaKKaMa","","HeightFieldMesh::JaKKaMa","translated"
"java-desktop/src/main/java/HeightFieldMesh.java","HeightFieldMesh","field","jaKKaMa","","HeightFieldMesh::jaKKaMa","translated"
"java-desktop/src/main/java/HeightFieldMesh.java","HeightFieldMesh","field","JAKKaMa","","HeightFieldMesh::JAKKaMa","translated"
"java-desktop/src/main/java/HeightFieldMesh.java","HeightFieldMesh","field","jAKKaMa","","HeightFieldMesh::jAKKaMa","translated"
"java-desktop/src/main/java/HeightFieldMesh.java","HeightFieldMesh","field","JakKaMa","","HeightFieldMesh::JakKaMa","translated"
"java-desktop/src/main/java/HeightFieldMesh.java","HeightFieldMesh","field","jakKaMa","","HeightFieldMesh::jakKaMa","translated"
"java-desktop/src/main/java/HeightFieldMesh.java","HeightFieldMesh","field","JAkKaMa","","HeightFieldMesh::JAkKaMa","translated"
"java-desktop/src/main/java/HeightFieldMesh.java","HeightFieldMesh","field","jAkKaMa","","HeightFieldMesh::jAkKaMa","translated"
"java-desktop/src/main/java/HeightFieldMesh.java","HeightFieldMesh","field","AjAkKaM","","HeightFieldMesh::AjAkKaM","translated"
"java-desktop/src/main/java/HeightFieldMesh.java","HeightFieldMesh","field","ajAkKaM","","HeightFieldMesh::ajAkKaM","translated"
"java-desktop/src/main/java/HeightFieldMesh.java","HeightFieldMesh","field","AJAkKaM","","HeightFieldMesh::AJAkKaM","translated"
"java-desktop/src/main/java/HeightFieldMesh.java","HeightFieldMesh","field","aJAkKaM","","HeightFieldMesh::aJAkKaM","translated"
"java-desktop/src/main/java/HeightFieldMesh.java","HeightFieldMesh","field","AjakKaM","","HeightFieldMesh::AjakKaM","translated"
"java-desktop/src/main/java/HeightFieldMesh.java","HeightFieldMesh","field","ajakKaM","","HeightFieldMesh::ajakKaM","translated"
"java-desktop/src/main/java/HeightFieldMesh.java","HeightFieldMesh","field","AJakKaM","","HeightFieldMesh::AJakKaM","translated"
"java-desktop/src/main/java/HeightFieldMesh.java","HeightFieldMesh","field","aJakKaM","","HeightFieldMesh::aJakKaM","translated"
"java-desktop/src/main/java/HeightFieldMesh.java","HeightFieldMesh","field","AjAKKaM","","HeightFieldMesh::AjAKKaM","translated"
"java-desktop/src/main/java/HeightFieldMesh.java","HeightFieldMesh","field","ajAKKaM","","HeightFieldMesh::ajAKKaM","translated"
"java-desktop/src/main/java/HeightFieldMesh.java","HeightFieldMesh","field","AJAKKaM","","HeightFieldMesh::AJAKKaM","translated"
"java-desktop/src/main/java/HeightFieldMesh.java","HeightFieldMesh","method","<init>","short[][],float,float,Camera,boolean","HeightFieldMesh::HeightFieldMesh","translated"
"java-desktop/src/main/java/HeightFieldMesh.java","HeightFieldMesh","method","AKkaMAJ","int,int,float,int","HeightFieldMesh::AKkaMAJ","translated"
"java-desktop/src/main/java/HeightFieldMesh.java","HeightFieldMesh","method","AkKAMAJ","","HeightFieldMesh::AkKAMAJ","translated"
"java-desktop/src/main/java/HeightFieldMesh.java","HeightFieldMesh","method","akKAMAJ","float,float,float,float,float","HeightFieldMesh::akKAMAJ","translated"
"java-desktop/src/main/java/HeightFieldMesh.java","HeightFieldMesh","method","AKKAMAJ","float,float,float,float,float","HeightFieldMesh::AKKAMAJ","translated"
"java-desktop/src/main/java/HeightFieldMesh.java","HeightFieldMesh","method","aKkaMAJ","","HeightFieldMesh::aKkaMAJ","translated"
"java-desktop/src/main/java/HeightFieldMesh.java","HeightFieldMesh","method","JAKkaMA","","HeightFieldMesh::JAKkaMA","translated"
"java-desktop/src/main/java/HeightFieldMesh.java","HeightFieldMesh","method","aKKAMAJ","","HeightFieldMesh::aKKAMAJ","translated"
"java-desktop/src/main/java/HeightFieldMesh.java","HeightFieldMesh","method","JaKkama","Camera,int","HeightFieldMesh::JaKkama","translated"
"java-desktop/src/main/java/IguMeshLoader.java","IguMeshLoader","method","<init>","","IguMeshLoader::IguMeshLoader","translated"
"java-desktop/src/main/java/IguMeshLoader.java","IguMeshLoader","method","kKAMAJA","URL","IguMeshLoader::kKAMAJA","translated"
"java-desktop/src/main/java/IguMeshLoader.java","IguMeshLoader","method","KKAMAJA","String","IguMeshLoader::KKAMAJA","translated"
"java-desktop/src/main/java/IguMeshLoader.java","IguMeshLoader","method","kkAMAJA","String","IguMeshLoader::kkAMAJA","translated"
"java-desktop/src/main/java/ImageDecodeConsumer.java","ImageDecodeConsumer","method","<init>","","","platform-or-unused"
"java-desktop/src/main/java/ImageDecodeConsumer.java","ImageDecodeConsumer","field","KKAMAJa","","","platform-or-unused"
"java-desktop/src/main/java/ImageDecodeConsumer.java","ImageDecodeConsumer","field","kKAMAJa","","","platform-or-unused"
"java-desktop/src/main/java/ImageDecodeConsumer.java","ImageDecodeConsumer","field","KkaMAJa","","","platform-or-unused"
"java-desktop/src/main/java/ImageDecodeConsumer.java","ImageDecodeConsumer","field","kkaMAJa","","","platform-or-unused"
"java-desktop/src/main/java/ImageDecodeConsumer.java","ImageDecodeConsumer","field","KKaMAJa","","","platform-or-unused"
"java-desktop/src/main/java/ImageDecodeConsumer.java","ImageDecodeConsumer","field","kKaMAJa","","","platform-or-unused"
"java-desktop/src/main/java/ImageDecodeConsumer.java","ImageDecodeConsumer","field","KkAmaJa","","","platform-or-unused"
"java-desktop/src/main/java/ImageDecodeConsumer.java","ImageDecodeConsumer","method","kKaMajA","","","platform-or-unused"
"java-desktop/src/main/java/ImageDecodeConsumer.java","ImageDecodeConsumer","method","KkAmAJA","","","platform-or-unused"
"java-desktop/src/main/java/ImageDecodeConsumer.java","ImageDecodeConsumer","method","imageComplete","int","","platform-or-unused"
"java-desktop/src/main/java/ImageDecodeConsumer.java","ImageDecodeConsumer","method","setColorModel","ColorModel","","platform-or-unused"
"java-desktop/src/main/java/ImageDecodeConsumer.java","ImageDecodeConsumer","method","setDimensions","int,int","","platform-or-unused"
"java-desktop/src/main/java/ImageDecodeConsumer.java","ImageDecodeConsumer","method","setHints","int","","platform-or-unused"
"java-desktop/src/main/java/ImageDecodeConsumer.java","ImageDecodeConsumer","method","setPixels","int,int,int,int,ColorModel,byte[],int,int","","platform-or-unused"
"java-desktop/src/main/java/ImageDecodeConsumer.java","ImageDecodeConsumer","method","setPixels","int,int,int,int,ColorModel,int[],int,int","","platform-or-unused"
"java-desktop/src/main/java/ImageDecodeConsumer.java","ImageDecodeConsumer","method","setProperties","Hashtable","","platform-or-unused"
"java-desktop/src/main/java/ImageMathSupport.java","ImageMathSupport","method","<init>","","","platform-or-unused"
"java-desktop/src/main/java/ImageMathSupport.java","ImageMathSupport","field","MajAKkA","","","platform-or-unused"
"java-desktop/src/main/java/ImageMathSupport.java","ImageMathSupport","field","majAKkA","","","platform-or-unused"
"java-desktop/src/main/java/ImageMathSupport.java","ImageMathSupport","field","MAjAKkA","","","platform-or-unused"
"java-desktop/src/main/java/ImageMathSupport.java","ImageMathSupport","method","majaKkA","double,double,double,double[]","","platform-or-unused"
"java-desktop/src/main/java/ImageMathSupport.java","ImageMathSupport","method","maJAKkA","double,double,double,double,double,double[]","","platform-or-unused"
"java-desktop/src/main/java/ImageMathSupport.java","ImageMathSupport","method","MAjaKkA","URL","","platform-or-unused"
"java-desktop/src/main/java/ImageMathSupport.java","ImageMathSupport","method","mAJaKkA","URL","","platform-or-unused"
"java-desktop/src/main/java/ImageMathSupport.java","ImageMathSupport","method","MAJaKkA","int,int,int,int,int,int,float","","platform-or-unused"
"java-desktop/src/main/java/ImageMathSupport.java","ImageMathSupport","method","mAjaKkA","float,float,float,float,float,float,float","","platform-or-unused"
"java-desktop/src/main/java/ImageMathSupport.java","ImageMathSupport","method","MajaKkA","double","","platform-or-unused"
"java-desktop/src/main/java/ImageMathSupport.java","ImageMathSupport","method","MaJAKkA","float","","platform-or-unused"
"java-desktop/src/main/java/IndexedSurface.java","IndexedSurface","field","kamAJaK","","IndexedSurface::kamAJaK_field","translated"
"java-desktop/src/main/java/IndexedSurface.java","IndexedSurface","field","KAmAJaK","","IndexedSurface::KAmAJaK_field","translated"
"java-desktop/src/main/java/IndexedSurface.java","IndexedSurface","field","kAmAJaK","","IndexedSurface::kAmAJaK_field","translated"
"java-desktop/src/main/java/IndexedSurface.java","IndexedSurface","field","KaMajaK","","IndexedSurface::KaMajaK_field","translated"
"java-desktop/src/main/java/IndexedSurface.java","IndexedSurface","field","kaMajaK","","IndexedSurface::kaMajaK_field","translated"
"java-desktop/src/main/java/IndexedSurface.java","IndexedSurface","field","KAMajaK","","IndexedSurface::KAMajaK_field","translated"
"java-desktop/src/main/java/IndexedSurface.java","IndexedSurface","field","kAMajaK","","IndexedSurface::kAMajaK_field","translated"
"java-desktop/src/main/java/IndexedSurface.java","IndexedSurface","field","KamajaK","","IndexedSurface::KamajaK_field","translated"
"java-desktop/src/main/java/IndexedSurface.java","IndexedSurface","field","kamajaK","","IndexedSurface::kamajaK_field","translated"
"java-desktop/src/main/java/IndexedSurface.java","IndexedSurface","field","KAmajaK","","IndexedSurface::KAmajaK_field","translated"
"java-desktop/src/main/java/IndexedSurface.java","IndexedSurface","field","kAmajaK","","IndexedSurface::kAmajaK_field","translated"
"java-desktop/src/main/java/IndexedSurface.java","IndexedSurface","method","<init>","int,int,byte[],byte[],byte[],byte[]","IndexedSurface::IndexedSurface","translated"
"java-desktop/src/main/java/IndexedSurface.java","IndexedSurface","method","<init>","int,int,int,boolean","IndexedSurface::IndexedSurface","translated"
"java-desktop/src/main/java/IndexedSurface.java","IndexedSurface","method","kAmAjaK","IndexedSurface","IndexedSurface::kAmAjaK","translated"
"java-desktop/src/main/java/IndexedSurface.java","IndexedSurface","method","KAMAjaK","IndexColorModel","IndexedSurface::KAMAjaK","translated"
"java-desktop/src/main/java/IndexedSurface.java","IndexedSurface","method","kaMAjaK","byte[],byte[],byte[]","IndexedSurface::kaMAjaK","translated"
"java-desktop/src/main/java/IndexedSurface.java","IndexedSurface","method","KaMajaK","","IndexedSurface::KaMajaK","translated"
"java-desktop/src/main/java/IndexedSurface.java","IndexedSurface","method","KAmAJaK","byte[],byte[],byte[],byte[]","IndexedSurface::KAmAJaK","translated"
"java-desktop/src/main/java/IndexedSurface.java","IndexedSurface","method","kamajaK","","IndexedSurface::kamajaK","translated"
"java-desktop/src/main/java/IndexedSurface.java","IndexedSurface","method","publishRegion","int,int,int,int","IndexedSurface::publishRegion","translated"
"java-desktop/src/main/java/IndexedSurface.java","IndexedSurface","method","KAMajaK","int","IndexedSurface::KAMajaK","translated"
"java-desktop/src/main/java/IndexedSurface.java","IndexedSurface","method","kamAJaK","","IndexedSurface::kamAJaK","translated"
"java-desktop/src/main/java/IndexedSurface.java","IndexedSurface","method","kAMajaK","","IndexedSurface::kAMajaK","translated"
"java-desktop/src/main/java/IndexedSurface.java","IndexedSurface","method","kAMAjaK","int,int,int,int,int,int","IndexedSurface::kAMAjaK","translated"
"java-desktop/src/main/java/IndexedSurface.java","IndexedSurface","method","KAMAJaK","","IndexedSurface::KAMAJaK","translated"
"java-desktop/src/main/java/IndexedSurface.java","IndexedSurface","method","KAmajaK","double","IndexedSurface::KAmajaK","translated"
"java-desktop/src/main/java/IndexedSurface.java","IndexedSurface","method","KamajaK","double,double,double","IndexedSurface::KamajaK","translated"
"java-desktop/src/main/java/IndexedSurface.java","IndexedSurface","method","KamAJaK","double,double","IndexedSurface::KamAJaK","translated"
"java-desktop/src/main/java/IndexedSurface.java","IndexedSurface","method","KAmAjaK","double,double,double,double","IndexedSurface::KAmAjaK","translated"
"java-desktop/src/main/java/IndexedSurface.java","IndexedSurface","method","kaMajaK","double,double,double,double,double,double","IndexedSurface::kaMajaK","translated"
"java-desktop/src/main/java/IndexedSurface.java","IndexedSurface","method","kAMAJaK","byte[],double,double,double,double,double,double","IndexedSurface::kAMAJaK","translated"
"java-desktop/src/main/java/IndexedSurface.java","IndexedSurface","method","kAmajaK","int","IndexedSurface::kAmajaK","translated"
"java-desktop/src/main/java/IndexedSurface.java","IndexedSurface","method","KaMAjaK","int","IndexedSurface::KaMAjaK","translated"
"java-desktop/src/main/java/IndexedSurface.java","IndexedSurface","method","kAmAJaK","IndexedSurface,int,int","IndexedSurface::kAmAJaK","translated"
"java-desktop/src/main/java/IndexedSurface.java","IndexedSurface","method","KamAjaK","IndexedSurface,int,int,int,int,int,int","IndexedSurface::KamAjaK","translated"
"java-desktop/src/main/java/IndexedSurface.java","IndexedSurface","method","kamAjaK","RgbSurface,byte","IndexedSurface::kamAjaK","translated"
"java-desktop/src/main/java/IndexedSurfacePresenter.java","IndexedSurfacePresenter","field","KkaMaJa","","","platform-or-unused"
"java-desktop/src/main/java/IndexedSurfacePresenter.java","IndexedSurfacePresenter","field","kkaMaJa","","","platform-or-unused"
"java-desktop/src/main/java/IndexedSurfacePresenter.java","IndexedSurfacePresenter","field","KKaMaJa","","","platform-or-unused"
"java-desktop/src/main/java/IndexedSurfacePresenter.java","IndexedSurfacePresenter","field","kKaMaJa","","","platform-or-unused"
"java-desktop/src/main/java/IndexedSurfacePresenter.java","IndexedSurfacePresenter","field","AkKaMaJ","","","platform-or-unused"
"java-desktop/src/main/java/IndexedSurfacePresenter.java","IndexedSurfacePresenter","method","aKkaMaJ","Graphics,int,int","","platform-or-unused"
"java-desktop/src/main/java/IndexedSurfacePresenter.java","IndexedSurfacePresenter","method","<init>","","","platform-or-unused"
"java-desktop/src/main/java/IndexedSurfacePresenter.java","IndexedSurfacePresenter","method","AKKaMaJ","Graphics,int,int","","platform-or-unused"
"java-desktop/src/main/java/IndexedSurfacePresenter.java","IndexedSurfacePresenter","method","akKaMaJ","","","platform-or-unused"
"java-desktop/src/main/java/IndexedSurfacePresenter.java","IndexedSurfacePresenter","method","AkKaMaJ","DesktopDemoBase","","platform-or-unused"
"java-desktop/src/main/java/IndexedSurfacePresenter.java","IndexedSurfacePresenter","method","AKkaMaJ","Triangle","","platform-or-unused"
"java-desktop/src/main/java/IndexedTriangleSink.java","IndexedTriangleSink","method","<init>","IndexedSurface","","platform-or-unused"
"java-desktop/src/main/java/IndexedTriangleSink.java","IndexedTriangleSink","method","kKamaJa","Triangle","","platform-or-unused"
"java-desktop/src/main/java/IsoSurfaceIntersection.java","IsoSurfaceIntersection","method","<init>","","IsoSurfaceIntersection::IsoSurfaceIntersection","translated"
"java-desktop/src/main/java/IsoSurfaceIntersection.java","IsoSurfaceIntersection","field","kaMaJAK","","IsoSurfaceIntersection::kaMaJAK","translated"
"java-desktop/src/main/java/IsoSurfaceIntersection.java","IsoSurfaceIntersection","method","kamaJak","ScalarFieldVertex,ScalarFieldVertex","IsoSurfaceIntersection::kamaJak","translated"
"java-desktop/src/main/java/muhmu/hifi/device/JavaSoundDevice.java","JavaSoundDevice","field","mixable","","","platform-or-unused"
"java-desktop/src/main/java/muhmu/hifi/device/JavaSoundDevice.java","JavaSoundDevice","field","line","","","platform-or-unused"
"java-desktop/src/main/java/muhmu/hifi/device/JavaSoundDevice.java","JavaSoundDevice","field","mixer","","","platform-or-unused"
"java-desktop/src/main/java/muhmu/hifi/device/JavaSoundDevice.java","JavaSoundDevice","field","buffer","","","platform-or-unused"
"java-desktop/src/main/java/muhmu/hifi/device/JavaSoundDevice.java","JavaSoundDevice","field","pcm","","","platform-or-unused"
"java-desktop/src/main/java/muhmu/hifi/device/JavaSoundDevice.java","JavaSoundDevice","field","mute","","","platform-or-unused"
"java-desktop/src/main/java/muhmu/hifi/device/JavaSoundDevice.java","JavaSoundDevice","field","framesWritten","","","platform-or-unused"
"java-desktop/src/main/java/muhmu/hifi/device/JavaSoundDevice.java","JavaSoundDevice","field","startMillis","","","platform-or-unused"
"java-desktop/src/main/java/muhmu/hifi/device/JavaSoundDevice.java","JavaSoundDevice","field","failureHandler","","","platform-or-unused"
"java-desktop/src/main/java/muhmu/hifi/device/JavaSoundDevice.java","JavaSoundDevice","method","setFailureHandler","java.util.function.Consumer<Throwable>","","platform-or-unused"
"java-desktop/src/main/java/muhmu/hifi/device/JavaSoundDevice.java","JavaSoundDevice","method","<init>","","","platform-or-unused"
"java-desktop/src/main/java/muhmu/hifi/device/JavaSoundDevice.java","JavaSoundDevice","method","<init>","boolean","","platform-or-unused"
"java-desktop/src/main/java/muhmu/hifi/device/JavaSoundDevice.java","JavaSoundDevice","method","init","Mixable,int,int,int,Component","","platform-or-unused"
"java-desktop/src/main/java/muhmu/hifi/device/JavaSoundDevice.java","JavaSoundDevice","method","start","","","platform-or-unused"
"java-desktop/src/main/java/muhmu/hifi/device/JavaSoundDevice.java","JavaSoundDevice","method","stop","","","platform-or-unused"
"java-desktop/src/main/java/muhmu/hifi/device/JavaSoundDevice.java","JavaSoundDevice","method","run","","","platform-or-unused"
"java-desktop/src/main/java/LegacyFullscreenWindow.java","LegacyFullscreenWindow","field","kKamaJA","","","platform-or-unused"
"java-desktop/src/main/java/LegacyFullscreenWindow.java","LegacyFullscreenWindow","field","KkAMaJA","","","platform-or-unused"
"java-desktop/src/main/java/LegacyFullscreenWindow.java","LegacyFullscreenWindow","field","kkAMaJA","","","platform-or-unused"
"java-desktop/src/main/java/LegacyFullscreenWindow.java","LegacyFullscreenWindow","field","KKAMaJA","","","platform-or-unused"
"java-desktop/src/main/java/LegacyFullscreenWindow.java","LegacyFullscreenWindow","field","kKAMaJA","","","platform-or-unused"
"java-desktop/src/main/java/LegacyFullscreenWindow.java","LegacyFullscreenWindow","field","KkaMaJA","","","platform-or-unused"
"java-desktop/src/main/java/LegacyFullscreenWindow.java","LegacyFullscreenWindow","field","kkaMaJA","","","platform-or-unused"
"java-desktop/src/main/java/LegacyFullscreenWindow.java","LegacyFullscreenWindow","method","<init>","String","","platform-or-unused"
"java-desktop/src/main/java/LegacyFullscreenWindow.java","LegacyFullscreenWindow","method","KkAmAjA","Component","","platform-or-unused"
"java-desktop/src/main/java/LegacyFullscreenWindow.java","LegacyFullscreenWindow","method","kAmAjAk","Component","","platform-or-unused"
"java-desktop/src/main/java/LegacyFullscreenWindow.java","LegacyFullscreenWindow","method","dispose","","","platform-or-unused"
"java-desktop/src/main/java/LegacyFullscreenWindow.java","LegacyFullscreenWindow","method","show","","","platform-or-unused"
"java-desktop/src/main/java/LineRasterizer.java","LineRasterizer","field","KaMaJAk","","LineRasterizer::KaMaJAk_field","translated"
"java-desktop/src/main/java/LineRasterizer.java","LineRasterizer","field","kaMaJAk","","LineRasterizer::kaMaJAk_field","translated"
"java-desktop/src/main/java/LineRasterizer.java","LineRasterizer","field","KAMaJAk","","LineRasterizer::KAMaJAk_field","translated"
"java-desktop/src/main/java/LineRasterizer.java","LineRasterizer","field","kAMaJAk","","LineRasterizer::kAMaJAk_field","translated"
"java-desktop/src/main/java/LineRasterizer.java","LineRasterizer","field","KamaJAk","","LineRasterizer::KamaJAk_field","translated"
"java-desktop/src/main/java/LineRasterizer.java","LineRasterizer","field","kamaJAk","","LineRasterizer::kamaJAk_field","translated"
"java-desktop/src/main/java/LineRasterizer.java","LineRasterizer","field","KAmaJAk","","LineRasterizer::KAmaJAk_field","translated"
"java-desktop/src/main/java/LineRasterizer.java","LineRasterizer","field","kAmaJAk","","LineRasterizer::kAmaJAk","translated"
"java-desktop/src/main/java/LineRasterizer.java","LineRasterizer","field","KaMAJAk","","LineRasterizer::KaMAJAk","translated"
"java-desktop/src/main/java/LineRasterizer.java","LineRasterizer","field","kaMAJAk","","LineRasterizer::kaMAJAk","translated"
"java-desktop/src/main/java/LineRasterizer.java","LineRasterizer","field","KAMAJAk","","LineRasterizer::KAMAJAk","translated"
"java-desktop/src/main/java/LineRasterizer.java","LineRasterizer","field","kAMAJAk","","LineRasterizer::kAMAJAk","translated"
"java-desktop/src/main/java/LineRasterizer.java","LineRasterizer","field","KamAJAk","","LineRasterizer::KamAJAk","translated"
"java-desktop/src/main/java/LineRasterizer.java","LineRasterizer","method","<init>","RgbSurface,int,int","LineRasterizer::LineRasterizer","translated"
"java-desktop/src/main/java/LineRasterizer.java","LineRasterizer","method","KAmaJAk","int","LineRasterizer::KAmaJAk","translated"
"java-desktop/src/main/java/LineRasterizer.java","LineRasterizer","method","KAmAjak","float","LineRasterizer::KAmAjak","translated"
"java-desktop/src/main/java/LineRasterizer.java","LineRasterizer","method","kamaJAk","boolean","LineRasterizer::kamaJAk","translated"
"java-desktop/src/main/java/LineRasterizer.java","LineRasterizer","method","KaMaJAk","Triangle","LineRasterizer::KaMaJAk","translated"
"java-desktop/src/main/java/LineRasterizer.java","LineRasterizer","method","kAMaJAk","float,float","LineRasterizer::kAMaJAk","translated"
"java-desktop/src/main/java/LineRasterizer.java","LineRasterizer","method","kaMaJAk","int,int,float,float,float,float,float","LineRasterizer::kaMaJAk","translated"
"java-desktop/src/main/java/LineRasterizer.java","LineRasterizer","method","kAmAjak","int,int,float,float,float,float,float","LineRasterizer::kAmAjak","translated"
"java-desktop/src/main/java/LineRasterizer.java","LineRasterizer","method","KAMaJAk","int,int,int","LineRasterizer::KAMaJAk","translated"
"java-desktop/src/main/java/LineRasterizer.java","LineRasterizer","method","KamAjak","float,float,float,float,int,int,int","LineRasterizer::KamAjak","translated"
"java-desktop/src/main/java/LineRasterizer.java","LineRasterizer","method","kamAjak","float,float,float,float,int,int,int","LineRasterizer::kamAjak","translated"
"java-desktop/src/main/java/LineRasterizer.java","LineRasterizer","method","KamaJAk","float,float,float,float,int,int,int","LineRasterizer::KamaJAk","translated"
"java-desktop/src/main/java/LinjanenScene.java","LinjanenScene","field","akKAMaJ","","LinjanenScene::akKAMaJ","translated"
"java-desktop/src/main/java/LinjanenScene.java","LinjanenScene","field","AKKAMaJ","","LinjanenScene::AKKAMaJ","translated"
"java-desktop/src/main/java/LinjanenScene.java","LinjanenScene","field","aKKAMaJ","","LinjanenScene::aKKAMaJ","translated"
"java-desktop/src/main/java/LinjanenScene.java","LinjanenScene","field","AkkAMaJ","","LinjanenScene::AkkAMaJ","translated"
"java-desktop/src/main/java/LinjanenScene.java","LinjanenScene","field","akkAMaJ","","LinjanenScene::akkAMaJ","translated"
"java-desktop/src/main/java/LinjanenScene.java","LinjanenScene","field","AKkAMaJ","","LinjanenScene::AKkAMaJ","translated"
"java-desktop/src/main/java/LinjanenScene.java","LinjanenScene","field","aKkAMaJ","","LinjanenScene::aKkAMaJ","translated"
"java-desktop/src/main/java/LinjanenScene.java","LinjanenScene","field","AkKamaJ","","LinjanenScene::AkKamaJ","translated"
"java-desktop/src/main/java/LinjanenScene.java","LinjanenScene","field","akKamaJ","","LinjanenScene::akKamaJ","translated"
"java-desktop/src/main/java/LinjanenScene.java","LinjanenScene","method","getSceneId","","LinjanenScene::getSceneId","translated"
"java-desktop/src/main/java/LinjanenScene.java","LinjanenScene","method","dispose","","LinjanenScene::dispose","translated"
"java-desktop/src/main/java/LinjanenScene.java","LinjanenScene","method","load","DesktopDemoBase","LinjanenScene::load","translated"
"java-desktop/src/main/java/LinjanenScene.java","LinjanenScene","method","render","RgbSurface,float,float","LinjanenScene::render","translated"
"java-desktop/src/main/java/LinjanenScene.java","LinjanenScene","method","handleMessage","String,float","LinjanenScene::handleMessage","translated"
"java-desktop/src/main/java/LinjanenScene.java","LinjanenScene","method","<init>","","LinjanenScene::LinjanenScene","translated"
"java-desktop/src/main/java/muhmu/hifi/device/MAD.java","MAD","field","MONO8","","","platform-or-unused"
"java-desktop/src/main/java/muhmu/hifi/device/MAD.java","MAD","field","MONO16","","","platform-or-unused"
"java-desktop/src/main/java/muhmu/hifi/device/MAD.java","MAD","field","STEREO8","","","platform-or-unused"
"java-desktop/src/main/java/muhmu/hifi/device/MAD.java","MAD","field","STEREO16","","","platform-or-unused"
"java-desktop/src/main/java/muhmu/hifi/device/MAD.java","MAD","field","DEVICE_IE4","","","platform-or-unused"
"java-desktop/src/main/java/muhmu/hifi/device/MAD.java","MAD","field","DEVICE_IE3","","","platform-or-unused"
"java-desktop/src/main/java/muhmu/hifi/device/MAD.java","MAD","field","DEVICE_SUN","","","platform-or-unused"
"java-desktop/src/main/java/muhmu/hifi/device/MAD.java","MAD","field","DEVICE_NOS","","","platform-or-unused"
"java-desktop/src/main/java/muhmu/hifi/device/MAD.java","MAD","field","frequency","","","platform-or-unused"
"java-desktop/src/main/java/muhmu/hifi/device/MAD.java","MAD","field","stereo","","","platform-or-unused"
"java-desktop/src/main/java/muhmu/hifi/device/MAD.java","MAD","field","boost","","","platform-or-unused"
"java-desktop/src/main/java/muhmu/hifi/device/MAD.java","MAD","field","component","","","platform-or-unused"
"java-desktop/src/main/java/muhmu/hifi/device/MAD.java","MAD","field","bufferStartTime","","","platform-or-unused"
"java-desktop/src/main/java/muhmu/hifi/device/MAD.java","MAD","field","nameSun","","","platform-or-unused"
"java-desktop/src/main/java/muhmu/hifi/device/MAD.java","MAD","field","nameIE3","","","platform-or-unused"
"java-desktop/src/main/java/muhmu/hifi/device/MAD.java","MAD","field","nameIE4","","","platform-or-unused"
"java-desktop/src/main/java/muhmu/hifi/device/MAD.java","MAD","method","init","Mixable,int,int,int,Component","","platform-or-unused"
"java-desktop/src/main/java/muhmu/hifi/device/MAD.java","MAD","method","start","","","platform-or-unused"
"java-desktop/src/main/java/muhmu/hifi/device/MAD.java","MAD","method","stop","","","platform-or-unused"
"java-desktop/src/main/java/muhmu/hifi/device/MAD.java","MAD","method","getBestAudioDevice","Mixable","","platform-or-unused"
"java-desktop/src/main/java/muhmu/hifi/device/MAD.java","MAD","method","getBestAudioDevice","Mixable,int","","platform-or-unused"
"java-desktop/src/main/java/muhmu/hifi/device/MAD.java","MAD","method","getDevice_IE4","","","platform-or-unused"
"java-desktop/src/main/java/muhmu/hifi/device/MAD.java","MAD","method","getDevice_IE3","","","platform-or-unused"
"java-desktop/src/main/java/muhmu/hifi/device/MAD.java","MAD","method","getDevice_Sun","","","platform-or-unused"
"java-desktop/src/main/java/muhmu/hifi/device/MAD.java","MAD","method","getDevice_NOS","","","platform-or-unused"
"java-desktop/src/main/java/muhmu/hifi/device/MAD.java","MAD","method","<init>","","","platform-or-unused"
"java-desktop/src/main/java/MarchingCubesTables.java","MarchingCubesTables","field","KkAmAja","","MarchingCubesTables::KkAmAja","translated"
"java-desktop/src/main/java/MarchingCubesTables.java","MarchingCubesTables","field","kkAmAja","","MarchingCubesTables::kkAmAja","translated"
"java-desktop/src/main/java/Mat3f.java","Mat3f","field","KaMAjaK","","Mat3f::KaMAjaK","translated"
"java-desktop/src/main/java/Mat3f.java","Mat3f","field","kaMAjaK","","Mat3f::kaMAjaK","translated"
"java-desktop/src/main/java/Mat3f.java","Mat3f","field","KAMAjaK","","Mat3f::KAMAjaK","translated"
"java-desktop/src/main/java/Mat3f.java","Mat3f","field","kAMAjaK","","Mat3f::kAMAjaK","translated"
"java-desktop/src/main/java/Mat3f.java","Mat3f","field","KamAjaK","","Mat3f::KamAjaK","translated"
"java-desktop/src/main/java/Mat3f.java","Mat3f","field","kamAjaK","","Mat3f::kamAjaK","translated"
"java-desktop/src/main/java/Mat3f.java","Mat3f","field","KAmAjaK","","Mat3f::KAmAjaK","translated"
"java-desktop/src/main/java/Mat3f.java","Mat3f","field","kAmAjaK","","Mat3f::kAmAjaK","translated"
"java-desktop/src/main/java/Mat3f.java","Mat3f","field","KaMaJAK","","Mat3f::KaMaJAK_field","translated"
"java-desktop/src/main/java/Mat3f.java","Mat3f","method","<init>","","Mat3f::Mat3f","translated"
"java-desktop/src/main/java/Mat3f.java","Mat3f","method","<init>","Vec3f,Vec3f,Vec3f","Mat3f::Mat3f","translated"
"java-desktop/src/main/java/Mat3f.java","Mat3f","method","<init>","Vec3f","Mat3f::Mat3f","translated"
"java-desktop/src/main/java/Mat3f.java","Mat3f","method","<init>","Mat3f","Mat3f::Mat3f","translated"
"java-desktop/src/main/java/Mat3f.java","Mat3f","method","KamajAK","","Mat3f::KamajAK","translated"
"java-desktop/src/main/java/Mat3f.java","Mat3f","method","kamAjAK","Vec3f,Vec3f,Vec3f","Mat3f::kamAjAK","translated"
"java-desktop/src/main/java/Mat3f.java","Mat3f","method","kamajAK","Vec3f","Mat3f::kamajAK","translated"
"java-desktop/src/main/java/Mat3f.java","Mat3f","method","KamAjAK","float,float,float","Mat3f::KamAjAK","translated"
"java-desktop/src/main/java/Mat3f.java","Mat3f","method","KamaJAK","Vec3f","Mat3f::KamaJAK","translated"
"java-desktop/src/main/java/Mat3f.java","Mat3f","method","KAMajAK","float,float,float","Mat3f::KAMajAK","translated"
"java-desktop/src/main/java/Mat3f.java","Mat3f","method","KAMaJAK","Vec3f","Mat3f::KAMaJAK","translated"
"java-desktop/src/main/java/Mat3f.java","Mat3f","method","kaMajAK","float,float,float","Mat3f::kaMajAK","translated"
"java-desktop/src/main/java/Mat3f.java","Mat3f","method","kaMaJAK","Vec3f","Mat3f::kaMaJAK","translated"
"java-desktop/src/main/java/Mat3f.java","Mat3f","method","KaMajAK","float,float,float","Mat3f::KaMajAK","translated"
"java-desktop/src/main/java/Mat3f.java","Mat3f","method","KaMAjAK","Mat3f","Mat3f::KaMAjAK","translated"
"java-desktop/src/main/java/Mat3f.java","Mat3f","method","kAMAjAK","Vec3f","Mat3f::kAMAjAK","translated"
"java-desktop/src/main/java/Mat3f.java","Mat3f","method","kAMAJAK","Vec3f","Mat3f::kAMAJAK","translated"
"java-desktop/src/main/java/Mat3f.java","Mat3f","method","kAMaJak","Vec3f","Mat3f::kAMaJak","translated"
"java-desktop/src/main/java/Mat3f.java","Mat3f","method","KAMaJak","","Mat3f::KAMaJak","translated"
"java-desktop/src/main/java/Mat3f.java","Mat3f","method","kaMaJak","","Mat3f::kaMaJak","translated"
"java-desktop/src/main/java/Mat3f.java","Mat3f","method","kAmAjAK","","Mat3f::kAmAjAK","translated"
"java-desktop/src/main/java/Mat3f.java","Mat3f","method","KAmajAK","float","Mat3f::KAmajAK","translated"
"java-desktop/src/main/java/Mat3f.java","Mat3f","method","kAmajAK","float","Mat3f::kAmajAK","translated"
"java-desktop/src/main/java/Mat3f.java","Mat3f","method","KAmAjAK","Vec3f","Mat3f::KAmAjAK","translated"
"java-desktop/src/main/java/Mat3f.java","Mat3f","method","kaMAjAK","Vec3f","Mat3f::kaMAjAK","translated"
"java-desktop/src/main/java/Mat3f.java","Mat3f","method","kAmaJAK","Mat3f","Mat3f::kAmaJAK","translated"
"java-desktop/src/main/java/Mat3f.java","Mat3f","method","KAMAjAK","Mat3f","Mat3f::KAMAjAK","translated"
"java-desktop/src/main/java/Mat3f.java","Mat3f","method","KAmAJAK","","Mat3f::KAmAJAK","translated"
"java-desktop/src/main/java/Mat3f.java","Mat3f","method","kamaJAK","","Mat3f::kamaJAK","translated"
"java-desktop/src/main/java/Mat3f.java","Mat3f","method","KAMAJAK","float","Mat3f::KAMAJAK","translated"
"java-desktop/src/main/java/Mat3f.java","Mat3f","method","KaMaJak","float","Mat3f::KaMaJak","translated"
"java-desktop/src/main/java/Mat3f.java","Mat3f","method","kAmAJAK","float","Mat3f::kAmAJAK","translated"
"java-desktop/src/main/java/Mat3f.java","Mat3f","method","kaMAJAK","float","Mat3f::kaMAJAK","translated"
"java-desktop/src/main/java/Mat3f.java","Mat3f","method","KaMAJAK","float","Mat3f::KaMAJAK","translated"
"java-desktop/src/main/java/Mat3f.java","Mat3f","method","KAmaJAK","float","Mat3f::KAmaJAK","translated"
"java-desktop/src/main/java/Mat3f.java","Mat3f","method","kAMaJAK","","Mat3f::kAMaJAK","translated"
"java-desktop/src/main/java/Mat3f.java","Mat3f","method","KaMaJAK","","Mat3f::KaMaJAK","translated"
"java-desktop/src/main/java/Mat3f.java","Mat3f","method","kamAJAK","Vec3f","Mat3f::kamAJAK","translated"
"java-desktop/src/main/java/Mat3f.java","Mat3f","method","KamAJAK","Vec3f","Mat3f::KamAJAK","translated"
"java-desktop/src/main/java/Mat3f.java","Mat3f","method","KamaJak","Vec3f","Mat3f::KamaJak","translated"
"java-desktop/src/main/java/Mat3f.java","Mat3f","method","kAMajAK","Vec3f","Mat3f::kAMajAK","translated"
"java-desktop/src/main/java/Mat3f.java","Mat3f","method","toString","","Mat3f::toString","translated"
"java-desktop/src/main/java/MeshObject.java","MeshObject","field","mAjAKka","","MeshObject::mAjAKka","translated"
"java-desktop/src/main/java/MeshObject.java","MeshObject","field","MaJakka","","MeshObject::MaJakka","translated"
"java-desktop/src/main/java/MeshObject.java","MeshObject","field","maJakka","","MeshObject::maJakka","translated"
"java-desktop/src/main/java/MeshObject.java","MeshObject","field","MAJakka","","MeshObject::MAJakka","translated"
"java-desktop/src/main/java/MeshObject.java","MeshObject","field","mAJakka","","MeshObject::mAJakka","translated"
"java-desktop/src/main/java/MeshObject.java","MeshObject","field","Majakka","","MeshObject::Majakka","translated"
"java-desktop/src/main/java/MeshObject.java","MeshObject","field","majakka","","MeshObject::majakka","translated"
"java-desktop/src/main/java/MeshObject.java","MeshObject","field","MAjakka","","MeshObject::MAjakka","translated"
"java-desktop/src/main/java/MeshObject.java","MeshObject","field","mAjakka","","MeshObject::mAjakka","translated"
"java-desktop/src/main/java/MeshObject.java","MeshObject","field","MaJAkka","","MeshObject::MaJAkka","translated"
"java-desktop/src/main/java/MeshObject.java","MeshObject","field","maJAkka","","MeshObject::maJAkka","translated"
"java-desktop/src/main/java/MeshObject.java","MeshObject","field","MAJAkka","","MeshObject::MAJAkka","translated"
"java-desktop/src/main/java/MeshObject.java","MeshObject","field","mAJAkka","","MeshObject::mAJAkka","translated"
"java-desktop/src/main/java/MeshObject.java","MeshObject","field","MajAkka","","MeshObject::MajAkka","translated"
"java-desktop/src/main/java/MeshObject.java","MeshObject","field","majAkka","","MeshObject::majAkka","translated"
"java-desktop/src/main/java/MeshObject.java","MeshObject","field","MAjAkka","","MeshObject::MAjAkka","translated"
"java-desktop/src/main/java/MeshObject.java","MeshObject","field","mAjAkka","","MeshObject::mAjAkka","translated"
"java-desktop/src/main/java/MeshObject.java","MeshObject","field","MaJaKKa","","MeshObject::MaJaKKa","translated"
"java-desktop/src/main/java/MeshObject.java","MeshObject","field","maJaKKa","","MeshObject::maJaKKa","translated"
"java-desktop/src/main/java/MeshObject.java","MeshObject","field","MAJaKKa","","MeshObject::MAJaKKa","translated"
"java-desktop/src/main/java/MeshObject.java","MeshObject","field","mAJaKKa","","MeshObject::mAJaKKa","translated"
"java-desktop/src/main/java/MeshObject.java","MeshObject","field","MajaKKa","","MeshObject::MajaKKa","translated"
"java-desktop/src/main/java/MeshObject.java","MeshObject","field","majaKKa","","MeshObject::majaKKa","translated"
"java-desktop/src/main/java/MeshObject.java","MeshObject","field","MAjaKKa","","MeshObject::MAjaKKa","translated"
"java-desktop/src/main/java/MeshObject.java","MeshObject","field","mAjaKKa","","MeshObject::mAjaKKa","translated"
"java-desktop/src/main/java/MeshObject.java","MeshObject","field","MaJAKKa","","MeshObject::MaJAKKa","translated"
"java-desktop/src/main/java/MeshObject.java","MeshObject","field","maJAKKa","","MeshObject::maJAKKa","translated"
"java-desktop/src/main/java/MeshObject.java","MeshObject","field","MAJAKKa","","MeshObject::MAJAKKa","translated"
"java-desktop/src/main/java/MeshObject.java","MeshObject","field","mAJAKKa","","MeshObject::mAJAKKa","translated"
"java-desktop/src/main/java/MeshObject.java","MeshObject","field","MajAKKa","","MeshObject::MajAKKa","translated"
"java-desktop/src/main/java/MeshObject.java","MeshObject","field","majAKKa","","MeshObject::majAKKa","translated"
"java-desktop/src/main/java/MeshObject.java","MeshObject","field","MAjAKKa","","MeshObject::MAjAKKa","translated"
"java-desktop/src/main/java/MeshObject.java","MeshObject","field","mAjAKKa","","MeshObject::mAjAKKa","translated"
"java-desktop/src/main/java/MeshObject.java","MeshObject","field","MaJakKa","","MeshObject::MaJakKa","translated"
"java-desktop/src/main/java/MeshObject.java","MeshObject","field","maJakKa","","MeshObject::maJakKa","translated"
"java-desktop/src/main/java/MeshObject.java","MeshObject","method","<init>","","MeshObject::MeshObject","translated"
"java-desktop/src/main/java/MeshObject.java","MeshObject","method","<init>","MeshObject","MeshObject::MeshObject","translated"
"java-desktop/src/main/java/MeshObject.java","MeshObject","method","JaKKaMA","boolean","MeshObject::JaKKaMA","translated"
"java-desktop/src/main/java/MeshObject.java","MeshObject","method","jAkKaMA","String","MeshObject::jAkKaMA","translated"
"java-desktop/src/main/java/MeshObject.java","MeshObject","method","jAKKaMA","","MeshObject::jAKKaMA","translated"
"java-desktop/src/main/java/MeshObject.java","MeshObject","method","jakkama","RgbSurface,RgbSurface","MeshObject::jakkama","translated"
"java-desktop/src/main/java/MeshObject.java","MeshObject","method","JAKKaMA","","MeshObject::JAKKaMA","translated"
"java-desktop/src/main/java/MeshObject.java","MeshObject","method","jaKkama","Vec3f","MeshObject::jaKkama","translated"
"java-desktop/src/main/java/MeshObject.java","MeshObject","method","Jakkama","Vec3f","MeshObject::Jakkama","translated"
"java-desktop/src/main/java/MeshObject.java","MeshObject","method","jAkkaMA","float,float,float","MeshObject::jAkkaMA","translated"
"java-desktop/src/main/java/MeshObject.java","MeshObject","method","JakKAma","","MeshObject::JakKAma","translated"
"java-desktop/src/main/java/MeshObject.java","MeshObject","method","jAKkAma","RgbSurface,float","MeshObject::jAKkAma","translated"
"java-desktop/src/main/java/MeshObject.java","MeshObject","method","JAkKaMA","RgbSurface","MeshObject::JAkKaMA","translated"
"java-desktop/src/main/java/MeshObject.java","MeshObject","method","jAKKAma","RgbSurface,IndexedSurface","MeshObject::jAKKAma","translated"
"java-desktop/src/main/java/MeshObject.java","MeshObject","method","JAKkAma","int","MeshObject::JAKkAma","translated"
"java-desktop/src/main/java/MeshObject.java","MeshObject","method","jakkaMA","","MeshObject::jakkaMA","translated"
"java-desktop/src/main/java/MeshObject.java","MeshObject","method","JaKkama","Camera,int","MeshObject::JaKkama","translated"
"java-desktop/src/main/java/MeshObject.java","MeshObject","method","jakKaMA","","MeshObject::jakKaMA","translated"
"java-desktop/src/main/java/MeshObject.java","MeshObject","method","JaKkAma","","MeshObject::JaKkAma","translated"
"java-desktop/src/main/java/MeshObject.java","MeshObject","method","jaKkAma","","MeshObject::jaKkAma","translated"
"java-desktop/src/main/java/MeshObject.java","MeshObject","method","jakkAma","","MeshObject::jakkAma","translated"
"java-desktop/src/main/java/MeshObject.java","MeshObject","method","JAKkaMA","","MeshObject::JAKkaMA","translated"
"java-desktop/src/main/java/MeshObject.java","MeshObject","method","jakKAma","Vertex[],int","MeshObject::jakKAma","translated"
"java-desktop/src/main/java/MeshObject.java","MeshObject","method","JAkkama","","MeshObject::JAkkama","translated"
"java-desktop/src/main/java/MeshObject.java","MeshObject","method","jaKKAma","Vertex[],int","MeshObject::jaKKAma","translated"
"java-desktop/src/main/java/MeshObject.java","MeshObject","method","JakkaMA","","MeshObject::JakkaMA","translated"
"java-desktop/src/main/java/MeshObject.java","MeshObject","method","JAkKAma","Vertex[],int","MeshObject::JAkKAma","translated"
"java-desktop/src/main/java/MeshObject.java","MeshObject","method","jAKkaMA","","MeshObject::jAKkaMA","translated"
"java-desktop/src/main/java/MeshObject.java","MeshObject","method","JAkkaMA","Triangle[],int","MeshObject::JAkkaMA","translated"
"java-desktop/src/main/java/MeshObject.java","MeshObject","method","jAkKAma","","MeshObject::jAkKAma","translated"
"java-desktop/src/main/java/MeshObject.java","MeshObject","method","jAKkama","Triangle[],int","MeshObject::jAKkama","translated"
"java-desktop/src/main/java/MeshObject.java","MeshObject","method","JakkAma","","MeshObject::JakkAma","translated"
"java-desktop/src/main/java/MeshObject.java","MeshObject","method","JAKKAma","Triangle[],int","MeshObject::JAKKAma","translated"
"java-desktop/src/main/java/MeshObject.java","MeshObject","method","jaKKaMA","","MeshObject::jaKKaMA","translated"
"java-desktop/src/main/java/MeshObject.java","MeshObject","method","JakKaMA","","MeshObject::JakKaMA","translated"
"java-desktop/src/main/java/MeshObject.java","MeshObject","method","JaKKAma","Triangle","MeshObject::JaKKAma","translated"
"java-desktop/src/main/java/MeshObject.java","MeshObject","method","jAkkAma","","MeshObject::jAkkAma","translated"
"java-desktop/src/main/java/MeshObject.java","MeshObject","method","JAkkAma","Triangle,Vertex,Vertex,Vertex,UvCoord,UvCoord,UvCoord","MeshObject::JAkkAma","translated"
"java-desktop/src/main/java/MeshObject.java","MeshObject","method","jAkkama","Triangle,Vertex,Vertex,Vertex,UvCoord,UvCoord,UvCoord","MeshObject::jAkkama","translated"
"java-desktop/src/main/java/MeshObject.java","MeshObject","method","JAKkama","Vertex[],int","MeshObject::JAKkama","translated"
"java-desktop/src/main/java/MetaballMesh.java","MetaballMesh","field","AKkAmAj","","MetaballMesh::AKkAmAj","translated"
"java-desktop/src/main/java/MetaballMesh.java","MetaballMesh","field","aKkAmAj","","MetaballMesh::aKkAmAj","translated"
"java-desktop/src/main/java/MetaballMesh.java","MetaballMesh","field","JaKkAmA","","MetaballMesh::JaKkAmA","translated"
"java-desktop/src/main/java/MetaballMesh.java","MetaballMesh","field","jaKkAmA","","MetaballMesh::jaKkAmA","translated"
"java-desktop/src/main/java/MetaballMesh.java","MetaballMesh","field","JAKkAmA","","MetaballMesh::JAKkAmA","translated"
"java-desktop/src/main/java/MetaballMesh.java","MetaballMesh","field","jAKkAmA","","MetaballMesh::jAKkAmA","translated"
"java-desktop/src/main/java/MetaballMesh.java","MetaballMesh","field","JakkAmA","","MetaballMesh::JakkAmA","translated"
"java-desktop/src/main/java/MetaballMesh.java","MetaballMesh","field","jakkAmA","","MetaballMesh::jakkAmA","translated"
"java-desktop/src/main/java/MetaballMesh.java","MetaballMesh","field","JAkkAmA","","MetaballMesh::JAkkAmA","translated"
"java-desktop/src/main/java/MetaballMesh.java","MetaballMesh","field","jAkkAmA","","MetaballMesh::jAkkAmA","translated"
"java-desktop/src/main/java/MetaballMesh.java","MetaballMesh","field","JaKKAmA","","MetaballMesh::JaKKAmA","translated"
"java-desktop/src/main/java/MetaballMesh.java","MetaballMesh","field","jaKKAmA","","MetaballMesh::jaKKAmA","translated"
"java-desktop/src/main/java/MetaballMesh.java","MetaballMesh","field","JAKKAmA","","MetaballMesh::JAKKAmA","translated"
"java-desktop/src/main/java/MetaballMesh.java","MetaballMesh","field","jAKKAmA","","MetaballMesh::jAKKAmA","translated"
"java-desktop/src/main/java/MetaballMesh.java","MetaballMesh","field","JakKAmA","","MetaballMesh::JakKAmA","translated"
"java-desktop/src/main/java/MetaballMesh.java","MetaballMesh","field","jakKAmA","","MetaballMesh::jakKAmA","translated"
"java-desktop/src/main/java/MetaballMesh.java","MetaballMesh","field","JAkKAmA","","MetaballMesh::JAkKAmA","translated"
"java-desktop/src/main/java/MetaballMesh.java","MetaballMesh","field","jAkKAmA","","MetaballMesh::jAkKAmA","translated"
"java-desktop/src/main/java/MetaballMesh.java","MetaballMesh","field","JaKkamA","","MetaballMesh::JaKkamA","translated"
"java-desktop/src/main/java/MetaballMesh.java","MetaballMesh","field","jaKkamA","","MetaballMesh::jaKkamA","translated"
"java-desktop/src/main/java/MetaballMesh.java","MetaballMesh","field","JAKkamA","","MetaballMesh::JAKkamA","translated"
"java-desktop/src/main/java/MetaballMesh.java","MetaballMesh","field","jAKkamA","","MetaballMesh::jAKkamA","translated"
"java-desktop/src/main/java/MetaballMesh.java","MetaballMesh","field","JakkamA","","MetaballMesh::JakkamA","translated"
"java-desktop/src/main/java/MetaballMesh.java","MetaballMesh","field","jakkamA","","MetaballMesh::jakkamA","translated"
"java-desktop/src/main/java/MetaballMesh.java","MetaballMesh","field","JAkkamA","","MetaballMesh::JAkkamA","translated"
"java-desktop/src/main/java/MetaballMesh.java","MetaballMesh","method","<init>","","MetaballMesh::MetaballMesh","translated"
"java-desktop/src/main/java/MetaballMesh.java","MetaballMesh","method","JaKkama","Camera,int","MetaballMesh::JaKkama","translated"
"java-desktop/src/main/java/MetaballMesh.java","MetaballMesh","method","kkaMaJa","Triangle[],int","MetaballMesh::kkaMaJa","translated"
"java-desktop/src/main/java/MetaballMesh.java","MetaballMesh","method","JAKkaMA","","MetaballMesh::JAKkaMA","translated"
"java-desktop/src/main/java/MetaballMesh.java","MetaballMesh","method","kKAMaJa","float","MetaballMesh::kKAMaJa","translated"
"java-desktop/src/main/java/MetaballMesh.java","MetaballMesh","method","KkAMaJa","Vertex,ScalarFieldVertex,ScalarFieldVertex","MetaballMesh::KkAMaJa","translated"
"java-desktop/src/main/java/MetaballMesh.java","MetaballMesh","method","kkAMaJa","","MetaballMesh::kkAMaJa","translated"
"java-desktop/src/main/java/MetaballMesh.java","MetaballMesh","method","KkaMaJa","","MetaballMesh::KkaMaJa","translated"
"java-desktop/src/main/java/MetaballMesh.java","MetaballMesh","method","KKAMaJa","Graphics","MetaballMesh::KKAMaJa","native-adapter"
"java-desktop/src/main/java/muhmu/hifi/device/Mixable.java","Mixable","method","mix","MAD,int[],int,int","Mixable::mix","translated"
"java-desktop/src/main/java/MixerBus.java","MixerBus","field","MaJAKKA","","MixerBus::MaJAKKA","translated"
"java-desktop/src/main/java/MixerBus.java","MixerBus","field","maJAKKA","","MixerBus::maJAKKA","translated"
"java-desktop/src/main/java/MixerBus.java","MixerBus","field","MAJAKKA","","MixerBus::MAJAKKA","translated"
"java-desktop/src/main/java/MixerBus.java","MixerBus","field","mAJAKKA","","MixerBus::mAJAKKA","translated"
"java-desktop/src/main/java/MixerBus.java","MixerBus","field","MajAKKA","","MixerBus::MajAKKA","translated"
"java-desktop/src/main/java/MixerBus.java","MixerBus","field","majAKKA","","MixerBus::majAKKA","translated"
"java-desktop/src/main/java/MixerBus.java","MixerBus","method","<init>","","MixerBus::MixerBus","translated"
"java-desktop/src/main/java/MixerBus.java","MixerBus","method","MAjAkkA","","MixerBus::MAjAkkA","translated"
"java-desktop/src/main/java/MixerBus.java","MixerBus","method","mAjAkkA","MixerBusListener","MixerBus::mAjAkkA","translated"
"java-desktop/src/main/java/MixerBus.java","MixerBus","method","MAJAkkA","float","MixerBus::MAJAkkA","translated"
"java-desktop/src/main/java/MixerBus.java","MixerBus","method","MaJaKKA","float","MixerBus::MaJaKKA","translated"
"java-desktop/src/main/java/MixerBus.java","MixerBus","method","MajAkkA","int,Mixable","MixerBus::MajAkkA","translated"
"java-desktop/src/main/java/MixerBus.java","MixerBus","method","majAkkA","Mixable","MixerBus::majAkkA","translated"
"java-desktop/src/main/java/MixerBus.java","MixerBus","method","mix","MAD,int[],int,int","MixerBus::mix","translated"
"java-desktop/src/main/java/MixerBus.java","MixerBus","method","mAJAkkA","MAD,int[],int,int","MixerBus::mAJAkkA","translated"
"java-desktop/src/main/java/MixerBusListener.java","MixerBusListener","method","onMixerTick","MixerBus","MixerBusListener::onMixerTick","translated"
"java-desktop/src/main/java/ModHeaderOffsets.java","ModHeaderOffsets","method","<init>","","","platform-or-unused"
"java-desktop/src/main/java/ModHeaderOffsets.java","ModHeaderOffsets","field","JakKAMA","","","platform-or-unused"
"java-desktop/src/main/java/ModHeaderOffsets.java","ModHeaderOffsets","field","jakKAMA","","","platform-or-unused"
"java-desktop/src/main/java/ModHeaderOffsets.java","ModHeaderOffsets","field","JAkKAMA","","","platform-or-unused"
"java-desktop/src/main/java/ModHeaderOffsets.java","ModHeaderOffsets","field","jAkKAMA","","","platform-or-unused"
"java-desktop/src/main/java/ModHeaderOffsets.java","ModHeaderOffsets","field","JaKkaMA","","","platform-or-unused"
"java-desktop/src/main/java/ModHeaderOffsets.java","ModHeaderOffsets","field","jaKkaMA","","","platform-or-unused"
"java-desktop/src/main/java/ModHeaderOffsets.java","ModHeaderOffsets","field","JAKkaMA","","","platform-or-unused"
"java-desktop/src/main/java/ModSampleHeaderOffsets.java","ModSampleHeaderOffsets","method","<init>","","","platform-or-unused"
"java-desktop/src/main/java/ModSampleHeaderOffsets.java","ModSampleHeaderOffsets","field","MaJakKA","","","platform-or-unused"
"java-desktop/src/main/java/ModSampleHeaderOffsets.java","ModSampleHeaderOffsets","field","maJakKA","","","platform-or-unused"
"java-desktop/src/main/java/ModSampleHeaderOffsets.java","ModSampleHeaderOffsets","field","MAJakKA","","","platform-or-unused"
"java-desktop/src/main/java/ModSampleHeaderOffsets.java","ModSampleHeaderOffsets","field","mAJakKA","","","platform-or-unused"
"java-desktop/src/main/java/ModSampleHeaderOffsets.java","ModSampleHeaderOffsets","field","MajakKA","","","platform-or-unused"
"java-desktop/src/main/java/ModSampleHeaderOffsets.java","ModSampleHeaderOffsets","field","majakKA","","","platform-or-unused"
"java-desktop/src/main/java/ModSampleHeaderOffsets.java","ModSampleHeaderOffsets","field","MAjakKA","","","platform-or-unused"
"java-desktop/src/main/java/ModuleChannel.java","ModuleChannel","field","amajAKk","","ModuleChannel::amajAKk","translated"
"java-desktop/src/main/java/ModuleChannel.java","ModuleChannel","field","AMajAKk","","ModuleChannel::AMajAKk","translated"
"java-desktop/src/main/java/ModuleChannel.java","ModuleChannel","field","aMajAKk","","ModuleChannel::aMajAKk","translated"
"java-desktop/src/main/java/ModuleChannel.java","ModuleChannel","field","AmAJAKk","","ModuleChannel::AmAJAKk","translated"
"java-desktop/src/main/java/ModuleChannel.java","ModuleChannel","field","amAJAKk","","ModuleChannel::amAJAKk","translated"
"java-desktop/src/main/java/ModuleChannel.java","ModuleChannel","field","AMAJAKk","","ModuleChannel::AMAJAKk","translated"
"java-desktop/src/main/java/ModuleChannel.java","ModuleChannel","field","aMAJAKk","","ModuleChannel::aMAJAKk","translated"
"java-desktop/src/main/java/ModuleChannel.java","ModuleChannel","method","<init>","","ModuleChannel::ModuleChannel","translated"
"java-desktop/src/main/java/ModuleChannel.java","ModuleChannel","method","AMaJAKk","ModuleInstrument,int","ModuleChannel::AMaJAKk","translated"
"java-desktop/src/main/java/ModuleChannel.java","ModuleChannel","method","kkAMAJa","","ModuleChannel::kkAMAJa","translated"
"java-desktop/src/main/java/ModuleChannel.java","ModuleChannel","method","KKAmaJa","","ModuleChannel::KKAmaJa","translated"
"java-desktop/src/main/java/ModuleChannel.java","ModuleChannel","method","aMaJAKk","","ModuleChannel::aMaJAKk","translated"
"java-desktop/src/main/java/ModuleChannel.java","ModuleChannel","method","amaJAKk","","ModuleChannel::amaJAKk","translated"
"java-desktop/src/main/java/ModuleChannel.java","ModuleChannel","method","AmAjaKk","","ModuleChannel::AmAjaKk","translated"
"java-desktop/src/main/java/ModuleInstrument.java","ModuleInstrument","field","sampleByNote","","ModuleInstrument::sampleByNote","translated"
"java-desktop/src/main/java/ModuleInstrument.java","ModuleInstrument","field","volumeEnvelope","","ModuleInstrument::volumeEnvelope","translated"
"java-desktop/src/main/java/ModuleInstrument.java","ModuleInstrument","field","panningEnvelope","","ModuleInstrument::panningEnvelope","translated"
"java-desktop/src/main/java/ModuleInstrument.java","ModuleInstrument","field","JAKKAMa","","ModuleInstrument::JAKKAMa","translated"
"java-desktop/src/main/java/ModuleInstrument.java","ModuleInstrument","field","jAKKAMa","","ModuleInstrument::jAKKAMa","translated"
"java-desktop/src/main/java/ModuleInstrument.java","ModuleInstrument","field","JakKAMa","","ModuleInstrument::JakKAMa","translated"
"java-desktop/src/main/java/ModuleInstrument.java","ModuleInstrument","field","jakKAMa","","ModuleInstrument::jakKAMa","translated"
"java-desktop/src/main/java/ModuleInstrument.java","ModuleInstrument","method","setSampleForAllNotes","ModuleSample","ModuleInstrument::setSampleForAllNotes","translated"
"java-desktop/src/main/java/ModuleInstrument.java","ModuleInstrument","method","setSampleForNote","int,ModuleSample","ModuleInstrument::setSampleForNote","translated"
"java-desktop/src/main/java/ModuleInstrument.java","ModuleInstrument","method","<init>","","ModuleInstrument::ModuleInstrument","translated"
"java-desktop/src/main/java/ModuleLoader.java","ModuleLoader","method","<init>","","ModuleLoader::ModuleLoader","translated"
"java-desktop/src/main/java/ModuleLoader.java","ModuleLoader","field","KKaMaJA","","ModuleLoader::KKaMaJA","translated"
"java-desktop/src/main/java/ModuleLoader.java","ModuleLoader","field","kKaMaJA","","ModuleLoader::kKaMaJA","translated"
"java-desktop/src/main/java/ModuleLoader.java","ModuleLoader","method","kKAmAjA","byte[]","ModuleLoader::kKAmAjA","native-adapter"
"java-desktop/src/main/java/ModuleLoader.java","ModuleLoader","method","kkAmAjA","byte[]","ModuleLoader::kkAmAjA","translated"
"java-desktop/src/main/java/ModuleLoader.java","ModuleLoader","method","KkamAjA","byte[]","ModuleLoader::KkamAjA","translated"
"java-desktop/src/main/java/ModuleLoader.java","ModuleLoader","method","KKAmAjA","byte[]","ModuleLoader::KKAmAjA","translated"
"java-desktop/src/main/java/ModuleLoader.java","ModuleLoader","method","kkamAjA","byte[]","ModuleLoader::kkamAjA","translated"
"java-desktop/src/main/java/ModulePattern.java","ModulePattern","field","rowCount","","ModulePattern::rowCount","translated"
"java-desktop/src/main/java/ModulePattern.java","ModulePattern","field","channelCount","","ModulePattern::channelCount","translated"
"java-desktop/src/main/java/ModulePattern.java","ModulePattern","field","rows","","ModulePattern::rows","translated"
"java-desktop/src/main/java/ModulePattern.java","ModulePattern","field","NOTE_OFFSET","","ModulePattern::NOTE_OFFSET","translated"
"java-desktop/src/main/java/ModulePattern.java","ModulePattern","field","INSTRUMENT_OFFSET","","ModulePattern::INSTRUMENT_OFFSET","translated"
"java-desktop/src/main/java/ModulePattern.java","ModulePattern","field","VOLUME_OFFSET","","ModulePattern::VOLUME_OFFSET","translated"
"java-desktop/src/main/java/ModulePattern.java","ModulePattern","field","EFFECT_OFFSET","","ModulePattern::EFFECT_OFFSET","translated"
"java-desktop/src/main/java/ModulePattern.java","ModulePattern","field","EFFECT_PARAMETER_OFFSET","","ModulePattern::EFFECT_PARAMETER_OFFSET","translated"
"java-desktop/src/main/java/ModulePattern.java","ModulePattern","method","<init>","int,int","ModulePattern::ModulePattern","translated"
"java-desktop/src/main/java/ModulePattern.java","ModulePattern","method","setCell","int,int,int,int,int,int,int","ModulePattern::setCell","translated"
"java-desktop/src/main/java/ModulePattern.java","ModulePattern","method","getRow","int","ModulePattern::getRow","translated"
"java-desktop/src/main/java/ModuleSample.java","ModuleSample","field","KKAmAja","","ModuleSample::KKAmAja","translated"
"java-desktop/src/main/java/ModuleSample.java","ModuleSample","field","kKAmAja","","ModuleSample::kKAmAja","translated"
"java-desktop/src/main/java/ModuleSample.java","ModuleSample","field","KkamAja","","ModuleSample::KkamAja","translated"
"java-desktop/src/main/java/ModuleSample.java","ModuleSample","field","kkamAja","","ModuleSample::kkamAja","translated"
"java-desktop/src/main/java/ModuleSample.java","ModuleSample","field","KKamAja","","ModuleSample::KKamAja","translated"
"java-desktop/src/main/java/ModuleSample.java","ModuleSample","field","kKamAja","","ModuleSample::kKamAja","translated"
"java-desktop/src/main/java/ModuleSample.java","ModuleSample","field","KkAMAja","","ModuleSample::KkAMAja","translated"
"java-desktop/src/main/java/ModuleSample.java","ModuleSample","field","kkAMAja","","ModuleSample::kkAMAja","translated"
"java-desktop/src/main/java/ModuleSample.java","ModuleSample","field","KKAMAja","","ModuleSample::KKAMAja","translated"
"java-desktop/src/main/java/ModuleSample.java","ModuleSample","field","kKAMAja","","ModuleSample::kKAMAja","translated"
"java-desktop/src/main/java/ModuleSample.java","ModuleSample","field","KkaMAja","","ModuleSample::KkaMAja","translated"
"java-desktop/src/main/java/ModuleSample.java","ModuleSample","field","kkaMAja","","ModuleSample::kkaMAja","translated"
"java-desktop/src/main/java/ModuleSample.java","ModuleSample","field","KKaMAja","","ModuleSample::KKaMAja","translated"
"java-desktop/src/main/java/ModuleSample.java","ModuleSample","field","kKaMAja","","ModuleSample::kKaMAja","translated"
"java-desktop/src/main/java/ModuleSample.java","ModuleSample","field","KkAmaja","","ModuleSample::KkAmaja","translated"
"java-desktop/src/main/java/ModuleSample.java","ModuleSample","field","kkAmaja","","ModuleSample::kkAmaja","translated"
"java-desktop/src/main/java/ModuleSample.java","ModuleSample","field","KKAmaja","","ModuleSample::KKAmaja","translated"
"java-desktop/src/main/java/ModuleSample.java","ModuleSample","method","KkaMAjA","int","ModuleSample::KkaMAjA","translated"
"java-desktop/src/main/java/ModuleSample.java","ModuleSample","method","kKaMAjA","int","ModuleSample::kKaMAjA","translated"
"java-desktop/src/main/java/ModuleSample.java","ModuleSample","method","kKAMAjA","byte[],int,int","ModuleSample::kKAMAjA","translated"
"java-desktop/src/main/java/ModuleSample.java","ModuleSample","method","kKamAjA","String","ModuleSample::kKamAjA","translated"
"java-desktop/src/main/java/ModuleSample.java","ModuleSample","method","kkAMAjA","int,int,int","ModuleSample::kkAMAjA","translated"
"java-desktop/src/main/java/ModuleSample.java","ModuleSample","method","KKamAjA","int","ModuleSample::KKamAjA","translated"
"java-desktop/src/main/java/ModuleSample.java","ModuleSample","method","KKAMAjA","int","ModuleSample::KKAMAjA","translated"
"java-desktop/src/main/java/ModuleSample.java","ModuleSample","method","KkAMAjA","int","ModuleSample::KkAMAjA","translated"
"java-desktop/src/main/java/ModuleSample.java","ModuleSample","method","KKaMAjA","int","ModuleSample::KKaMAjA","translated"
"java-desktop/src/main/java/ModuleSample.java","ModuleSample","method","kkaMAjA","int[],int,int,int,int,int,int","ModuleSample::kkaMAjA","translated"
"java-desktop/src/main/java/ModuleSample.java","ModuleSample","method","<init>","","ModuleSample::ModuleSample","translated"
"java-desktop/src/main/java/ModuleSequencer.java","ModuleSequencer","field","orderTable","","ModuleSequencer::orderTable","translated"
"java-desktop/src/main/java/ModuleSequencer.java","ModuleSequencer","field","restartOrder","","ModuleSequencer::restartOrder","translated"
"java-desktop/src/main/java/ModuleSequencer.java","ModuleSequencer","field","song","","ModuleSequencer::song","translated"
"java-desktop/src/main/java/ModuleSequencer.java","ModuleSequencer","field","repeatCurrentOrder","","ModuleSequencer::repeatCurrentOrder","translated"
"java-desktop/src/main/java/ModuleSequencer.java","ModuleSequencer","field","orderIndex","","ModuleSequencer::orderIndex","translated"
"java-desktop/src/main/java/ModuleSequencer.java","ModuleSequencer","field","rowIndex","","ModuleSequencer::rowIndex","translated"
"java-desktop/src/main/java/ModuleSequencer.java","ModuleSequencer","method","setRestartOrder","int","ModuleSequencer::setRestartOrder","translated"
"java-desktop/src/main/java/ModuleSequencer.java","ModuleSequencer","method","setSong","ModuleSong","ModuleSequencer::setSong","translated"
"java-desktop/src/main/java/ModuleSequencer.java","ModuleSequencer","method","loadOrderTable","byte[],int,int","ModuleSequencer::loadOrderTable","translated"
"java-desktop/src/main/java/ModuleSequencer.java","ModuleSequencer","method","setRepeatCurrentOrder","boolean","ModuleSequencer::setRepeatCurrentOrder","translated"
"java-desktop/src/main/java/ModuleSequencer.java","ModuleSequencer","method","rewind","","ModuleSequencer::rewind","translated"
"java-desktop/src/main/java/ModuleSequencer.java","ModuleSequencer","method","seekOrder","int","ModuleSequencer::seekOrder","translated"
"java-desktop/src/main/java/ModuleSequencer.java","ModuleSequencer","method","seekRow","int","ModuleSequencer::seekRow","translated"
"java-desktop/src/main/java/ModuleSequencer.java","ModuleSequencer","method","advanceOrder","","ModuleSequencer::advanceOrder","translated"
"java-desktop/src/main/java/ModuleSequencer.java","ModuleSequencer","method","nextRow","","ModuleSequencer::nextRow","translated"
"java-desktop/src/main/java/ModuleSequencer.java","ModuleSequencer","method","<init>","","ModuleSequencer::ModuleSequencer","translated"
"java-desktop/src/main/java/ModuleSong.java","ModuleSong","field","MaJAkKa","","ModuleSong::MaJAkKa","translated"
"java-desktop/src/main/java/ModuleSong.java","ModuleSong","field","maJAkKa","","ModuleSong::maJAkKa","translated"
"java-desktop/src/main/java/ModuleSong.java","ModuleSong","field","MAJAkKa","","ModuleSong::MAJAkKa","translated"
"java-desktop/src/main/java/ModuleSong.java","ModuleSong","field","mAJAkKa","","ModuleSong::mAJAkKa","translated"
"java-desktop/src/main/java/ModuleSong.java","ModuleSong","field","MajAkKa","","ModuleSong::MajAkKa","translated"
"java-desktop/src/main/java/ModuleSong.java","ModuleSong","field","majAkKa","","ModuleSong::majAkKa","translated"
"java-desktop/src/main/java/ModuleSong.java","ModuleSong","field","MAjAkKa","","ModuleSong::MAjAkKa","translated"
"java-desktop/src/main/java/ModuleSong.java","ModuleSong","field","mAjAkKa","","ModuleSong::mAjAkKa","translated"
"java-desktop/src/main/java/ModuleSong.java","ModuleSong","field","AmAjAkK","","ModuleSong::AmAjAkK","translated"
"java-desktop/src/main/java/ModuleSong.java","ModuleSong","field","amAjAkK","","ModuleSong::amAjAkK","translated"
"java-desktop/src/main/java/ModuleSong.java","ModuleSong","field","AMAjAkK","","ModuleSong::AMAjAkK","translated"
"java-desktop/src/main/java/ModuleSong.java","ModuleSong","field","aMAjAkK","","ModuleSong::aMAjAkK","translated"
"java-desktop/src/main/java/ModuleSong.java","ModuleSong","field","AmajAkK","","ModuleSong::AmajAkK","translated"
"java-desktop/src/main/java/ModuleSong.java","ModuleSong","field","amajAkK","","ModuleSong::amajAkK","translated"
"java-desktop/src/main/java/ModuleSong.java","ModuleSong","field","AMajAkK","","ModuleSong::AMajAkK","translated"
"java-desktop/src/main/java/ModuleSong.java","ModuleSong","field","aMajAkK","","ModuleSong::aMajAkK","translated"
"java-desktop/src/main/java/ModuleSong.java","ModuleSong","field","AmAJAkK","","ModuleSong::AmAJAkK","translated"
"java-desktop/src/main/java/ModuleSong.java","ModuleSong","method","JakkAMa","MixerBus","ModuleSong::JakkAMa","translated"
"java-desktop/src/main/java/ModuleSong.java","ModuleSong","method","JAKkAMa","ScriptEventScheduler","ModuleSong::JAKkAMa","translated"
"java-desktop/src/main/java/ModuleSong.java","ModuleSong","method","JAkkAMa","int","ModuleSong::JAkkAMa","translated"
"java-desktop/src/main/java/ModuleSong.java","ModuleSong","method","onMixerTick","MixerBus","ModuleSong::onMixerTick","translated"
"java-desktop/src/main/java/ModuleSong.java","ModuleSong","method","JaKKAMa","int","ModuleSong::JaKKAMa","translated"
"java-desktop/src/main/java/ModuleSong.java","ModuleSong","method","jAkkAMa","byte[]","ModuleSong::jAkkAMa","translated"
"java-desktop/src/main/java/ModuleSong.java","ModuleSong","method","jaKkAMa","int,long","ModuleSong::jaKkAMa","translated"
"java-desktop/src/main/java/ModuleSong.java","ModuleSong","method","jakkAMa","int","ModuleSong::jakkAMa","translated"
"java-desktop/src/main/java/ModuleSong.java","ModuleSong","method","JAKKAMa","int","ModuleSong::JAKKAMa","translated"
"java-desktop/src/main/java/ModuleSong.java","ModuleSong","method","jaKKAMa","int,int","ModuleSong::jaKKAMa","translated"
"java-desktop/src/main/java/ModuleSong.java","ModuleSong","method","jAKkAMa","","ModuleSong::jAKkAMa","translated"
"java-desktop/src/main/java/ModuleSong.java","ModuleSong","method","<init>","","ModuleSong::ModuleSong","translated"
"java-desktop/src/main/java/ModuleVoice.java","ModuleVoice","field","akkAMaj","","ModuleVoice::akkAMaj","translated"
"java-desktop/src/main/java/ModuleVoice.java","ModuleVoice","field","AKkAMaj","","ModuleVoice::AKkAMaj","translated"
"java-desktop/src/main/java/ModuleVoice.java","ModuleVoice","field","aKkAMaj","","ModuleVoice::aKkAMaj","translated"
"java-desktop/src/main/java/ModuleVoice.java","ModuleVoice","field","AkKamaj","","ModuleVoice::AkKamaj","translated"
"java-desktop/src/main/java/ModuleVoice.java","ModuleVoice","field","akKamaj","","ModuleVoice::akKamaj","translated"
"java-desktop/src/main/java/ModuleVoice.java","ModuleVoice","field","AKKamaj","","ModuleVoice::AKKamaj","translated"
"java-desktop/src/main/java/ModuleVoice.java","ModuleVoice","field","aKKamaj","","ModuleVoice::aKKamaj","translated"
"java-desktop/src/main/java/ModuleVoice.java","ModuleVoice","field","Akkamaj","","ModuleVoice::Akkamaj","translated"
"java-desktop/src/main/java/ModuleVoice.java","ModuleVoice","field","akkamaj","","ModuleVoice::akkamaj","translated"
"java-desktop/src/main/java/ModuleVoice.java","ModuleVoice","field","AKkamaj","","ModuleVoice::AKkamaj","translated"
"java-desktop/src/main/java/ModuleVoice.java","ModuleVoice","field","aKkamaj","","ModuleVoice::aKkamaj","translated"
"java-desktop/src/main/java/ModuleVoice.java","ModuleVoice","field","AkKAmaj","","ModuleVoice::AkKAmaj","translated"
"java-desktop/src/main/java/ModuleVoice.java","ModuleVoice","field","akKAmaj","","ModuleVoice::akKAmaj","translated"
"java-desktop/src/main/java/ModuleVoice.java","ModuleVoice","field","AKKAmaj","","ModuleVoice::AKKAmaj","translated"
"java-desktop/src/main/java/ModuleVoice.java","ModuleVoice","field","aKKAmaj","","ModuleVoice::aKKAmaj","translated"
"java-desktop/src/main/java/ModuleVoice.java","ModuleVoice","field","AkkAmaj","","ModuleVoice::AkkAmaj","translated"
"java-desktop/src/main/java/ModuleVoice.java","ModuleVoice","field","akkAmaj","","ModuleVoice::akkAmaj","translated"
"java-desktop/src/main/java/ModuleVoice.java","ModuleVoice","field","AKkAmaj","","ModuleVoice::AKkAmaj","translated"
"java-desktop/src/main/java/ModuleVoice.java","ModuleVoice","field","aKkAmaj","","ModuleVoice::aKkAmaj","translated"
"java-desktop/src/main/java/ModuleVoice.java","ModuleVoice","field","AkKaMAj","","ModuleVoice::AkKaMAj","translated"
"java-desktop/src/main/java/ModuleVoice.java","ModuleVoice","field","akKaMAj","","ModuleVoice::akKaMAj","translated"
"java-desktop/src/main/java/ModuleVoice.java","ModuleVoice","field","AKKaMAj","","ModuleVoice::AKKaMAj","translated"
"java-desktop/src/main/java/ModuleVoice.java","ModuleVoice","field","aKKaMAj","","ModuleVoice::aKKaMAj","translated"
"java-desktop/src/main/java/ModuleVoice.java","ModuleVoice","field","AkkaMAj","","ModuleVoice::AkkaMAj","translated"
"java-desktop/src/main/java/ModuleVoice.java","ModuleVoice","field","akkaMAj","","ModuleVoice::akkaMAj","translated"
"java-desktop/src/main/java/ModuleVoice.java","ModuleVoice","field","AKkaMAj","","ModuleVoice::AKkaMAj","translated"
"java-desktop/src/main/java/ModuleVoice.java","ModuleVoice","field","aKkaMAj","","ModuleVoice::aKkaMAj","translated"
"java-desktop/src/main/java/ModuleVoice.java","ModuleVoice","field","AkKAMAj","","ModuleVoice::AkKAMAj","translated"
"java-desktop/src/main/java/ModuleVoice.java","ModuleVoice","field","akKAMAj","","ModuleVoice::akKAMAj","translated"
"java-desktop/src/main/java/ModuleVoice.java","ModuleVoice","field","AKKAMAj","","ModuleVoice::AKKAMAj","translated"
"java-desktop/src/main/java/ModuleVoice.java","ModuleVoice","field","aKKAMAj","","ModuleVoice::aKKAMAj","translated"
"java-desktop/src/main/java/ModuleVoice.java","ModuleVoice","field","AkkAMAj","","ModuleVoice::AkkAMAj","translated"
"java-desktop/src/main/java/ModuleVoice.java","ModuleVoice","field","akkAMAj","","ModuleVoice::akkAMAj","translated"
"java-desktop/src/main/java/ModuleVoice.java","ModuleVoice","field","AKkAMAj","","ModuleVoice::AKkAMAj","translated"
"java-desktop/src/main/java/ModuleVoice.java","ModuleVoice","field","aKkAMAj","","ModuleVoice::aKkAMAj","translated"
"java-desktop/src/main/java/ModuleVoice.java","ModuleVoice","field","AkKamAj","","ModuleVoice::AkKamAj","translated"
"java-desktop/src/main/java/ModuleVoice.java","ModuleVoice","field","akKamAj","","ModuleVoice::akKamAj","translated"
"java-desktop/src/main/java/ModuleVoice.java","ModuleVoice","field","AKKamAj","","ModuleVoice::AKKamAj","translated"
"java-desktop/src/main/java/ModuleVoice.java","ModuleVoice","field","aKKamAj","","ModuleVoice::aKKamAj","translated"
"java-desktop/src/main/java/ModuleVoice.java","ModuleVoice","field","AkkamAj","","ModuleVoice::AkkamAj","translated"
"java-desktop/src/main/java/ModuleVoice.java","ModuleVoice","field","akkamAj","","ModuleVoice::akkamAj","translated"
"java-desktop/src/main/java/ModuleVoice.java","ModuleVoice","field","AKkamAj","","ModuleVoice::AKkamAj","translated"
"java-desktop/src/main/java/ModuleVoice.java","ModuleVoice","field","aKkamAj","","ModuleVoice::aKkamAj","translated"
"java-desktop/src/main/java/ModuleVoice.java","ModuleVoice","field","AkKAmAj","","ModuleVoice::AkKAmAj","translated"
"java-desktop/src/main/java/ModuleVoice.java","ModuleVoice","field","akKAmAj","","ModuleVoice::akKAmAj","translated"
"java-desktop/src/main/java/ModuleVoice.java","ModuleVoice","field","AKKAmAj","","ModuleVoice::AKKAmAj","translated"
"java-desktop/src/main/java/ModuleVoice.java","ModuleVoice","field","aKKAmAj","","ModuleVoice::aKKAmAj","translated"
"java-desktop/src/main/java/ModuleVoice.java","ModuleVoice","method","kKaMAJa","boolean","ModuleVoice::kKaMAJa","translated"
"java-desktop/src/main/java/ModuleVoice.java","ModuleVoice","method","KkaMAJa","int","ModuleVoice::KkaMAJa","translated"
"java-desktop/src/main/java/ModuleVoice.java","ModuleVoice","method","kkAmaJa","int","ModuleVoice::kkAmaJa","translated"
"java-desktop/src/main/java/ModuleVoice.java","ModuleVoice","method","kKAmaJa","int","ModuleVoice::kKAmaJa","translated"
"java-desktop/src/main/java/ModuleVoice.java","ModuleVoice","method","KKamaJa","int","ModuleVoice::KKamaJa","translated"
"java-desktop/src/main/java/ModuleVoice.java","ModuleVoice","method","KkAmaJa","int","ModuleVoice::KkAmaJa","translated"
"java-desktop/src/main/java/ModuleVoice.java","ModuleVoice","method","kkamAJa","int","ModuleVoice::kkamAJa","translated"
"java-desktop/src/main/java/ModuleVoice.java","ModuleVoice","method","KKamAJa","int","ModuleVoice::KKamAJa","translated"
"java-desktop/src/main/java/ModuleVoice.java","ModuleVoice","method","kKAMAJa","int","ModuleVoice::kKAMAJa","translated"
"java-desktop/src/main/java/ModuleVoice.java","ModuleVoice","method","kkamaJa","int","ModuleVoice::kkamaJa","translated"
"java-desktop/src/main/java/ModuleVoice.java","ModuleVoice","method","kkaMAJa","int","ModuleVoice::kkaMAJa","translated"
"java-desktop/src/main/java/ModuleVoice.java","ModuleVoice","method","KKaMAJa","ModuleSample,int","ModuleVoice::KKaMAJa","translated"
"java-desktop/src/main/java/ModuleVoice.java","ModuleVoice","method","KkamaJa","ModuleSample,int,boolean","ModuleVoice::KkamaJa","translated"
"java-desktop/src/main/java/ModuleVoice.java","ModuleVoice","method","KkamAJa","","ModuleVoice::KkamAJa","translated"
"java-desktop/src/main/java/ModuleVoice.java","ModuleVoice","method","KKAMAJa","boolean","ModuleVoice::KKAMAJa","translated"
"java-desktop/src/main/java/ModuleVoice.java","ModuleVoice","method","kKamAJa","int,boolean","ModuleVoice::kKamAJa","translated"
"java-desktop/src/main/java/ModuleVoice.java","ModuleVoice","method","kkAMAJa","","ModuleVoice::kkAMAJa","translated"
"java-desktop/src/main/java/ModuleVoice.java","ModuleVoice","method","KKAmaJa","","ModuleVoice::KKAmaJa","translated"
"java-desktop/src/main/java/ModuleVoice.java","ModuleVoice","method","KkAMAJa","int","ModuleVoice::KkAMAJa","translated"
"java-desktop/src/main/java/ModuleVoice.java","ModuleVoice","method","mix","MAD,int[],int,int","ModuleVoice::mix","translated"
"java-desktop/src/main/java/ModuleVoice.java","ModuleVoice","method","kKAmAJa","boolean","ModuleVoice::kKAmAJa","translated"
"java-desktop/src/main/java/ModuleVoice.java","ModuleVoice","method","<init>","","ModuleVoice::ModuleVoice","translated"
"java-desktop/src/main/java/MovieAudioClip.java","MovieAudioClip","field","AKKAMAJ","","","platform-or-unused"
"java-desktop/src/main/java/MovieAudioClip.java","MovieAudioClip","field","aKKAMAJ","","","platform-or-unused"
"java-desktop/src/main/java/MovieAudioClip.java","MovieAudioClip","field","AkkAMAJ","","","platform-or-unused"
"java-desktop/src/main/java/MovieAudioClip.java","MovieAudioClip","field","akkAMAJ","","","platform-or-unused"
"java-desktop/src/main/java/MovieAudioClip.java","MovieAudioClip","field","AKkAMAJ","","","platform-or-unused"
"java-desktop/src/main/java/MovieAudioClip.java","MovieAudioClip","field","aKkAMAJ","","","platform-or-unused"
"java-desktop/src/main/java/MovieAudioClip.java","MovieAudioClip","field","AkKamAJ","","","platform-or-unused"
"java-desktop/src/main/java/MovieAudioClip.java","MovieAudioClip","field","akKamAJ","","","platform-or-unused"
"java-desktop/src/main/java/MovieAudioClip.java","MovieAudioClip","field","AKKamAJ","","","platform-or-unused"
"java-desktop/src/main/java/MovieAudioClip.java","MovieAudioClip","field","aKKamAJ","","","platform-or-unused"
"java-desktop/src/main/java/MovieAudioClip.java","MovieAudioClip","field","AkkamAJ","","","platform-or-unused"
"java-desktop/src/main/java/MovieAudioClip.java","MovieAudioClip","field","akkamAJ","","","platform-or-unused"
"java-desktop/src/main/java/MovieAudioClip.java","MovieAudioClip","field","AKkamAJ","","","platform-or-unused"
"java-desktop/src/main/java/MovieAudioClip.java","MovieAudioClip","field","aKkamAJ","","","platform-or-unused"
"java-desktop/src/main/java/MovieAudioClip.java","MovieAudioClip","field","AkKAmAJ","","","platform-or-unused"
"java-desktop/src/main/java/MovieAudioClip.java","MovieAudioClip","field","akKAmAJ","","","platform-or-unused"
"java-desktop/src/main/java/MovieAudioClip.java","MovieAudioClip","field","AKKAmAJ","","","platform-or-unused"
"java-desktop/src/main/java/MovieAudioClip.java","MovieAudioClip","field","aKKAmAJ","","","platform-or-unused"
"java-desktop/src/main/java/MovieAudioClip.java","MovieAudioClip","field","AkkAmAJ","","","platform-or-unused"
"java-desktop/src/main/java/MovieAudioClip.java","MovieAudioClip","field","akkAmAJ","","","platform-or-unused"
"java-desktop/src/main/java/MovieAudioClip.java","MovieAudioClip","field","AKkAmAJ","","","platform-or-unused"
"java-desktop/src/main/java/MovieAudioClip.java","MovieAudioClip","field","aKkAmAJ","","","platform-or-unused"
"java-desktop/src/main/java/MovieAudioClip.java","MovieAudioClip","field","AkKaMaj","","","platform-or-unused"
"java-desktop/src/main/java/MovieAudioClip.java","MovieAudioClip","field","akKaMaj","","","platform-or-unused"
"java-desktop/src/main/java/MovieAudioClip.java","MovieAudioClip","field","AKKaMaj","","","platform-or-unused"
"java-desktop/src/main/java/MovieAudioClip.java","MovieAudioClip","field","aKKaMaj","","","platform-or-unused"
"java-desktop/src/main/java/MovieAudioClip.java","MovieAudioClip","field","AkkaMaj","","","platform-or-unused"
"java-desktop/src/main/java/MovieAudioClip.java","MovieAudioClip","field","akkaMaj","","","platform-or-unused"
"java-desktop/src/main/java/MovieAudioClip.java","MovieAudioClip","field","AKkaMaj","","","platform-or-unused"
"java-desktop/src/main/java/MovieAudioClip.java","MovieAudioClip","field","aKkaMaj","","","platform-or-unused"
"java-desktop/src/main/java/MovieAudioClip.java","MovieAudioClip","field","AkKAMaj","","","platform-or-unused"
"java-desktop/src/main/java/MovieAudioClip.java","MovieAudioClip","field","akKAMaj","","","platform-or-unused"
"java-desktop/src/main/java/MovieAudioClip.java","MovieAudioClip","field","AKKAMaj","","","platform-or-unused"
"java-desktop/src/main/java/MovieAudioClip.java","MovieAudioClip","field","aKKAMaj","","","platform-or-unused"
"java-desktop/src/main/java/MovieAudioClip.java","MovieAudioClip","field","AkkAMaj","","","platform-or-unused"
"java-desktop/src/main/java/MovieAudioClip.java","MovieAudioClip","method","Kkamaja","","","platform-or-unused"
"java-desktop/src/main/java/MovieAudioClip.java","MovieAudioClip","method","<init>","int,int,byte[],int,MoviePlayer","","platform-or-unused"
"java-desktop/src/main/java/MovieAudioClip.java","MovieAudioClip","method","kKAmaja","int","","platform-or-unused"
"java-desktop/src/main/java/MovieAudioClip.java","MovieAudioClip","method","play","","","platform-or-unused"
"java-desktop/src/main/java/MovieAudioClip.java","MovieAudioClip","method","KKAmAJa","int","","platform-or-unused"
"java-desktop/src/main/java/MovieAudioClip.java","MovieAudioClip","method","kkAmAJa","int","","platform-or-unused"
"java-desktop/src/main/java/MovieAudioClip.java","MovieAudioClip","method","loop","","","platform-or-unused"
"java-desktop/src/main/java/MovieAudioClip.java","MovieAudioClip","method","stop","","","platform-or-unused"
"java-desktop/src/main/java/MovieAudioClip.java","MovieAudioClip","method","kkamaja","MovieAudioClip,MovieTimeline","","platform-or-unused"
"java-desktop/src/main/java/MovieAudioClip.java","MovieAudioClip","method","kKAMaja","MovieTimeline","","platform-or-unused"
"java-desktop/src/main/java/MovieAudioClip.java","MovieAudioClip","method","run","","","platform-or-unused"
"java-desktop/src/main/java/MovieAudioClip.java","MovieAudioClip","method","kKamaja","","","platform-or-unused"
"java-desktop/src/main/java/MovieAudioClip.java","MovieAudioClip","method","KkAmAJa","","","platform-or-unused"
"java-desktop/src/main/java/MovieAudioClip.java","MovieAudioClip","method","kkAMaja","int","","platform-or-unused"
"java-desktop/src/main/java/MovieAudioClip.java","MovieAudioClip","method","KKamaja","","","platform-or-unused"
"java-desktop/src/main/java/MovieAudioClip.java","MovieAudioClip","method","kKaMaja","","","platform-or-unused"
"java-desktop/src/main/java/MovieAudioClip.java","MovieAudioClip","method","KKAMaja","int","","platform-or-unused"
"java-desktop/src/main/java/MovieAudioClip.java","MovieAudioClip","method","KkAMaja","int","","platform-or-unused"
"java-desktop/src/main/java/MovieAudioClip.java","MovieAudioClip","method","KKaMaja","int","","platform-or-unused"
"java-desktop/src/main/java/MovieAudioClip.java","MovieAudioClip","method","KkaMaja","int","","platform-or-unused"
"java-desktop/src/main/java/MovieAudioClip.java","MovieAudioClip","method","kkaMaja","byte[],int","","platform-or-unused"
"java-desktop/src/main/java/MovieAudioStream.java","MovieAudioStream","field","kKAmaja","","","platform-or-unused"
"java-desktop/src/main/java/MovieAudioStream.java","MovieAudioStream","field","Kkamaja","","","platform-or-unused"
"java-desktop/src/main/java/MovieAudioStream.java","MovieAudioStream","field","kkamaja","","","platform-or-unused"
"java-desktop/src/main/java/MovieAudioStream.java","MovieAudioStream","field","KKamaja","","","platform-or-unused"
"java-desktop/src/main/java/MovieAudioStream.java","MovieAudioStream","field","kKamaja","","","platform-or-unused"
"java-desktop/src/main/java/MovieAudioStream.java","MovieAudioStream","field","KkAMaja","","","platform-or-unused"
"java-desktop/src/main/java/MovieAudioStream.java","MovieAudioStream","field","kkAMaja","","","platform-or-unused"
"java-desktop/src/main/java/MovieAudioStream.java","MovieAudioStream","field","KKAMaja","","","platform-or-unused"
"java-desktop/src/main/java/MovieAudioStream.java","MovieAudioStream","field","kKAMaja","","","platform-or-unused"
"java-desktop/src/main/java/MovieAudioStream.java","MovieAudioStream","method","<init>","byte[],int,int,MoviePlayer","","platform-or-unused"
"java-desktop/src/main/java/MovieAudioStream.java","MovieAudioStream","method","kKAmajA","MovieAudioStream","","platform-or-unused"
"java-desktop/src/main/java/MovieAudioStream.java","MovieAudioStream","method","KkAMajA","int","","platform-or-unused"
"java-desktop/src/main/java/MovieAudioStream.java","MovieAudioStream","method","KKAmajA","int,byte[],int,int","","platform-or-unused"
"java-desktop/src/main/java/MovieAudioStream.java","MovieAudioStream","method","KkamajA","MovieAudioStream,int,MovieTimeline","","platform-or-unused"
"java-desktop/src/main/java/MovieAudioStream.java","MovieAudioStream","method","read","","","platform-or-unused"
"java-desktop/src/main/java/MovieAudioStream.java","MovieAudioStream","method","KKamajA","","","platform-or-unused"
"java-desktop/src/main/java/MovieAudioStream.java","MovieAudioStream","method","kkAmajA","byte[],int,int","","platform-or-unused"
"java-desktop/src/main/java/MovieAudioStream.java","MovieAudioStream","method","kKamajA","byte[],int,int","","platform-or-unused"
"java-desktop/src/main/java/MovieAudioStream.java","MovieAudioStream","method","KkAmajA","","","platform-or-unused"
"java-desktop/src/main/java/MovieAudioStream.java","MovieAudioStream","method","read","byte[],int,int","","platform-or-unused"
"java-desktop/src/main/java/MovieAudioStream.java","MovieAudioStream","method","kkAMajA","byte[],int,int","","platform-or-unused"
"java-desktop/src/main/java/MovieAudioStream.java","MovieAudioStream","method","skip","long","","platform-or-unused"
"java-desktop/src/main/java/MovieAudioStream.java","MovieAudioStream","method","available","","","platform-or-unused"
"java-desktop/src/main/java/MovieAudioStream.java","MovieAudioStream","method","reset","","","platform-or-unused"
"java-desktop/src/main/java/MovieAudioStream.java","MovieAudioStream","method","kkamajA","","","platform-or-unused"
"java-desktop/src/main/java/MovieBitReader.java","MovieBitReader","method","<init>","","MovieBitReader::MovieBitReader","translated"
"java-desktop/src/main/java/MovieBitReader.java","MovieBitReader","field","KAMaJAK","","MovieBitReader::KAMaJAK","translated"
"java-desktop/src/main/java/MovieBitReader.java","MovieBitReader","field","kAMaJAK","","MovieBitReader::kAMaJAK","translated"
"java-desktop/src/main/java/MovieBitReader.java","MovieBitReader","field","KamaJAK","","MovieBitReader::KamaJAK","translated"
"java-desktop/src/main/java/MovieBitReader.java","MovieBitReader","field","kamaJAK","","MovieBitReader::kamaJAK","translated"
"java-desktop/src/main/java/MovieBitReader.java","MovieBitReader","field","KAmaJAK","","MovieBitReader::KAmaJAK","translated"
"java-desktop/src/main/java/MovieBitReader.java","MovieBitReader","method","KAmAJak","","MovieBitReader::KAmAJak","translated"
"java-desktop/src/main/java/MovieBitReader.java","MovieBitReader","method","kamAJak","","MovieBitReader::kamAJak","translated"
"java-desktop/src/main/java/MovieBitReader.java","MovieBitReader","method","kAMAJak","","MovieBitReader::kAMAJak","translated"
"java-desktop/src/main/java/MovieBitReader.java","MovieBitReader","method","kaMAJak","MovieColorTransform","MovieBitReader::kaMAJak","translated"
"java-desktop/src/main/java/MovieBitReader.java","MovieBitReader","method","KAMAJak","","MovieBitReader::KAMAJak","translated"
"java-desktop/src/main/java/MovieBitReader.java","MovieBitReader","method","KaMajak","","MovieBitReader::KaMajak","translated"
"java-desktop/src/main/java/MovieBitReader.java","MovieBitReader","method","KaMAJak","","MovieBitReader::KaMAJak","translated"
"java-desktop/src/main/java/MovieBitReader.java","MovieBitReader","method","KamAJak","","MovieBitReader::KamAJak","translated"
"java-desktop/src/main/java/MovieBitReader.java","MovieBitReader","method","kAmaJak","int","MovieBitReader::kAmaJak","translated"
"java-desktop/src/main/java/MovieBitReader.java","MovieBitReader","method","KAmaJak","int","MovieBitReader::KAmaJak","translated"
"java-desktop/src/main/java/MovieBitReader.java","MovieBitReader","method","kAmAJak","int[],int[],boolean","MovieBitReader::kAmAJak","translated"
"java-desktop/src/main/java/MovieBitmap.java","MovieBitmap","field","AMAjaKK","","MovieBitmap::AMAjaKK","translated"
"java-desktop/src/main/java/MovieBitmap.java","MovieBitmap","field","aMAjaKK","","MovieBitmap::aMAjaKK","translated"
"java-desktop/src/main/java/MovieBitmap.java","MovieBitmap","field","AmajaKK","","MovieBitmap::AmajaKK","translated"
"java-desktop/src/main/java/MovieBitmap.java","MovieBitmap","field","amajaKK","","MovieBitmap::amajaKK","translated"
"java-desktop/src/main/java/MovieBitmap.java","MovieBitmap","field","AMajaKK","","MovieBitmap::AMajaKK_field","translated"
"java-desktop/src/main/java/MovieBitmap.java","MovieBitmap","field","aMajaKK","","MovieBitmap::aMajaKK_field","translated"
"java-desktop/src/main/java/MovieBitmap.java","MovieBitmap","field","AmAJaKK","","MovieBitmap::AmAJaKK_field","translated"
"java-desktop/src/main/java/MovieBitmap.java","MovieBitmap","field","amAJaKK","","MovieBitmap::amAJaKK_field","translated"
"java-desktop/src/main/java/MovieBitmap.java","MovieBitmap","field","AMAJaKK","","MovieBitmap::AMAJaKK_field","translated"
"java-desktop/src/main/java/MovieBitmap.java","MovieBitmap","field","aMAJaKK","","MovieBitmap::aMAJaKK_field","translated"
"java-desktop/src/main/java/MovieBitmap.java","MovieBitmap","field","AmaJaKK","","MovieBitmap::AmaJaKK_field","translated"
"java-desktop/src/main/java/MovieBitmap.java","MovieBitmap","field","amaJaKK","","MovieBitmap::amaJaKK_field","translated"
"java-desktop/src/main/java/MovieBitmap.java","MovieBitmap","field","AMaJaKK","","MovieBitmap::AMaJaKK_field","translated"
"java-desktop/src/main/java/MovieBitmap.java","MovieBitmap","field","aMaJaKK","","MovieBitmap::aMaJaKK_field","translated"
"java-desktop/src/main/java/MovieBitmap.java","MovieBitmap","field","AmAjAkk","","MovieBitmap::AmAjAkk_field","translated"
"java-desktop/src/main/java/MovieBitmap.java","MovieBitmap","method","<init>","ImageProducer,MovieRasterizer","MovieBitmap::MovieBitmap","translated"
"java-desktop/src/main/java/MovieBitmap.java","MovieBitmap","method","<init>","Image,MovieRasterizer","MovieBitmap::MovieBitmap","translated"
"java-desktop/src/main/java/MovieBitmap.java","MovieBitmap","method","<init>","int[],int,int,MovieRasterizer","MovieBitmap::MovieBitmap","translated"
"java-desktop/src/main/java/MovieBitmap.java","MovieBitmap","method","<init>","byte[],int,int,MovieRasterizer","MovieBitmap::MovieBitmap","translated"
"java-desktop/src/main/java/MovieBitmap.java","MovieBitmap","method","AMaJaKK","","MovieBitmap::AMaJaKK","native-adapter"
"java-desktop/src/main/java/MovieBitmap.java","MovieBitmap","method","imageComplete","int","MovieBitmap::imageComplete","translated"
"java-desktop/src/main/java/MovieBitmap.java","MovieBitmap","method","setColorModel","ColorModel","MovieBitmap::setColorModel","translated"
"java-desktop/src/main/java/MovieBitmap.java","MovieBitmap","method","setDimensions","int,int","MovieBitmap::setDimensions","translated"
"java-desktop/src/main/java/MovieBitmap.java","MovieBitmap","method","setHints","int","MovieBitmap::setHints","translated"
"java-desktop/src/main/java/MovieBitmap.java","MovieBitmap","method","setPixels","int,int,int,int,ColorModel,byte[],int,int","MovieBitmap::setPixels","translated"
"java-desktop/src/main/java/MovieBitmap.java","MovieBitmap","method","setPixels","int,int,int,int,ColorModel,int[],int,int","MovieBitmap::setPixels","translated"
"java-desktop/src/main/java/MovieBitmap.java","MovieBitmap","method","setProperties","Hashtable","MovieBitmap::setProperties","translated"
"java-desktop/src/main/java/MovieBitmap.java","MovieBitmap","method","AmaJaKK","","MovieBitmap::AmaJaKK","translated"
"java-desktop/src/main/java/MovieBitmap.java","MovieBitmap","method","aMaJaKK","int,int","MovieBitmap::aMaJaKK","translated"
"java-desktop/src/main/java/MovieBitmap.java","MovieBitmap","method","amaJaKK","int,int","MovieBitmap::amaJaKK","translated"
"java-desktop/src/main/java/MovieBitmap.java","MovieBitmap","method","AmAjAkk","int,int,int","MovieBitmap::AmAjAkk","translated"
"java-desktop/src/main/java/MovieBitmap.java","MovieBitmap","method","aMAJaKK","int,int","MovieBitmap::aMAJaKK","translated"
"java-desktop/src/main/java/MovieBitmap.java","MovieBitmap","method","AMAJaKK","int,int","MovieBitmap::AMAJaKK","translated"
"java-desktop/src/main/java/MovieBitmap.java","MovieBitmap","method","aMajaKK","MovieFillStyle,Point,int,byte[],int","MovieBitmap::aMajaKK","translated"
"java-desktop/src/main/java/MovieBitmap.java","MovieBitmap","method","amAJaKK","MovieFillStyle,Point,int,int[],int","MovieBitmap::amAJaKK","translated"
"java-desktop/src/main/java/MovieBitmap.java","MovieBitmap","method","AmAJaKK","MovieFillStyle,Point,int,int[]","MovieBitmap::AmAJaKK","translated"
"java-desktop/src/main/java/MovieBitmap.java","MovieBitmap","method","AMajaKK","int,int,int,MovieFillStyle","MovieBitmap::AMajaKK","translated"
"java-desktop/src/main/java/MovieBounds.java","MovieBounds","field","minX","","MovieBounds::minX","translated"
"java-desktop/src/main/java/MovieBounds.java","MovieBounds","field","minY","","MovieBounds::minY","translated"
"java-desktop/src/main/java/MovieBounds.java","MovieBounds","field","maxX","","MovieBounds::maxX","translated"
"java-desktop/src/main/java/MovieBounds.java","MovieBounds","field","maxY","","MovieBounds::maxY","translated"
"java-desktop/src/main/java/MovieBounds.java","MovieBounds","method","<init>","","MovieBounds::MovieBounds","translated"
"java-desktop/src/main/java/MovieBounds.java","MovieBounds","method","<init>","MovieBounds","MovieBounds::MovieBounds","translated"
"java-desktop/src/main/java/MovieBounds.java","MovieBounds","method","<init>","int,int,int,int","MovieBounds::MovieBounds","translated"
"java-desktop/src/main/java/MovieBounds.java","MovieBounds","method","includeBounds","MovieBounds","MovieBounds::includeBounds","translated"
"java-desktop/src/main/java/MovieBounds.java","MovieBounds","method","includePoint","Point","MovieBounds::includePoint","translated"
"java-desktop/src/main/java/MovieBounds.java","MovieBounds","method","intersects","MovieBounds","MovieBounds::intersects","translated"
"java-desktop/src/main/java/MovieBounds.java","MovieBounds","method","contains","Point","MovieBounds::contains","translated"
"java-desktop/src/main/java/MovieCharacter.java","MovieCharacter","method","<init>","","MovieCharacter::MovieCharacter","translated"
"java-desktop/src/main/java/MovieCharacter.java","MovieCharacter","field","aMAJakk","","MovieCharacter::aMAJakk","translated"
"java-desktop/src/main/java/MovieCharacter.java","MovieCharacter","field","AmaJakk","","MovieCharacter::AmaJakk","translated"
"java-desktop/src/main/java/MovieCharacter.java","MovieCharacter","field","amaJakk","","MovieCharacter::amaJakk","translated"
"java-desktop/src/main/java/MovieCharacter.java","MovieCharacter","field","AMaJakk","","MovieCharacter::AMaJakk","translated"
"java-desktop/src/main/java/MovieCharacter.java","MovieCharacter","field","aMaJakk","","MovieCharacter::aMaJakk","translated"
"java-desktop/src/main/java/MovieCharacter.java","MovieCharacter","field","AmAjAKk","","MovieCharacter::AmAjAKk","translated"
"java-desktop/src/main/java/MovieCharacter.java","MovieCharacter","field","amAjAKk","","MovieCharacter::amAjAKk","translated"
"java-desktop/src/main/java/MovieCharacter.java","MovieCharacter","field","AMAjAKk","","MovieCharacter::AMAjAKk","translated"
"java-desktop/src/main/java/MovieCharacter.java","MovieCharacter","field","aMAjAKk","","MovieCharacter::aMAjAKk","translated"
"java-desktop/src/main/java/MovieColorTransform.java","MovieColorTransform","field","kkAmaJa","","MovieColorTransform::kkAmaJa","translated"
"java-desktop/src/main/java/MovieColorTransform.java","MovieColorTransform","field","KKAmaJa","","MovieColorTransform::KKAmaJa","translated"
"java-desktop/src/main/java/MovieColorTransform.java","MovieColorTransform","field","kKAmaJa","","MovieColorTransform::kKAmaJa","translated"
"java-desktop/src/main/java/MovieColorTransform.java","MovieColorTransform","field","KkamaJa","","MovieColorTransform::KkamaJa","translated"
"java-desktop/src/main/java/MovieColorTransform.java","MovieColorTransform","field","kkamaJa","","MovieColorTransform::kkamaJa","translated"
"java-desktop/src/main/java/MovieColorTransform.java","MovieColorTransform","field","KKamaJa","","MovieColorTransform::KKamaJa","translated"
"java-desktop/src/main/java/MovieColorTransform.java","MovieColorTransform","field","kKamaJa","","MovieColorTransform::kKamaJa","translated"
"java-desktop/src/main/java/MovieColorTransform.java","MovieColorTransform","field","KkAMaJa","","MovieColorTransform::KkAMaJa","translated"
"java-desktop/src/main/java/MovieColorTransform.java","MovieColorTransform","field","kkAMaJa","","MovieColorTransform::kkAMaJa","translated"
"java-desktop/src/main/java/MovieColorTransform.java","MovieColorTransform","field","KKAMaJa","","MovieColorTransform::KKAMaJa","translated"
"java-desktop/src/main/java/MovieColorTransform.java","MovieColorTransform","field","kKAMaJa","","MovieColorTransform::kKAMaJa","translated"
"java-desktop/src/main/java/MovieColorTransform.java","MovieColorTransform","method","<init>","MovieRasterizer","MovieColorTransform::MovieColorTransform","translated"
"java-desktop/src/main/java/MovieColorTransform.java","MovieColorTransform","method","KKAmAJA","int,int,byte[]","MovieColorTransform::KKAmAJA","translated"
"java-desktop/src/main/java/MovieColorTransform.java","MovieColorTransform","method","kkamAJA","","MovieColorTransform::kkamAJA","translated"
"java-desktop/src/main/java/MovieColorTransform.java","MovieColorTransform","method","KKamAJA","int[],int","MovieColorTransform::KKamAJA","translated"
"java-desktop/src/main/java/MovieColorTransform.java","MovieColorTransform","method","KkamAJA","int","MovieColorTransform::KkamAJA","translated"
"java-desktop/src/main/java/MovieColorTransform.java","MovieColorTransform","method","kKAmAJA","MovieFillStyle","MovieColorTransform::kKAmAJA","translated"
"java-desktop/src/main/java/MovieColorTransform.java","MovieColorTransform","method","kkAmAJA","MovieFillStyle","MovieColorTransform::kkAmAJA","translated"
"java-desktop/src/main/java/MovieController.java","MovieController","field","aKKAmaJ","","","platform-or-unused"
"java-desktop/src/main/java/MovieController.java","MovieController","field","AkkAmaJ","","","platform-or-unused"
"java-desktop/src/main/java/MovieController.java","MovieController","field","akkAmaJ","","","platform-or-unused"
"java-desktop/src/main/java/MovieController.java","MovieController","field","AKkAmaJ","","","platform-or-unused"
"java-desktop/src/main/java/MovieController.java","MovieController","field","aKkAmaJ","","","platform-or-unused"
"java-desktop/src/main/java/MovieController.java","MovieController","field","AkKaMAJ","","","platform-or-unused"
"java-desktop/src/main/java/MovieController.java","MovieController","field","akKaMAJ","","","platform-or-unused"
"java-desktop/src/main/java/MovieController.java","MovieController","field","AKKaMAJ","","","platform-or-unused"
"java-desktop/src/main/java/MovieController.java","MovieController","method","<init>","MoviePlayer","","platform-or-unused"
"java-desktop/src/main/java/MovieController.java","MovieController","method","KkamAja","int","","platform-or-unused"
"java-desktop/src/main/java/MovieController.java","MovieController","method","KkaMAja","","","platform-or-unused"
"java-desktop/src/main/java/MovieController.java","MovieController","method","KkAmaja","","","platform-or-unused"
"java-desktop/src/main/java/MovieController.java","MovieController","method","KKAmaja","","","platform-or-unused"
"java-desktop/src/main/java/MovieController.java","MovieController","method","kkAmAja","","","platform-or-unused"
"java-desktop/src/main/java/MovieController.java","MovieController","method","kkAMAja","","","platform-or-unused"
"java-desktop/src/main/java/MovieController.java","MovieController","method","KKAMaJA","","","platform-or-unused"
"java-desktop/src/main/java/MovieController.java","MovieController","method","kKAMAja","","","platform-or-unused"
"java-desktop/src/main/java/MovieController.java","MovieController","method","KKamaJA","","","platform-or-unused"
"java-desktop/src/main/java/MovieController.java","MovieController","method","KKAmAja","int","","platform-or-unused"
"java-desktop/src/main/java/MovieController.java","MovieController","method","kKAmaJA","","","platform-or-unused"
"java-desktop/src/main/java/MovieController.java","MovieController","method","KKamAja","","","platform-or-unused"
"java-desktop/src/main/java/MovieController.java","MovieController","method","kKaMaJA","int,int","","platform-or-unused"
"java-desktop/src/main/java/MovieController.java","MovieController","method","KkAMAja","int,int,int","","platform-or-unused"
"java-desktop/src/main/java/MovieController.java","MovieController","method","kkAmaja","int","","platform-or-unused"
"java-desktop/src/main/java/MovieController.java","MovieController","method","KKAMAja","int,int,int,int","","platform-or-unused"
"java-desktop/src/main/java/MovieController.java","MovieController","method","KkamaJA","","","platform-or-unused"
"java-desktop/src/main/java/MovieController.java","MovieController","method","KkAmAja","","","platform-or-unused"
"java-desktop/src/main/java/MovieController.java","MovieController","method","kkAMaJA","InputStream","","platform-or-unused"
"java-desktop/src/main/java/MovieController.java","MovieController","method","kKamaJA","Component","","platform-or-unused"
"java-desktop/src/main/java/MovieController.java","MovieController","method","kkamaJA","","","platform-or-unused"
"java-desktop/src/main/java/MovieController.java","MovieController","method","kkaMaJA","","","platform-or-unused"
"java-desktop/src/main/java/MovieController.java","MovieController","method","KKAmaJA","boolean","","platform-or-unused"
"java-desktop/src/main/java/MovieController.java","MovieController","method","KKaMaJA","int,int","","platform-or-unused"
"java-desktop/src/main/java/MovieController.java","MovieController","method","kKaMAja","","","platform-or-unused"
"java-desktop/src/main/java/MovieController.java","MovieController","method","kKAMaJA","","","platform-or-unused"
"java-desktop/src/main/java/MovieController.java","MovieController","method","kKamAja","boolean","","platform-or-unused"
"java-desktop/src/main/java/MovieController.java","MovieController","method","kkaMAja","int,boolean","","platform-or-unused"
"java-desktop/src/main/java/MovieController.java","MovieController","method","kkamAja","int","","platform-or-unused"
"java-desktop/src/main/java/MovieController.java","MovieController","method","KkAMaJA","","","platform-or-unused"
"java-desktop/src/main/java/MovieController.java","MovieController","method","KKaMAja","Graphics","","platform-or-unused"
"java-desktop/src/main/java/MovieController.java","MovieController","method","kKAmAja","Graphics","","platform-or-unused"
"java-desktop/src/main/java/MovieController.java","MovieController","method","KkaMaJA","Event","","platform-or-unused"
"java-desktop/src/main/java/MovieDisplayObject.java","MovieDisplayObject","method","<init>","","MovieDisplayObject::MovieDisplayObject","translated"
"java-desktop/src/main/java/MovieDisplayObject.java","MovieDisplayObject","field","MajaKka","","MovieDisplayObject::MajaKka","translated"
"java-desktop/src/main/java/MovieDisplayObject.java","MovieDisplayObject","field","majaKka","","MovieDisplayObject::majaKka","translated"
"java-desktop/src/main/java/MovieDisplayObject.java","MovieDisplayObject","field","MAjaKka","","MovieDisplayObject::MAjaKka","translated"
"java-desktop/src/main/java/MovieDisplayObject.java","MovieDisplayObject","field","mAjaKka","","MovieDisplayObject::mAjaKka","translated"
"java-desktop/src/main/java/MovieDisplayObject.java","MovieDisplayObject","field","MaJAKka","","MovieDisplayObject::MaJAKka","translated"
"java-desktop/src/main/java/MovieDisplayObject.java","MovieDisplayObject","field","maJAKka","","MovieDisplayObject::maJAKka","translated"
"java-desktop/src/main/java/MovieDisplayObject.java","MovieDisplayObject","field","MAJAKka","","MovieDisplayObject::MAJAKka","translated"
"java-desktop/src/main/java/MovieDisplayObject.java","MovieDisplayObject","field","mAJAKka","","MovieDisplayObject::mAJAKka","translated"
"java-desktop/src/main/java/MovieDisplayObject.java","MovieDisplayObject","field","MajAKka","","MovieDisplayObject::MajAKka","translated"
"java-desktop/src/main/java/MovieDisplayObject.java","MovieDisplayObject","field","majAKka","","MovieDisplayObject::majAKka","translated"
"java-desktop/src/main/java/MovieDisplayObject.java","MovieDisplayObject","field","MAjAKka","","MovieDisplayObject::MAjAKka","translated"
"java-desktop/src/main/java/MovieDisplayObject.java","MovieDisplayObject","method","jaKkaMA","","MovieDisplayObject::jaKkaMA","translated"
"java-desktop/src/main/java/MovieDisplayObject.java","MovieDisplayObject","method","JaKkaMA","Point","MovieDisplayObject::JaKkaMA","translated"
"java-desktop/src/main/java/MovieFillSpan.java","MovieFillSpan","field","AjaKkAM","","MovieFillSpan::AjaKkAM","translated"
"java-desktop/src/main/java/MovieFillSpan.java","MovieFillSpan","field","ajaKkAM","","MovieFillSpan::ajaKkAM","translated"
"java-desktop/src/main/java/MovieFillSpan.java","MovieFillSpan","field","AJaKkAM","","MovieFillSpan::AJaKkAM","translated"
"java-desktop/src/main/java/MovieFillSpan.java","MovieFillSpan","field","aJaKkAM","","MovieFillSpan::aJaKkAM","translated"
"java-desktop/src/main/java/MovieFillSpan.java","MovieFillSpan","field","AjAkKam","","MovieFillSpan::AjAkKam","translated"
"java-desktop/src/main/java/MovieFillSpan.java","MovieFillSpan","field","ajAkKam","","MovieFillSpan::ajAkKam","translated"
"java-desktop/src/main/java/MovieFillSpan.java","MovieFillSpan","field","AJAkKam","","MovieFillSpan::AJAkKam","translated"
"java-desktop/src/main/java/MovieFillSpan.java","MovieFillSpan","method","aKkaMaj","MovieFillStyle","MovieFillSpan::aKkaMaj","translated"
"java-desktop/src/main/java/MovieFillSpan.java","MovieFillSpan","method","akkaMaj","int,int","MovieFillSpan::akkaMaj","translated"
"java-desktop/src/main/java/MovieFillSpan.java","MovieFillSpan","method","AKkaMaj","MovieRasterizer,int","MovieFillSpan::AKkaMaj","translated"
"java-desktop/src/main/java/MovieFillSpan.java","MovieFillSpan","method","<init>","","MovieFillSpan::MovieFillSpan","translated"
"java-desktop/src/main/java/MovieFillStyle.java","MovieFillStyle","field","aJAkKam","","MovieFillStyle::aJAkKam","translated"
"java-desktop/src/main/java/MovieFillStyle.java","MovieFillStyle","field","AjakKam","","MovieFillStyle::AjakKam","translated"
"java-desktop/src/main/java/MovieFillStyle.java","MovieFillStyle","field","ajakKam","","MovieFillStyle::ajakKam","translated"
"java-desktop/src/main/java/MovieFillStyle.java","MovieFillStyle","field","AJakKam","","MovieFillStyle::AJakKam","translated"
"java-desktop/src/main/java/MovieFillStyle.java","MovieFillStyle","field","aJakKam","","MovieFillStyle::aJakKam","translated"
"java-desktop/src/main/java/MovieFillStyle.java","MovieFillStyle","field","AjAKKam","","MovieFillStyle::AjAKKam","translated"
"java-desktop/src/main/java/MovieFillStyle.java","MovieFillStyle","field","ajAKKam","","MovieFillStyle::ajAKKam","translated"
"java-desktop/src/main/java/MovieFillStyle.java","MovieFillStyle","field","AJAKKam","","MovieFillStyle::AJAKKam","translated"
"java-desktop/src/main/java/MovieFillStyle.java","MovieFillStyle","field","aJAKKam","","MovieFillStyle::aJAKKam","translated"
"java-desktop/src/main/java/MovieFillStyle.java","MovieFillStyle","field","AjaKKam","","MovieFillStyle::AjaKKam","translated"
"java-desktop/src/main/java/MovieFillStyle.java","MovieFillStyle","field","ajaKKam","","MovieFillStyle::ajaKKam","translated"
"java-desktop/src/main/java/MovieFillStyle.java","MovieFillStyle","field","AJaKKam","","MovieFillStyle::AJaKKam","translated"
"java-desktop/src/main/java/MovieFillStyle.java","MovieFillStyle","field","aJaKKam","","MovieFillStyle::aJaKKam","translated"
"java-desktop/src/main/java/MovieFillStyle.java","MovieFillStyle","field","AjAkkam","","MovieFillStyle::AjAkkam","translated"
"java-desktop/src/main/java/MovieFillStyle.java","MovieFillStyle","field","ajAkkam","","MovieFillStyle::ajAkkam","translated"
"java-desktop/src/main/java/MovieFillStyle.java","MovieFillStyle","field","AJAkkam","","MovieFillStyle::AJAkkam","translated"
"java-desktop/src/main/java/MovieFillStyle.java","MovieFillStyle","field","aJAkkam","","MovieFillStyle::aJAkkam","translated"
"java-desktop/src/main/java/MovieFillStyle.java","MovieFillStyle","field","Ajakkam","","MovieFillStyle::Ajakkam","translated"
"java-desktop/src/main/java/MovieFillStyle.java","MovieFillStyle","method","<init>","MovieRasterizer,int","MovieFillStyle::MovieFillStyle","translated"
"java-desktop/src/main/java/MovieFillStyle.java","MovieFillStyle","method","<init>","MovieRasterizer,int,int,int[],int[],MovieTransform,MovieTransform","MovieFillStyle::MovieFillStyle","translated"
"java-desktop/src/main/java/MovieFillStyle.java","MovieFillStyle","method","AkKAMaj","MovieRasterizer,int","MovieFillStyle::AkKAMaj","translated"
"java-desktop/src/main/java/MovieIntroScene.java","MovieIntroScene","method","<init>","","MovieIntroScene::MovieIntroScene","translated"
"java-desktop/src/main/java/MovieIntroScene.java","MovieIntroScene","field","amAjAKK","","MovieIntroScene::amAjAKK","translated"
"java-desktop/src/main/java/MovieIntroScene.java","MovieIntroScene","field","AMAjAKK","","MovieIntroScene::AMAjAKK","translated"
"java-desktop/src/main/java/MovieIntroScene.java","MovieIntroScene","field","aMAjAKK","","MovieIntroScene::aMAjAKK","translated"
"java-desktop/src/main/java/MovieIntroScene.java","MovieIntroScene","field","AmajAKK","","MovieIntroScene::AmajAKK","translated"
"java-desktop/src/main/java/MovieIntroScene.java","MovieIntroScene","field","amajAKK","","MovieIntroScene::amajAKK","translated"
"java-desktop/src/main/java/MovieIntroScene.java","MovieIntroScene","field","AMajAKK","","MovieIntroScene::AMajAKK","translated"
"java-desktop/src/main/java/MovieIntroScene.java","MovieIntroScene","field","aMajAKK","","MovieIntroScene::aMajAKK","translated"
"java-desktop/src/main/java/MovieIntroScene.java","MovieIntroScene","field","AmAJAKK","","MovieIntroScene::AmAJAKK","translated"
"java-desktop/src/main/java/MovieIntroScene.java","MovieIntroScene","method","getSceneId","","MovieIntroScene::getSceneId","translated"
"java-desktop/src/main/java/MovieIntroScene.java","MovieIntroScene","method","dispose","","MovieIntroScene::dispose","translated"
"java-desktop/src/main/java/MovieIntroScene.java","MovieIntroScene","method","load","DesktopDemoBase","MovieIntroScene::load","translated"
"java-desktop/src/main/java/MovieIntroScene.java","MovieIntroScene","method","render","RgbSurface,float,float","MovieIntroScene::render","translated"
"java-desktop/src/main/java/MovieIntroScene.java","MovieIntroScene","method","handleMessage","String,float","MovieIntroScene::handleMessage","translated"
"java-desktop/src/main/java/MoviePlayer.java","MoviePlayer","field","AmaJAKk","","","platform-or-unused"
"java-desktop/src/main/java/MoviePlayer.java","MoviePlayer","field","amaJAKk","","","platform-or-unused"
"java-desktop/src/main/java/MoviePlayer.java","MoviePlayer","field","AMaJAKk","","","platform-or-unused"
"java-desktop/src/main/java/MoviePlayer.java","MoviePlayer","field","aMaJAKk","","","platform-or-unused"
"java-desktop/src/main/java/MoviePlayer.java","MoviePlayer","field","AmAjaKk","","","platform-or-unused"
"java-desktop/src/main/java/MoviePlayer.java","MoviePlayer","field","amAjaKk","","","platform-or-unused"
"java-desktop/src/main/java/MoviePlayer.java","MoviePlayer","field","AMAjaKk","","","platform-or-unused"
"java-desktop/src/main/java/MoviePlayer.java","MoviePlayer","field","aMAjaKk","","","platform-or-unused"
"java-desktop/src/main/java/MoviePlayer.java","MoviePlayer","field","AmajaKk","","","platform-or-unused"
"java-desktop/src/main/java/MoviePlayer.java","MoviePlayer","field","amajaKk","","","platform-or-unused"
"java-desktop/src/main/java/MoviePlayer.java","MoviePlayer","field","AMajaKk","","","platform-or-unused"
"java-desktop/src/main/java/MoviePlayer.java","MoviePlayer","field","aMajaKk","","","platform-or-unused"
"java-desktop/src/main/java/MoviePlayer.java","MoviePlayer","field","AmAJaKk","","","platform-or-unused"
"java-desktop/src/main/java/MoviePlayer.java","MoviePlayer","field","amAJaKk","","","platform-or-unused"
"java-desktop/src/main/java/MoviePlayer.java","MoviePlayer","field","AMAJaKk","","","platform-or-unused"
"java-desktop/src/main/java/MoviePlayer.java","MoviePlayer","field","aMAJaKk","","","platform-or-unused"
"java-desktop/src/main/java/MoviePlayer.java","MoviePlayer","field","AmaJaKk","","","platform-or-unused"
"java-desktop/src/main/java/MoviePlayer.java","MoviePlayer","field","amaJaKk","","","platform-or-unused"
"java-desktop/src/main/java/MoviePlayer.java","MoviePlayer","field","AMaJaKk","","","platform-or-unused"
"java-desktop/src/main/java/MoviePlayer.java","MoviePlayer","field","aMaJaKk","","","platform-or-unused"
"java-desktop/src/main/java/MoviePlayer.java","MoviePlayer","field","KaMaJaK","","","platform-or-unused"
"java-desktop/src/main/java/MoviePlayer.java","MoviePlayer","field","kaMaJaK","","","platform-or-unused"
"java-desktop/src/main/java/MoviePlayer.java","MoviePlayer","field","KAMaJaK","","","platform-or-unused"
"java-desktop/src/main/java/MoviePlayer.java","MoviePlayer","field","kAMaJaK","","","platform-or-unused"
"java-desktop/src/main/java/MoviePlayer.java","MoviePlayer","field","KamaJaK","","","platform-or-unused"
"java-desktop/src/main/java/MoviePlayer.java","MoviePlayer","field","kamaJaK","","","platform-or-unused"
"java-desktop/src/main/java/MoviePlayer.java","MoviePlayer","field","KAmaJaK","","","platform-or-unused"
"java-desktop/src/main/java/MoviePlayer.java","MoviePlayer","field","kAmaJaK","","","platform-or-unused"
"java-desktop/src/main/java/MoviePlayer.java","MoviePlayer","method","KamaJaK","String,boolean","","platform-or-unused"
"java-desktop/src/main/java/MoviePlayer.java","MoviePlayer","method","amaJaKk","boolean","","platform-or-unused"
"java-desktop/src/main/java/MoviePlayer.java","MoviePlayer","method","AmaJaKk","boolean","","platform-or-unused"
"java-desktop/src/main/java/MoviePlayer.java","MoviePlayer","method","aMajaKk","","","platform-or-unused"
"java-desktop/src/main/java/MoviePlayer.java","MoviePlayer","method","AmAJaKk","","","platform-or-unused"
"java-desktop/src/main/java/MoviePlayer.java","MoviePlayer","method","kaMaJaK","","","platform-or-unused"
"java-desktop/src/main/java/MoviePlayer.java","MoviePlayer","method","AMAJaKk","int","","platform-or-unused"
"java-desktop/src/main/java/MoviePlayer.java","MoviePlayer","method","KAMaJaK","int,int","","platform-or-unused"
"java-desktop/src/main/java/MoviePlayer.java","MoviePlayer","method","aMAJaKk","boolean,int,int,int,int","","platform-or-unused"
"java-desktop/src/main/java/MoviePlayer.java","MoviePlayer","method","AMaJaKk","Component","","platform-or-unused"
"java-desktop/src/main/java/MoviePlayer.java","MoviePlayer","method","amAJaKk","int","","platform-or-unused"
"java-desktop/src/main/java/MoviePlayer.java","MoviePlayer","method","run","","","platform-or-unused"
"java-desktop/src/main/java/MoviePlayer.java","MoviePlayer","method","imageUpdate","Image,int,int,int,int,int","","platform-or-unused"
"java-desktop/src/main/java/MoviePlayer.java","MoviePlayer","method","getParameterInfo","","","platform-or-unused"
"java-desktop/src/main/java/MoviePlayer.java","MoviePlayer","method","start","","","platform-or-unused"
"java-desktop/src/main/java/MoviePlayer.java","MoviePlayer","method","stop","","","platform-or-unused"
"java-desktop/src/main/java/MoviePlayer.java","MoviePlayer","method","handleEvent","Event","","platform-or-unused"
"java-desktop/src/main/java/MoviePlayer.java","MoviePlayer","method","KaMaJaK","int,int,MovieDisplayObject","","platform-or-unused"
"java-desktop/src/main/java/MoviePlayer.java","MoviePlayer","method","aMaJaKk","int,int,MovieDisplayObject","","platform-or-unused"
"java-desktop/src/main/java/MoviePlayer.java","MoviePlayer","method","kAMaJaK","","","platform-or-unused"
"java-desktop/src/main/java/MoviePlayer.java","MoviePlayer","method","update","Graphics","","platform-or-unused"
"java-desktop/src/main/java/MoviePlayer.java","MoviePlayer","method","paint","Graphics","","platform-or-unused"
"java-desktop/src/main/java/MoviePlayer.java","MoviePlayer","method","<init>","","","platform-or-unused"
"java-desktop/src/main/java/MovieRasterizer.java","MovieRasterizer","field","MaJaKkA","","MovieRasterizer::MaJaKkA","translated"
"java-desktop/src/main/java/MovieRasterizer.java","MovieRasterizer","field","maJaKkA","","MovieRasterizer::maJaKkA","translated"
"java-desktop/src/main/java/MovieRasterizer.java","MovieRasterizer","field","MAJaKkA","","MovieRasterizer::MAJaKkA","translated"
"java-desktop/src/main/java/MovieRasterizer.java","MovieRasterizer","field","mAJaKkA","","MovieRasterizer::mAJaKkA","translated"
"java-desktop/src/main/java/MovieRasterizer.java","MovieRasterizer","field","MajaKkA","","MovieRasterizer::MajaKkA","translated"
"java-desktop/src/main/java/MovieRasterizer.java","MovieRasterizer","field","majaKkA","","MovieRasterizer::majaKkA","translated"
"java-desktop/src/main/java/MovieRasterizer.java","MovieRasterizer","field","MAjaKkA","","MovieRasterizer::MAjaKkA","translated"
"java-desktop/src/main/java/MovieRasterizer.java","MovieRasterizer","field","mAjaKkA","","MovieRasterizer::mAjaKkA","translated"
"java-desktop/src/main/java/MovieRasterizer.java","MovieRasterizer","field","MaJAKkA","","MovieRasterizer::MaJAKkA","translated"
"java-desktop/src/main/java/MovieRasterizer.java","MovieRasterizer","field","maJAKkA","","MovieRasterizer::maJAKkA","translated"
"java-desktop/src/main/java/MovieRasterizer.java","MovieRasterizer","field","MAJAKkA","","MovieRasterizer::MAJAKkA","translated"
"java-desktop/src/main/java/MovieRasterizer.java","MovieRasterizer","field","mAJAKkA","","MovieRasterizer::mAJAKkA","translated"
"java-desktop/src/main/java/MovieRasterizer.java","MovieRasterizer","field","MajAKkA","","MovieRasterizer::MajAKkA","translated"
"java-desktop/src/main/java/MovieRasterizer.java","MovieRasterizer","field","majAKkA","","MovieRasterizer::majAKkA","translated"
"java-desktop/src/main/java/MovieRasterizer.java","MovieRasterizer","field","MAjAKkA","","MovieRasterizer::MAjAKkA","translated"
"java-desktop/src/main/java/MovieRasterizer.java","MovieRasterizer","field","mAjAKkA","","MovieRasterizer::mAjAKkA","translated"
"java-desktop/src/main/java/MovieRasterizer.java","MovieRasterizer","field","MaJakkA","","MovieRasterizer::MaJakkA","translated"
"java-desktop/src/main/java/MovieRasterizer.java","MovieRasterizer","field","maJakkA","","MovieRasterizer::maJakkA","translated"
"java-desktop/src/main/java/MovieRasterizer.java","MovieRasterizer","field","MAJakkA","","MovieRasterizer::MAJakkA","translated"
"java-desktop/src/main/java/MovieRasterizer.java","MovieRasterizer","field","mAJakkA","","MovieRasterizer::mAJakkA","translated"
"java-desktop/src/main/java/MovieRasterizer.java","MovieRasterizer","field","MajakkA","","MovieRasterizer::MajakkA","translated"
"java-desktop/src/main/java/MovieRasterizer.java","MovieRasterizer","field","majakkA","","MovieRasterizer::majakkA","translated"
"java-desktop/src/main/java/MovieRasterizer.java","MovieRasterizer","field","MAjakkA","","MovieRasterizer::MAjakkA","translated"
"java-desktop/src/main/java/MovieRasterizer.java","MovieRasterizer","field","mAjakkA","","MovieRasterizer::mAjakkA","translated"
"java-desktop/src/main/java/MovieRasterizer.java","MovieRasterizer","field","MaJAkkA","","MovieRasterizer::MaJAkkA","translated"
"java-desktop/src/main/java/MovieRasterizer.java","MovieRasterizer","field","maJAkkA","","MovieRasterizer::maJAkkA","translated"
"java-desktop/src/main/java/MovieRasterizer.java","MovieRasterizer","field","MAJAkkA","","MovieRasterizer::MAJAkkA","translated"
"java-desktop/src/main/java/MovieRasterizer.java","MovieRasterizer","field","mAJAkkA","","MovieRasterizer::mAJAkkA","translated"
"java-desktop/src/main/java/MovieRasterizer.java","MovieRasterizer","field","MajAkkA","","MovieRasterizer::MajAkkA","translated"
"java-desktop/src/main/java/MovieRasterizer.java","MovieRasterizer","field","majAkkA","","MovieRasterizer::majAkkA","translated"
"java-desktop/src/main/java/MovieRasterizer.java","MovieRasterizer","field","MAjAkkA","","MovieRasterizer::MAjAkkA","translated"
"java-desktop/src/main/java/MovieRasterizer.java","MovieRasterizer","field","mAjAkkA","","MovieRasterizer::mAjAkkA","translated"
"java-desktop/src/main/java/MovieRasterizer.java","MovieRasterizer","field","MaJaKKA","","MovieRasterizer::MaJaKKA","translated"
"java-desktop/src/main/java/MovieRasterizer.java","MovieRasterizer","field","maJaKKA","","MovieRasterizer::maJaKKA","translated"
"java-desktop/src/main/java/MovieRasterizer.java","MovieRasterizer","field","MAJaKKA","","MovieRasterizer::MAJaKKA","translated"
"java-desktop/src/main/java/MovieRasterizer.java","MovieRasterizer","field","mAJaKKA","","MovieRasterizer::mAJaKKA","translated"
"java-desktop/src/main/java/MovieRasterizer.java","MovieRasterizer","field","MajaKKA","","MovieRasterizer::MajaKKA","translated"
"java-desktop/src/main/java/MovieRasterizer.java","MovieRasterizer","field","majaKKA","","MovieRasterizer::majaKKA","translated"
"java-desktop/src/main/java/MovieRasterizer.java","MovieRasterizer","field","MAjaKKA","","MovieRasterizer::MAjaKKA","translated"
"java-desktop/src/main/java/MovieRasterizer.java","MovieRasterizer","field","mAjaKKA","","MovieRasterizer::mAjaKKA","translated"
"java-desktop/src/main/java/MovieRasterizer.java","MovieRasterizer","field","MaJAKKA","","MovieRasterizer::MaJAKKA","translated"
"java-desktop/src/main/java/MovieRasterizer.java","MovieRasterizer","field","maJAKKA","","MovieRasterizer::maJAKKA","translated"
"java-desktop/src/main/java/MovieRasterizer.java","MovieRasterizer","field","MAJAKKA","","MovieRasterizer::MAJAKKA","translated"
"java-desktop/src/main/java/MovieRasterizer.java","MovieRasterizer","field","mAJAKKA","","MovieRasterizer::mAJAKKA","translated"
"java-desktop/src/main/java/MovieRasterizer.java","MovieRasterizer","field","MajAKKA","","MovieRasterizer::MajAKKA","translated"
"java-desktop/src/main/java/MovieRasterizer.java","MovieRasterizer","field","majAKKA","","MovieRasterizer::majAKKA","translated"
"java-desktop/src/main/java/MovieRasterizer.java","MovieRasterizer","field","MAjAKKA","","MovieRasterizer::MAjAKKA","translated"
"java-desktop/src/main/java/MovieRasterizer.java","MovieRasterizer","field","mAjAKKA","","MovieRasterizer::mAjAKKA","translated"
"java-desktop/src/main/java/MovieRasterizer.java","MovieRasterizer","method","<init>","MoviePlayer","MovieRasterizer::MovieRasterizer","translated"
"java-desktop/src/main/java/MovieRasterizer.java","MovieRasterizer","method","JAKKamA","","MovieRasterizer::JAKKamA","translated"
"java-desktop/src/main/java/MovieRasterizer.java","MovieRasterizer","method","JAkkAMA","MovieBounds,boolean,int,boolean","MovieRasterizer::JAkkAMA","translated"
"java-desktop/src/main/java/MovieRasterizer.java","MovieRasterizer","method","JAkkamA","","MovieRasterizer::JAkkamA","translated"
"java-desktop/src/main/java/MovieRasterizer.java","MovieRasterizer","method","jakkamA","","MovieRasterizer::jakkamA","translated"
"java-desktop/src/main/java/MovieRasterizer.java","MovieRasterizer","method","JakkamA","int,int","MovieRasterizer::JakkamA","translated"
"java-desktop/src/main/java/MovieRasterizer.java","MovieRasterizer","method","jAkkAMA","MovieCharacter,int,MovieTransform,MovieColorTransform","MovieRasterizer::jAkkAMA","translated"
"java-desktop/src/main/java/MovieRasterizer.java","MovieRasterizer","method","jAKkAMA","int","MovieRasterizer::jAKkAMA","translated"
"java-desktop/src/main/java/MovieRasterizer.java","MovieRasterizer","method","JaKkAMA","MovieDisplayObject,int","MovieRasterizer::JaKkAMA","translated"
"java-desktop/src/main/java/MovieRasterizer.java","MovieRasterizer","method","jAkKamA","MovieDisplayObject,int","MovieRasterizer::jAkKamA","translated"
"java-desktop/src/main/java/MovieRasterizer.java","MovieRasterizer","method","JakkAMA","int,int","MovieRasterizer::JakkAMA","translated"
"java-desktop/src/main/java/MovieRasterizer.java","MovieRasterizer","method","jAKKamA","MovieDisplayObject,int,int","MovieRasterizer::jAKKamA","translated"
"java-desktop/src/main/java/MovieRasterizer.java","MovieRasterizer","method","jakKamA","long,int,int,int","MovieRasterizer::jakKamA","translated"
"java-desktop/src/main/java/MovieRasterizer.java","MovieRasterizer","method","JAKkamA","int,int","MovieRasterizer::JAKkamA","translated"
"java-desktop/src/main/java/MovieRasterizer.java","MovieRasterizer","method","jAKKAmA","int,int,MovieFillStyle","MovieRasterizer::jAKKAmA","translated"
"java-desktop/src/main/java/MovieRasterizer.java","MovieRasterizer","method","jaKkAMA","int","MovieRasterizer::jaKkAMA","translated"
"java-desktop/src/main/java/MovieRasterizer.java","MovieRasterizer","method","jAKkamA","MovieFillStyle,int","MovieRasterizer::jAKkamA","translated"
"java-desktop/src/main/java/MovieRasterizer.java","MovieRasterizer","method","jAkKAmA","int,int","MovieRasterizer::jAkKAmA","translated"
"java-desktop/src/main/java/MovieRasterizer.java","MovieRasterizer","method","jaKkamA","","MovieRasterizer::jaKkamA","translated"
"java-desktop/src/main/java/MovieRasterizer.java","MovieRasterizer","method","JakKamA","MovieScanlineEdge","MovieRasterizer::JakKamA","translated"
"java-desktop/src/main/java/MovieRasterizer.java","MovieRasterizer","method","JaKkamA","","MovieRasterizer::JaKkamA","translated"
"java-desktop/src/main/java/MovieRasterizer.java","MovieRasterizer","method","JAkKAmA","","MovieRasterizer::JAkKAmA","translated"
"java-desktop/src/main/java/MovieRasterizer.java","MovieRasterizer","method","jakKAmA","","MovieRasterizer::jakKAmA","translated"
"java-desktop/src/main/java/MovieRasterizer.java","MovieRasterizer","method","JakKAmA","","MovieRasterizer::JakKAmA","translated"
"java-desktop/src/main/java/MovieRasterizer.java","MovieRasterizer","method","jaKKamA","int","MovieRasterizer::jaKKamA","translated"
"java-desktop/src/main/java/MovieRasterizer.java","MovieRasterizer","method","JaKKamA","int","MovieRasterizer::JaKKamA","translated"
"java-desktop/src/main/java/MovieRasterizer.java","MovieRasterizer","method","JAKkAMA","int,int","MovieRasterizer::JAKkAMA","translated"
"java-desktop/src/main/java/MovieRasterizer.java","MovieRasterizer","method","jAKKAMA","int,int,int","MovieRasterizer::jAKKAMA","translated"
"java-desktop/src/main/java/MovieRasterizer.java","MovieRasterizer","method","JAKKAmA","","MovieRasterizer::JAKKAmA","translated"
"java-desktop/src/main/java/MovieRasterizer.java","MovieRasterizer","method","jakkAMA","int,int","MovieRasterizer::jakkAMA","translated"
"java-desktop/src/main/java/MovieRasterizer.java","MovieRasterizer","method","jAkkamA","int,int,ColorModel","MovieRasterizer::jAkkamA","translated"
"java-desktop/src/main/java/MovieRasterizer.java","MovieRasterizer","method","JAkKamA","","MovieRasterizer::JAkKamA","translated"
"java-desktop/src/main/java/MovieRasterizer.java","MovieRasterizer","method","jaKKAMA","MovieTimeline,int","MovieRasterizer::jaKKAMA","translated"
"java-desktop/src/main/java/MovieRasterizer.java","MovieRasterizer","method","JaKKAMA","MovieTimeline,int","MovieRasterizer::JaKKAMA","translated"
"java-desktop/src/main/java/MovieRasterizer.java","MovieRasterizer","method","addConsumer","ImageConsumer","MovieRasterizer::addConsumer","translated"
"java-desktop/src/main/java/MovieRasterizer.java","MovieRasterizer","method","isConsumer","ImageConsumer","MovieRasterizer::isConsumer","translated"
"java-desktop/src/main/java/MovieRasterizer.java","MovieRasterizer","method","removeConsumer","ImageConsumer","MovieRasterizer::removeConsumer","translated"
"java-desktop/src/main/java/MovieRasterizer.java","MovieRasterizer","method","startProduction","ImageConsumer","MovieRasterizer::startProduction","translated"
"java-desktop/src/main/java/MovieRasterizer.java","MovieRasterizer","method","requestTopDownLeftRightResend","ImageConsumer","MovieRasterizer::requestTopDownLeftRightResend","translated"
"java-desktop/src/main/java/MovieRasterizer.java","MovieRasterizer","method","JAKKAMA","boolean","MovieRasterizer::JAKKAMA","translated"
"java-desktop/src/main/java/MovieScanlineEdge.java","MovieScanlineEdge","field","AJAkkAm","","MovieScanlineEdge::AJAkkAm","translated"
"java-desktop/src/main/java/MovieScanlineEdge.java","MovieScanlineEdge","field","aJAkkAm","","MovieScanlineEdge::aJAkkAm","translated"
"java-desktop/src/main/java/MovieScanlineEdge.java","MovieScanlineEdge","field","AjakkAm","","MovieScanlineEdge::AjakkAm","translated"
"java-desktop/src/main/java/MovieScanlineEdge.java","MovieScanlineEdge","field","ajakkAm","","MovieScanlineEdge::ajakkAm","translated"
"java-desktop/src/main/java/MovieScanlineEdge.java","MovieScanlineEdge","field","AJakkAm","","MovieScanlineEdge::AJakkAm","translated"
"java-desktop/src/main/java/MovieScanlineEdge.java","MovieScanlineEdge","field","aJakkAm","","MovieScanlineEdge::aJakkAm","translated"
"java-desktop/src/main/java/MovieScanlineEdge.java","MovieScanlineEdge","field","AjAKkAm","","MovieScanlineEdge::AjAKkAm","translated"
"java-desktop/src/main/java/MovieScanlineEdge.java","MovieScanlineEdge","field","ajAKkAm","","MovieScanlineEdge::ajAKkAm","translated"
"java-desktop/src/main/java/MovieScanlineEdge.java","MovieScanlineEdge","field","AJAKkAm","","MovieScanlineEdge::AJAKkAm","translated"
"java-desktop/src/main/java/MovieScanlineEdge.java","MovieScanlineEdge","field","aJAKkAm","","MovieScanlineEdge::aJAKkAm","translated"
"java-desktop/src/main/java/MovieScanlineEdge.java","MovieScanlineEdge","field","AjaKkAm","","MovieScanlineEdge::AjaKkAm","translated"
"java-desktop/src/main/java/MovieScanlineEdge.java","MovieScanlineEdge","field","ajaKkAm","","MovieScanlineEdge::ajaKkAm","translated"
"java-desktop/src/main/java/MovieScanlineEdge.java","MovieScanlineEdge","field","AJaKkAm","","MovieScanlineEdge::AJaKkAm","translated"
"java-desktop/src/main/java/MovieScanlineEdge.java","MovieScanlineEdge","field","aJaKkAm","","MovieScanlineEdge::aJaKkAm","translated"
"java-desktop/src/main/java/MovieScanlineEdge.java","MovieScanlineEdge","method","jaKKAmA","int","MovieScanlineEdge::jaKKAmA","translated"
"java-desktop/src/main/java/MovieScanlineEdge.java","MovieScanlineEdge","method","JaKKAmA","int","MovieScanlineEdge::JaKKAmA","translated"
"java-desktop/src/main/java/MovieScanlineEdge.java","MovieScanlineEdge","method","<init>","","MovieScanlineEdge::MovieScanlineEdge","translated"
"java-desktop/src/main/java/MovieShapeDecoder.java","MovieShapeDecoder","field","JaKKaMA","","MovieShapeDecoder::JaKKaMA","translated"
"java-desktop/src/main/java/MovieShapeDecoder.java","MovieShapeDecoder","field","jaKKaMA","","MovieShapeDecoder::jaKKaMA","translated"
"java-desktop/src/main/java/MovieShapeDecoder.java","MovieShapeDecoder","field","JAKKaMA","","MovieShapeDecoder::JAKKaMA","translated"
"java-desktop/src/main/java/MovieShapeDecoder.java","MovieShapeDecoder","field","jAKKaMA","","MovieShapeDecoder::jAKKaMA","translated"
"java-desktop/src/main/java/MovieShapeDecoder.java","MovieShapeDecoder","field","JakKaMA","","MovieShapeDecoder::JakKaMA","translated"
"java-desktop/src/main/java/MovieShapeDecoder.java","MovieShapeDecoder","field","jakKaMA","","MovieShapeDecoder::jakKaMA","translated"
"java-desktop/src/main/java/MovieShapeDecoder.java","MovieShapeDecoder","field","JAkKaMA","","MovieShapeDecoder::JAkKaMA","translated"
"java-desktop/src/main/java/MovieShapeDecoder.java","MovieShapeDecoder","field","jAkKaMA","","MovieShapeDecoder::jAkKaMA","translated"
"java-desktop/src/main/java/MovieShapeDecoder.java","MovieShapeDecoder","field","JaKkAma","","MovieShapeDecoder::JaKkAma","translated"
"java-desktop/src/main/java/MovieShapeDecoder.java","MovieShapeDecoder","field","jaKkAma","","MovieShapeDecoder::jaKkAma","translated"
"java-desktop/src/main/java/MovieShapeDecoder.java","MovieShapeDecoder","field","JAKkAma","","MovieShapeDecoder::JAKkAma","translated"
"java-desktop/src/main/java/MovieShapeDecoder.java","MovieShapeDecoder","field","jAKkAma","","MovieShapeDecoder::jAKkAma","translated"
"java-desktop/src/main/java/MovieShapeDecoder.java","MovieShapeDecoder","field","JakkAma","","MovieShapeDecoder::JakkAma","translated"
"java-desktop/src/main/java/MovieShapeDecoder.java","MovieShapeDecoder","field","jakkAma","","MovieShapeDecoder::jakkAma","translated"
"java-desktop/src/main/java/MovieShapeDecoder.java","MovieShapeDecoder","field","JAkkAma","","MovieShapeDecoder::JAkkAma","translated"
"java-desktop/src/main/java/MovieShapeDecoder.java","MovieShapeDecoder","field","jAkkAma","","MovieShapeDecoder::jAkkAma","translated"
"java-desktop/src/main/java/MovieShapeDecoder.java","MovieShapeDecoder","field","JaKKAma","","MovieShapeDecoder::JaKKAma","translated"
"java-desktop/src/main/java/MovieShapeDecoder.java","MovieShapeDecoder","field","jaKKAma","","MovieShapeDecoder::jaKKAma","translated"
"java-desktop/src/main/java/MovieShapeDecoder.java","MovieShapeDecoder","field","JAKKAma","","MovieShapeDecoder::JAKKAma","translated"
"java-desktop/src/main/java/MovieShapeDecoder.java","MovieShapeDecoder","field","jAKKAma","","MovieShapeDecoder::jAKKAma","translated"
"java-desktop/src/main/java/MovieShapeDecoder.java","MovieShapeDecoder","field","JakKAma","","MovieShapeDecoder::JakKAma","translated"
"java-desktop/src/main/java/MovieShapeDecoder.java","MovieShapeDecoder","field","jakKAma","","MovieShapeDecoder::jakKAma","translated"
"java-desktop/src/main/java/MovieShapeDecoder.java","MovieShapeDecoder","field","JAkKAma","","MovieShapeDecoder::JAkKAma","translated"
"java-desktop/src/main/java/MovieShapeDecoder.java","MovieShapeDecoder","field","jAkKAma","","MovieShapeDecoder::jAkKAma","translated"
"java-desktop/src/main/java/MovieShapeDecoder.java","MovieShapeDecoder","field","JaKkama","","MovieShapeDecoder::JaKkama","translated"
"java-desktop/src/main/java/MovieShapeDecoder.java","MovieShapeDecoder","field","jaKkama","","MovieShapeDecoder::jaKkama","translated"
"java-desktop/src/main/java/MovieShapeDecoder.java","MovieShapeDecoder","field","JAKkama","","MovieShapeDecoder::JAKkama","translated"
"java-desktop/src/main/java/MovieShapeDecoder.java","MovieShapeDecoder","field","jAKkama","","MovieShapeDecoder::jAKkama","translated"
"java-desktop/src/main/java/MovieShapeDecoder.java","MovieShapeDecoder","field","Jakkama","","MovieShapeDecoder::Jakkama","translated"
"java-desktop/src/main/java/MovieShapeDecoder.java","MovieShapeDecoder","field","jakkama","","MovieShapeDecoder::jakkama","translated"
"java-desktop/src/main/java/MovieShapeDecoder.java","MovieShapeDecoder","field","JAkkama","","MovieShapeDecoder::JAkkama","translated"
"java-desktop/src/main/java/MovieShapeDecoder.java","MovieShapeDecoder","field","jAkkama","","MovieShapeDecoder::jAkkama","translated"
"java-desktop/src/main/java/MovieShapeDecoder.java","MovieShapeDecoder","field","JaKKama","","MovieShapeDecoder::JaKKama","translated"
"java-desktop/src/main/java/MovieShapeDecoder.java","MovieShapeDecoder","field","jaKKama","","MovieShapeDecoder::jaKKama","translated"
"java-desktop/src/main/java/MovieShapeDecoder.java","MovieShapeDecoder","field","JAKKama","","MovieShapeDecoder::JAKKama","translated"
"java-desktop/src/main/java/MovieShapeDecoder.java","MovieShapeDecoder","field","jAKKama","","MovieShapeDecoder::jAKKama","translated"
"java-desktop/src/main/java/MovieShapeDecoder.java","MovieShapeDecoder","field","JakKama","","MovieShapeDecoder::JakKama","translated"
"java-desktop/src/main/java/MovieShapeDecoder.java","MovieShapeDecoder","field","jakKama","","MovieShapeDecoder::jakKama","translated"
"java-desktop/src/main/java/MovieShapeDecoder.java","MovieShapeDecoder","field","JAkKama","","MovieShapeDecoder::JAkKama","translated"
"java-desktop/src/main/java/MovieShapeDecoder.java","MovieShapeDecoder","field","jAkKama","","MovieShapeDecoder::jAkKama","translated"
"java-desktop/src/main/java/MovieShapeDecoder.java","MovieShapeDecoder","field","JaKkAMa","","MovieShapeDecoder::JaKkAMa","translated"
"java-desktop/src/main/java/MovieShapeDecoder.java","MovieShapeDecoder","field","jaKkAMa","","MovieShapeDecoder::jaKkAMa","translated"
"java-desktop/src/main/java/MovieShapeDecoder.java","MovieShapeDecoder","field","JAKkAMa","","MovieShapeDecoder::JAKkAMa","translated"
"java-desktop/src/main/java/MovieShapeDecoder.java","MovieShapeDecoder","method","<init>","MovieTimeline,int,MovieTransform,MovieColorTransform","MovieShapeDecoder::MovieShapeDecoder","translated"
"java-desktop/src/main/java/MovieShapeDecoder.java","MovieShapeDecoder","method","akKamaJ","MovieFillStyle","MovieShapeDecoder::akKamaJ","translated"
"java-desktop/src/main/java/MovieShapeDecoder.java","MovieShapeDecoder","method","akKAmaJ","","MovieShapeDecoder::akKAmaJ","translated"
"java-desktop/src/main/java/MovieShapeDecoder.java","MovieShapeDecoder","method","akkamaJ","QuadraticEdge","MovieShapeDecoder::akkamaJ","translated"
"java-desktop/src/main/java/MovieShapeDecoder.java","MovieShapeDecoder","method","AkKAmaJ","QuadraticEdge,boolean","MovieShapeDecoder::AkKAmaJ","translated"
"java-desktop/src/main/java/MovieShapeDecoder.java","MovieShapeDecoder","method","AKkamaJ","boolean","MovieShapeDecoder::AKkamaJ","translated"
"java-desktop/src/main/java/MovieShapeDecoder.java","MovieShapeDecoder","method","aKkamaJ","Point,Point","MovieShapeDecoder::aKkamaJ","translated"
"java-desktop/src/main/java/MovieShapeDecoder.java","MovieShapeDecoder","method","AkkamaJ","Point,Point,Point","MovieShapeDecoder::AkkamaJ","translated"
"java-desktop/src/main/java/MovieShapeDecoder.java","MovieShapeDecoder","method","AkkAmaJ","QuadraticEdge,Point,Point","MovieShapeDecoder::AkkAmaJ","translated"
"java-desktop/src/main/java/MovieShapeDecoder.java","MovieShapeDecoder","method","AKKamaJ","QuadraticEdge","MovieShapeDecoder::AKKamaJ","translated"
"java-desktop/src/main/java/MovieShapeDecoder.java","MovieShapeDecoder","method","aKkAmaJ","QuadraticEdge","MovieShapeDecoder::aKkAmaJ","translated"
"java-desktop/src/main/java/MovieShapeDecoder.java","MovieShapeDecoder","method","AKkAmaJ","QuadraticEdge","MovieShapeDecoder::AKkAmaJ","translated"
"java-desktop/src/main/java/MovieShapeDecoder.java","MovieShapeDecoder","method","akkAmaJ","QuadraticEdge","MovieShapeDecoder::akkAmaJ","translated"
"java-desktop/src/main/java/MovieShapeDecoder.java","MovieShapeDecoder","method","aKKamaJ","int,MovieFillStyle","MovieShapeDecoder::aKKamaJ","translated"
"java-desktop/src/main/java/MovieShapeDecoder.java","MovieShapeDecoder","method","aKKAmaJ","QuadraticEdge","MovieShapeDecoder::aKKAmaJ","translated"
"java-desktop/src/main/java/MovieShapeDecoder.java","MovieShapeDecoder","method","AKKAmaJ","","MovieShapeDecoder::AKKAmaJ","translated"
"java-desktop/src/main/java/MovieSignal.java","MovieSignal","field","signalled","","","platform-or-unused"
"java-desktop/src/main/java/MovieSignal.java","MovieSignal","method","<init>","boolean","","platform-or-unused"
"java-desktop/src/main/java/MovieSignal.java","MovieSignal","method","isSignalled","","","platform-or-unused"
"java-desktop/src/main/java/MovieSignal.java","MovieSignal","method","awaitSignal","","","platform-or-unused"
"java-desktop/src/main/java/MovieSignal.java","MovieSignal","method","awaitAndConsumeSignal","","","platform-or-unused"
"java-desktop/src/main/java/MovieSignal.java","MovieSignal","method","signal","","","platform-or-unused"
"java-desktop/src/main/java/MovieSignal.java","MovieSignal","method","clearAndGetPreviousSignal","","","platform-or-unused"
"java-desktop/src/main/java/MovieSurfaceBridge.java","MovieSurfaceBridge","field","MAjAKka","","MovieSurfaceBridge::MAjAKka","translated"
"java-desktop/src/main/java/MovieSurfaceBridge.java","MovieSurfaceBridge","field","mAjAKka","","MovieSurfaceBridge::mAjAKka","translated"
"java-desktop/src/main/java/MovieSurfaceBridge.java","MovieSurfaceBridge","field","MaJakka","","MovieSurfaceBridge::MaJakka","translated"
"java-desktop/src/main/java/MovieSurfaceBridge.java","MovieSurfaceBridge","field","maJakka","","MovieSurfaceBridge::maJakka","translated"
"java-desktop/src/main/java/MovieSurfaceBridge.java","MovieSurfaceBridge","field","MAJakka","","MovieSurfaceBridge::MAJakka","translated"
"java-desktop/src/main/java/MovieSurfaceBridge.java","MovieSurfaceBridge","field","mAJakka","","MovieSurfaceBridge::mAJakka","translated"
"java-desktop/src/main/java/MovieSurfaceBridge.java","MovieSurfaceBridge","method","majakKa","int","MovieSurfaceBridge::majakKa","native-adapter"
"java-desktop/src/main/java/MovieSurfaceBridge.java","MovieSurfaceBridge","method","MajakKa","","MovieSurfaceBridge::MajakKa","native-adapter"
"java-desktop/src/main/java/MovieSurfaceBridge.java","MovieSurfaceBridge","method","<init>","RgbSurface,InputStream","MovieSurfaceBridge::MovieSurfaceBridge","native-adapter"
"java-desktop/src/main/java/MovieSurfaceBridge.java","MovieSurfaceBridge","method","bounds","","MovieSurfaceBridge::bounds","translated"
"java-desktop/src/main/java/MovieSurfaceBridge.java","MovieSurfaceBridge","method","update","Graphics","MovieSurfaceBridge::update","translated"
"java-desktop/src/main/java/MovieSurfaceBridge.java","MovieSurfaceBridge","method","mAJakKa","Graphics","MovieSurfaceBridge::mAJakKa","translated"
"java-desktop/src/main/java/MovieSurfaceBridge.java","MovieSurfaceBridge","method","paint","Graphics","MovieSurfaceBridge::paint","translated"
"java-desktop/src/main/java/MovieSurfaceBridge.java","MovieSurfaceBridge","method","repaint","","MovieSurfaceBridge::repaint","translated"
"java-desktop/src/main/java/MovieSurfaceBridge.java","MovieSurfaceBridge","method","isShowing","","MovieSurfaceBridge::isShowing","translated"
"java-desktop/src/main/java/MovieSurfaceBridge.java","MovieSurfaceBridge","method","getGraphics","","MovieSurfaceBridge::getGraphics","translated"
"java-desktop/src/main/java/MovieSurfaceBridge.java","MovieSurfaceBridge","method","createImage","ImageProducer","MovieSurfaceBridge::createImage","translated"
"java-desktop/src/main/java/MovieSurfaceBridge.java","MovieSurfaceBridge","method","imageComplete","int","MovieSurfaceBridge::imageComplete","translated"
"java-desktop/src/main/java/MovieSurfaceBridge.java","MovieSurfaceBridge","method","setColorModel","ColorModel","MovieSurfaceBridge::setColorModel","translated"
"java-desktop/src/main/java/MovieSurfaceBridge.java","MovieSurfaceBridge","method","setDimensions","int,int","MovieSurfaceBridge::setDimensions","translated"
"java-desktop/src/main/java/MovieSurfaceBridge.java","MovieSurfaceBridge","method","setHints","int","MovieSurfaceBridge::setHints","translated"
"java-desktop/src/main/java/MovieSurfaceBridge.java","MovieSurfaceBridge","method","setPixels","int,int,int,int,ColorModel,byte[],int,int","MovieSurfaceBridge::setPixels","translated"
"java-desktop/src/main/java/MovieSurfaceBridge.java","MovieSurfaceBridge","method","setPixels","int,int,int,int,ColorModel,int[],int,int","MovieSurfaceBridge::setPixels","translated"
"java-desktop/src/main/java/MovieSurfaceBridge.java","MovieSurfaceBridge","method","setProperties","Hashtable","MovieSurfaceBridge::setProperties","translated"
"java-desktop/src/main/java/MovieTimeline.java","MovieTimeline","field","Majakka","","MovieTimeline::Majakka","translated"
"java-desktop/src/main/java/MovieTimeline.java","MovieTimeline","field","majakka","","MovieTimeline::majakka","translated"
"java-desktop/src/main/java/MovieTimeline.java","MovieTimeline","field","MAjakka","","MovieTimeline::MAjakka","translated"
"java-desktop/src/main/java/MovieTimeline.java","MovieTimeline","field","mAjakka","","MovieTimeline::mAjakka","translated"
"java-desktop/src/main/java/MovieTimeline.java","MovieTimeline","field","MaJAkka","","MovieTimeline::MaJAkka","translated"
"java-desktop/src/main/java/MovieTimeline.java","MovieTimeline","field","maJAkka","","MovieTimeline::maJAkka","translated"
"java-desktop/src/main/java/MovieTimeline.java","MovieTimeline","field","MAJAkka","","MovieTimeline::MAJAkka","translated"
"java-desktop/src/main/java/MovieTimeline.java","MovieTimeline","field","mAJAkka","","MovieTimeline::mAJAkka","translated"
"java-desktop/src/main/java/MovieTimeline.java","MovieTimeline","field","MajAkka","","MovieTimeline::MajAkka","translated"
"java-desktop/src/main/java/MovieTimeline.java","MovieTimeline","field","majAkka","","MovieTimeline::majAkka","translated"
"java-desktop/src/main/java/MovieTimeline.java","MovieTimeline","field","MAjAkka","","MovieTimeline::MAjAkka","translated"
"java-desktop/src/main/java/MovieTimeline.java","MovieTimeline","field","mAjAkka","","MovieTimeline::mAjAkka","translated"
"java-desktop/src/main/java/MovieTimeline.java","MovieTimeline","field","MaJaKKa","","MovieTimeline::MaJaKKa","translated"
"java-desktop/src/main/java/MovieTimeline.java","MovieTimeline","field","maJaKKa","","MovieTimeline::maJaKKa","translated"
"java-desktop/src/main/java/MovieTimeline.java","MovieTimeline","field","MAJaKKa","","MovieTimeline::MAJaKKa","translated"
"java-desktop/src/main/java/MovieTimeline.java","MovieTimeline","field","mAJaKKa","","MovieTimeline::mAJaKKa","translated"
"java-desktop/src/main/java/MovieTimeline.java","MovieTimeline","field","MajaKKa","","MovieTimeline::MajaKKa","translated"
"java-desktop/src/main/java/MovieTimeline.java","MovieTimeline","field","majaKKa","","MovieTimeline::majaKKa","translated"
"java-desktop/src/main/java/MovieTimeline.java","MovieTimeline","field","MAjaKKa","","MovieTimeline::MAjaKKa","translated"
"java-desktop/src/main/java/MovieTimeline.java","MovieTimeline","field","mAjaKKa","","MovieTimeline::mAjaKKa","translated"
"java-desktop/src/main/java/MovieTimeline.java","MovieTimeline","field","MaJAKKa","","MovieTimeline::MaJAKKa","translated"
"java-desktop/src/main/java/MovieTimeline.java","MovieTimeline","field","maJAKKa","","MovieTimeline::maJAKKa","translated"
"java-desktop/src/main/java/MovieTimeline.java","MovieTimeline","field","MAJAKKa","","MovieTimeline::MAJAKKa","translated"
"java-desktop/src/main/java/MovieTimeline.java","MovieTimeline","field","mAJAKKa","","MovieTimeline::mAJAKKa","translated"
"java-desktop/src/main/java/MovieTimeline.java","MovieTimeline","field","MajAKKa","","MovieTimeline::MajAKKa","translated"
"java-desktop/src/main/java/MovieTimeline.java","MovieTimeline","field","majAKKa","","MovieTimeline::majAKKa","translated"
"java-desktop/src/main/java/MovieTimeline.java","MovieTimeline","field","MAjAKKa","","MovieTimeline::MAjAKKa","translated"
"java-desktop/src/main/java/MovieTimeline.java","MovieTimeline","field","mAjAKKa","","MovieTimeline::mAjAKKa","translated"
"java-desktop/src/main/java/MovieTimeline.java","MovieTimeline","field","MaJakKa","","MovieTimeline::MaJakKa","translated"
"java-desktop/src/main/java/MovieTimeline.java","MovieTimeline","field","maJakKa","","MovieTimeline::maJakKa","translated"
"java-desktop/src/main/java/MovieTimeline.java","MovieTimeline","field","MAJakKa","","MovieTimeline::MAJakKa","translated"
"java-desktop/src/main/java/MovieTimeline.java","MovieTimeline","field","mAJakKa","","MovieTimeline::mAJakKa","translated"
"java-desktop/src/main/java/MovieTimeline.java","MovieTimeline","field","MajakKa","","MovieTimeline::MajakKa","translated"
"java-desktop/src/main/java/MovieTimeline.java","MovieTimeline","field","majakKa","","MovieTimeline::majakKa","translated"
"java-desktop/src/main/java/MovieTimeline.java","MovieTimeline","field","MAjakKa","","MovieTimeline::MAjakKa","translated"
"java-desktop/src/main/java/MovieTimeline.java","MovieTimeline","field","mAjakKa","","MovieTimeline::mAjakKa_field","translated"
"java-desktop/src/main/java/MovieTimeline.java","MovieTimeline","field","MaJAkKa","","MovieTimeline::MaJAkKa_field","translated"
"java-desktop/src/main/java/MovieTimeline.java","MovieTimeline","field","maJAkKa","","MovieTimeline::maJAkKa_field","translated"
"java-desktop/src/main/java/MovieTimeline.java","MovieTimeline","field","MAJAkKa","","MovieTimeline::MAJAkKa_field","translated"
"java-desktop/src/main/java/MovieTimeline.java","MovieTimeline","method","<init>","MoviePlayer,MovieRasterizer","MovieTimeline::MovieTimeline","translated"
"java-desktop/src/main/java/MovieTimeline.java","MovieTimeline","method","AmAjakK","","MovieTimeline::AmAjakK","translated"
"java-desktop/src/main/java/MovieTimeline.java","MovieTimeline","method","aMAjAkK","","MovieTimeline::aMAjAkK","translated"
"java-desktop/src/main/java/MovieTimeline.java","MovieTimeline","method","amAjAkK","MovieDisplayObject,int","MovieTimeline::amAjAkK","translated"
"java-desktop/src/main/java/MovieTimeline.java","MovieTimeline","method","majAkKa","int","MovieTimeline::majAkKa","translated"
"java-desktop/src/main/java/MovieTimeline.java","MovieTimeline","method","AMAjAkK","","MovieTimeline::AMAjAkK","translated"
"java-desktop/src/main/java/MovieTimeline.java","MovieTimeline","method","MAJAkKa","int","MovieTimeline::MAJAkKa","translated"
"java-desktop/src/main/java/MovieTimeline.java","MovieTimeline","method","MAjAkKa","","MovieTimeline::MAjAkKa","translated"
"java-desktop/src/main/java/MovieTimeline.java","MovieTimeline","method","MajAkKa","","MovieTimeline::MajAkKa","translated"
"java-desktop/src/main/java/MovieTimeline.java","MovieTimeline","method","mAJAkKa","","MovieTimeline::mAJAkKa","translated"
"java-desktop/src/main/java/MovieTimeline.java","MovieTimeline","method","maJAkKa","","MovieTimeline::maJAkKa","translated"
"java-desktop/src/main/java/MovieTimeline.java","MovieTimeline","method","amaJAkK","int","MovieTimeline::amaJAkK","translated"
"java-desktop/src/main/java/MovieTimeline.java","MovieTimeline","method","AmaJAkK","int","MovieTimeline::AmaJAkK","translated"
"java-desktop/src/main/java/MovieTimeline.java","MovieTimeline","method","AMAjakK","int","MovieTimeline::AMAjakK","translated"
"java-desktop/src/main/java/MovieTimeline.java","MovieTimeline","method","mAjakKa","","MovieTimeline::mAjakKa","translated"
"java-desktop/src/main/java/MovieTimeline.java","MovieTimeline","method","AmajakK","","MovieTimeline::AmajakK","translated"
"java-desktop/src/main/java/MovieTimeline.java","MovieTimeline","method","amAjakK","","MovieTimeline::amAjakK","translated"
"java-desktop/src/main/java/MovieTimeline.java","MovieTimeline","method","aMaJAkK","","MovieTimeline::aMaJAkK","translated"
"java-desktop/src/main/java/MovieTimeline.java","MovieTimeline","method","MaJAkKa","boolean","MovieTimeline::MaJAkKa","translated"
"java-desktop/src/main/java/MovieTimeline.java","MovieTimeline","method","aMajAkK","int","MovieTimeline::aMajAkK","translated"
"java-desktop/src/main/java/MovieTimeline.java","MovieTimeline","method","aMAJAkK","","MovieTimeline::aMAJAkK","translated"
"java-desktop/src/main/java/MovieTimeline.java","MovieTimeline","method","AMAJAkK","","MovieTimeline::AMAJAkK","translated"
"java-desktop/src/main/java/MovieTimeline.java","MovieTimeline","method","AMajAkK","","MovieTimeline::AMajAkK","translated"
"java-desktop/src/main/java/MovieTimeline.java","MovieTimeline","method","amajAkK","byte[],int","MovieTimeline::amajAkK","translated"
"java-desktop/src/main/java/MovieTimeline.java","MovieTimeline","method","aMAjakK","","MovieTimeline::aMAjakK","native-adapter"
"java-desktop/src/main/java/MovieTimeline.java","MovieTimeline","method","AmajAkK","int,int","MovieTimeline::AmajAkK","native-adapter"
"java-desktop/src/main/java/MovieTimeline.java","MovieTimeline","method","AMaJAkK","","MovieTimeline::AMaJAkK","translated"
"java-desktop/src/main/java/MovieTimeline.java","MovieTimeline","method","amAJAkK","int","MovieTimeline::amAJAkK","translated"
"java-desktop/src/main/java/MovieTimeline.java","MovieTimeline","method","mAjAkKa","int","MovieTimeline::mAjAkKa","translated"
"java-desktop/src/main/java/MovieTimeline.java","MovieTimeline","method","AmAjAkK","InputStream","MovieTimeline::AmAjAkK","native-adapter"
"java-desktop/src/main/java/MovieTimeline.java","MovieTimeline","method","run","","MovieTimeline::run","translated"
"java-desktop/src/main/java/MovieTimeline.java","MovieTimeline","method","AmAJAkK","","MovieTimeline::AmAJAkK","translated"
"java-desktop/src/main/java/MovieTransform.java","MovieTransform","field","ajakkAM","","MovieTransform::ajakkAM","translated"
"java-desktop/src/main/java/MovieTransform.java","MovieTransform","field","AJakkAM","","MovieTransform::AJakkAM","translated"
"java-desktop/src/main/java/MovieTransform.java","MovieTransform","field","aJakkAM","","MovieTransform::aJakkAM","translated"
"java-desktop/src/main/java/MovieTransform.java","MovieTransform","field","AjAKkAM","","MovieTransform::AjAKkAM","translated"
"java-desktop/src/main/java/MovieTransform.java","MovieTransform","field","ajAKkAM","","MovieTransform::ajAKkAM","translated"
"java-desktop/src/main/java/MovieTransform.java","MovieTransform","field","AJAKkAM","","MovieTransform::AJAKkAM","translated"
"java-desktop/src/main/java/MovieTransform.java","MovieTransform","field","aJAKkAM","","MovieTransform::aJAKkAM","translated"
"java-desktop/src/main/java/MovieTransform.java","MovieTransform","method","<init>","","MovieTransform::MovieTransform","translated"
"java-desktop/src/main/java/MovieTransform.java","MovieTransform","method","<init>","MovieTransform","MovieTransform::MovieTransform","translated"
"java-desktop/src/main/java/MovieTransform.java","MovieTransform","method","akKaMaj","Point,Point","MovieTransform::akKaMaj","translated"
"java-desktop/src/main/java/MovieTransform.java","MovieTransform","method","akkAmAJ","Point","MovieTransform::akkAmAJ","translated"
"java-desktop/src/main/java/MovieTransform.java","MovieTransform","method","aKKAmAJ","int,int","MovieTransform::aKKAmAJ","translated"
"java-desktop/src/main/java/MovieTransform.java","MovieTransform","method","AkkAmAJ","Point","MovieTransform::AkkAmAJ","translated"
"java-desktop/src/main/java/MovieTransform.java","MovieTransform","method","AKKaMaj","MovieBounds","MovieTransform::AKKaMaj","translated"
"java-desktop/src/main/java/MovieTransform.java","MovieTransform","method","AKKAmAJ","int","MovieTransform::AKKAmAJ","translated"
"java-desktop/src/main/java/MovieTransform.java","MovieTransform","method","AkkaMaj","","MovieTransform::AkkaMaj","translated"
"java-desktop/src/main/java/MovieTransform.java","MovieTransform","method","aKKaMaj","MovieTransform,MovieTransform","MovieTransform::aKKaMaj","translated"
"java-desktop/src/main/java/MovieTransform.java","MovieTransform","method","AkKaMaj","int","MovieTransform::AkKaMaj","translated"
"java-desktop/src/main/java/MovieTransform.java","MovieTransform","method","aKkAmAJ","int,int","MovieTransform::aKkAmAJ","translated"
"java-desktop/src/main/java/MovieTransform.java","MovieTransform","method","AKkAmAJ","int,int","MovieTransform::AKkAmAJ","translated"
"java-desktop/src/main/java/ObjectSortEntry.java","ObjectSortEntry","method","<init>","","ObjectSortEntry::ObjectSortEntry","translated"
"java-desktop/src/main/java/ObjectSortEntry.java","ObjectSortEntry","field","amAjaKK","","ObjectSortEntry::amAjaKK","translated"
"java-desktop/src/main/java/ObjectSortEntry.java","ObjectSortEntry","method","toString","","ObjectSortEntry::toString","translated"
"java-desktop/src/main/java/PaaScene.java","PaaScene","method","<init>","","PaaScene::PaaScene","translated"
"java-desktop/src/main/java/PaaScene.java","PaaScene","field","majAkKA","","PaaScene::majAkKA","translated"
"java-desktop/src/main/java/PaaScene.java","PaaScene","field","MAjAkKA","","PaaScene::MAjAkKA","translated"
"java-desktop/src/main/java/PaaScene.java","PaaScene","field","mAjAkKA","","PaaScene::mAjAkKA","translated"
"java-desktop/src/main/java/PaaScene.java","PaaScene","field","MaJaKka","","PaaScene::MaJaKka","translated"
"java-desktop/src/main/java/PaaScene.java","PaaScene","field","maJaKka","","PaaScene::maJaKka","translated"
"java-desktop/src/main/java/PaaScene.java","PaaScene","field","MAJaKka","","PaaScene::MAJaKka","translated"
"java-desktop/src/main/java/PaaScene.java","PaaScene","field","mAJaKka","","PaaScene::mAJaKka","translated"
"java-desktop/src/main/java/PaaScene.java","PaaScene","method","getSceneId","","PaaScene::getSceneId","translated"
"java-desktop/src/main/java/PaaScene.java","PaaScene","method","load","DesktopDemoBase","PaaScene::load","translated"
"java-desktop/src/main/java/PaaScene.java","PaaScene","method","enter","","PaaScene::enter","translated"
"java-desktop/src/main/java/PaaScene.java","PaaScene","method","dispose","","PaaScene::dispose","translated"
"java-desktop/src/main/java/PaaScene.java","PaaScene","method","render","RgbSurface,float,float","PaaScene::render","translated"
"java-desktop/src/main/java/PaaScene.java","PaaScene","method","handleMessage","String,float","PaaScene::handleMessage","translated"
"java-desktop/src/main/java/PaaScene.java","PaaScene","method","jAkKAMA","IndexedSurface,float,float,float","PaaScene::jAkKAMA","translated"
"java-desktop/src/main/java/ParticleCloudMesh.java","ParticleCloudMesh","field","AKKamaJ","","ParticleCloudMesh::AKKamaJ","translated"
"java-desktop/src/main/java/ParticleCloudMesh.java","ParticleCloudMesh","field","aKKamaJ","","ParticleCloudMesh::aKKamaJ","translated"
"java-desktop/src/main/java/ParticleCloudMesh.java","ParticleCloudMesh","field","AkkamaJ","","ParticleCloudMesh::AkkamaJ","translated"
"java-desktop/src/main/java/ParticleCloudMesh.java","ParticleCloudMesh","field","akkamaJ","","ParticleCloudMesh::akkamaJ","translated"
"java-desktop/src/main/java/ParticleCloudMesh.java","ParticleCloudMesh","field","AKkamaJ","","ParticleCloudMesh::AKkamaJ","translated"
"java-desktop/src/main/java/ParticleCloudMesh.java","ParticleCloudMesh","field","aKkamaJ","","ParticleCloudMesh::aKkamaJ","translated"
"java-desktop/src/main/java/ParticleCloudMesh.java","ParticleCloudMesh","field","AkKAmaJ","","ParticleCloudMesh::AkKAmaJ","translated"
"java-desktop/src/main/java/ParticleCloudMesh.java","ParticleCloudMesh","field","akKAmaJ","","ParticleCloudMesh::akKAmaJ","translated"
"java-desktop/src/main/java/ParticleCloudMesh.java","ParticleCloudMesh","field","AKKAmaJ","","ParticleCloudMesh::AKKAmaJ","translated"
"java-desktop/src/main/java/ParticleCloudMesh.java","ParticleCloudMesh","method","<init>","int,float","ParticleCloudMesh::ParticleCloudMesh","translated"
"java-desktop/src/main/java/ParticleCloudMesh.java","ParticleCloudMesh","method","kkAmaJA","int","ParticleCloudMesh::kkAmaJA","translated"
"java-desktop/src/main/java/ParticleCloudMesh.java","ParticleCloudMesh","method","KkAmaJA","","ParticleCloudMesh::KkAmaJA","translated"
"java-desktop/src/main/java/ParticleCloudMesh.java","ParticleCloudMesh","method","KkaMAJA","int","ParticleCloudMesh::KkaMAJA","translated"
"java-desktop/src/main/java/ParticleCloudMesh.java","ParticleCloudMesh","method","JaKkama","Camera,int","ParticleCloudMesh::JaKkama","translated"
"java-desktop/src/main/java/ParticleCloudMesh.java","ParticleCloudMesh","method","kkaMAJA","","ParticleCloudMesh::kkaMAJA","translated"
"java-desktop/src/main/java/ParticleCloudMesh.java","ParticleCloudMesh","method","kKaMAJA","Vec3f,Vec3f,float,float","ParticleCloudMesh::kKaMAJA","translated"
"java-desktop/src/main/java/ParticleCloudMesh.java","ParticleCloudMesh","method","KKaMAJA","Vec3f,float,float,float","ParticleCloudMesh::KKaMAJA","translated"
"java-desktop/src/main/java/ParticleVertex.java","ParticleVertex","field","kAmAjak","","ParticleVertex::kAmAjak","translated"
"java-desktop/src/main/java/ParticleVertex.java","ParticleVertex","method","<init>","","ParticleVertex::ParticleVertex","translated"
"java-desktop/src/main/java/ParticleVertex.java","ParticleVertex","method","<init>","float,float,float","ParticleVertex::ParticleVertex","translated"
"java-desktop/src/main/java/QuadraticEdge.java","QuadraticEdge","field","aJaKkam","","QuadraticEdge::aJaKkam","translated"
"java-desktop/src/main/java/QuadraticEdge.java","QuadraticEdge","field","AjAkKAm","","QuadraticEdge::AjAkKAm","translated"
"java-desktop/src/main/java/QuadraticEdge.java","QuadraticEdge","field","ajAkKAm","","QuadraticEdge::ajAkKAm","translated"
"java-desktop/src/main/java/QuadraticEdge.java","QuadraticEdge","field","AJAkKAm","","QuadraticEdge::AJAkKAm","translated"
"java-desktop/src/main/java/QuadraticEdge.java","QuadraticEdge","field","aJAkKAm","","QuadraticEdge::aJAkKAm","translated"
"java-desktop/src/main/java/QuadraticEdge.java","QuadraticEdge","field","AjakKAm","","QuadraticEdge::AjakKAm","translated"
"java-desktop/src/main/java/QuadraticEdge.java","QuadraticEdge","field","ajakKAm","","QuadraticEdge::ajakKAm","translated"
"java-desktop/src/main/java/QuadraticEdge.java","QuadraticEdge","method","<init>","","QuadraticEdge::QuadraticEdge","translated"
"java-desktop/src/main/java/QuadraticEdge.java","QuadraticEdge","method","<init>","QuadraticEdge","QuadraticEdge::QuadraticEdge","translated"
"java-desktop/src/main/java/QuadraticEdge.java","QuadraticEdge","method","aKkAmaj","Point,Point","QuadraticEdge::aKkAmaj","translated"
"java-desktop/src/main/java/QuadraticEdge.java","QuadraticEdge","method","aKKaMAj","Point,Point,Point","QuadraticEdge::aKKaMAj","translated"
"java-desktop/src/main/java/QuadraticEdge.java","QuadraticEdge","method","AKKaMAj","int","QuadraticEdge::AKKaMAj","translated"
"java-desktop/src/main/java/QuadraticEdge.java","QuadraticEdge","method","AkKaMAj","","QuadraticEdge::AkKaMAj","translated"
"java-desktop/src/main/java/QuadraticEdge.java","QuadraticEdge","method","akKaMAj","Point,int","QuadraticEdge::akKaMAj","translated"
"java-desktop/src/main/java/Quaternionf.java","Quaternionf","field","x","","Quaternionf::x","translated"
"java-desktop/src/main/java/Quaternionf.java","Quaternionf","field","y","","Quaternionf::y","translated"
"java-desktop/src/main/java/Quaternionf.java","Quaternionf","field","z","","Quaternionf::z","translated"
"java-desktop/src/main/java/Quaternionf.java","Quaternionf","field","w","","Quaternionf::w","translated"
"java-desktop/src/main/java/Quaternionf.java","Quaternionf","field","AJAKKAm","","Quaternionf::AJAKKAm","translated"
"java-desktop/src/main/java/Quaternionf.java","Quaternionf","method","<init>","float,float,float,float","Quaternionf::Quaternionf","translated"
"java-desktop/src/main/java/Quaternionf.java","Quaternionf","method","<init>","double,double,double,double","Quaternionf::Quaternionf","translated"
"java-desktop/src/main/java/Quaternionf.java","Quaternionf","method","<init>","Vec3f,float","Quaternionf::Quaternionf","translated"
"java-desktop/src/main/java/Quaternionf.java","Quaternionf","method","<init>","Vec3f","Quaternionf::Quaternionf","translated"
"java-desktop/src/main/java/Quaternionf.java","Quaternionf","method","<init>","Quaternionf","Quaternionf::Quaternionf","translated"
"java-desktop/src/main/java/Quaternionf.java","Quaternionf","method","<init>","","Quaternionf::Quaternionf","translated"
"java-desktop/src/main/java/Quaternionf.java","Quaternionf","method","aKkAMAj","Quaternionf","Quaternionf::aKkAMAj","translated"
"java-desktop/src/main/java/Quaternionf.java","Quaternionf","method","akkaMAj","float,float,float,float","Quaternionf::akkaMAj","translated"
"java-desktop/src/main/java/Quaternionf.java","Quaternionf","method","AKKamAj","double,double,double,double","Quaternionf::AKKamAj","translated"
"java-desktop/src/main/java/Quaternionf.java","Quaternionf","method","AkKamAj","","Quaternionf::AkKamAj","translated"
"java-desktop/src/main/java/Quaternionf.java","Quaternionf","method","AkKAmAj","float","Quaternionf::AkKAmAj","translated"
"java-desktop/src/main/java/Quaternionf.java","Quaternionf","method","AkKAMAj","","Quaternionf::AkKAMAj","translated"
"java-desktop/src/main/java/Quaternionf.java","Quaternionf","method","AkkAMAj","Quaternionf","Quaternionf::AkkAMAj","translated"
"java-desktop/src/main/java/Quaternionf.java","Quaternionf","method","AkkamAj","Quaternionf","Quaternionf::AkkamAj","translated"
"java-desktop/src/main/java/Quaternionf.java","Quaternionf","method","AkkaMAj","Quaternionf","Quaternionf::AkkaMAj","translated"
"java-desktop/src/main/java/Quaternionf.java","Quaternionf","method","akkamAj","","Quaternionf::akkamAj","translated"
"java-desktop/src/main/java/Quaternionf.java","Quaternionf","method","AKKAmAj","","Quaternionf::AKKAmAj","translated"
"java-desktop/src/main/java/Quaternionf.java","Quaternionf","method","akKAMAj","","Quaternionf::akKAMAj","translated"
"java-desktop/src/main/java/Quaternionf.java","Quaternionf","method","aKkaMAj","","Quaternionf::aKkaMAj","translated"
"java-desktop/src/main/java/Quaternionf.java","Quaternionf","method","aKKAMAj","Quaternionf","Quaternionf::aKKAMAj","translated"
"java-desktop/src/main/java/Quaternionf.java","Quaternionf","method","aKKamAj","Mat3f","Quaternionf::aKKamAj","translated"
"java-desktop/src/main/java/Quaternionf.java","Quaternionf","method","aKkamAj","Mat3f","Quaternionf::aKkamAj","translated"
"java-desktop/src/main/java/Quaternionf.java","Quaternionf","method","AKkAMAj","float,float,float,float","Quaternionf::AKkAMAj","translated"
"java-desktop/src/main/java/Quaternionf.java","Quaternionf","method","AKkaMAj","Vec3f,float","Quaternionf::AKkaMAj","translated"
"java-desktop/src/main/java/Quaternionf.java","Quaternionf","method","AKKAMAj","","Quaternionf::AKKAMAj","translated"
"java-desktop/src/main/java/Quaternionf.java","Quaternionf","method","akKAmAj","Vec3f","Quaternionf::akKAmAj","translated"
"java-desktop/src/main/java/Quaternionf.java","Quaternionf","method","AKkamAj","Mat3f","Quaternionf::AKkamAj","translated"
"java-desktop/src/main/java/Quaternionf.java","Quaternionf","method","akKamAj","Quaternionf,Quaternionf,float,float","Quaternionf::akKamAj","translated"
"java-desktop/src/main/java/Quaternionf.java","Quaternionf","method","akkAMAj","Quaternionf,Quaternionf,float,float","Quaternionf::akkAMAj","translated"
"java-desktop/src/main/java/Quaternionf.java","Quaternionf","method","toString","","Quaternionf::toString","translated"
"java-desktop/src/main/java/RadialFlareMesh.java","RadialFlareMesh","field","MAjAKKA","","RadialFlareMesh::MAjAKKA","translated"
"java-desktop/src/main/java/RadialFlareMesh.java","RadialFlareMesh","field","mAjAKKA","","RadialFlareMesh::mAjAKKA","translated"
"java-desktop/src/main/java/RadialFlareMesh.java","RadialFlareMesh","field","MaJakKA","","RadialFlareMesh::MaJakKA","translated"
"java-desktop/src/main/java/RadialFlareMesh.java","RadialFlareMesh","field","maJakKA","","RadialFlareMesh::maJakKA","translated"
"java-desktop/src/main/java/RadialFlareMesh.java","RadialFlareMesh","field","MAJakKA","","RadialFlareMesh::MAJakKA","translated"
"java-desktop/src/main/java/RadialFlareMesh.java","RadialFlareMesh","field","mAJakKA","","RadialFlareMesh::mAJakKA","translated"
"java-desktop/src/main/java/RadialFlareMesh.java","RadialFlareMesh","field","MajakKA","","RadialFlareMesh::MajakKA","translated"
"java-desktop/src/main/java/RadialFlareMesh.java","RadialFlareMesh","method","<init>","RgbSurface,IndexedSurface","RadialFlareMesh::RadialFlareMesh","translated"
"java-desktop/src/main/java/RadialFlareMesh.java","RadialFlareMesh","method","JaKkama","Camera,int","RadialFlareMesh::JaKkama","translated"
"java-desktop/src/main/java/RadialFlareMesh.java","RadialFlareMesh","method","JAKKAma","Triangle[],int","RadialFlareMesh::JAKKAma","translated"
"java-desktop/src/main/java/RadialFlareMesh.java","RadialFlareMesh","method","JAKkaMA","","RadialFlareMesh::JAKkaMA","translated"
"java-desktop/src/main/java/RenderPrimitive.java","RenderPrimitive","field","amAJAKK","","RenderPrimitive::amAJAKK","translated"
"java-desktop/src/main/java/RenderPrimitive.java","RenderPrimitive","field","AMAJAKK","","RenderPrimitive::AMAJAKK","translated"
"java-desktop/src/main/java/RenderPrimitive.java","RenderPrimitive","field","aMAJAKK","","RenderPrimitive::aMAJAKK","translated"
"java-desktop/src/main/java/RenderPrimitive.java","RenderPrimitive","field","AmaJAKK","","RenderPrimitive::AmaJAKK","translated"
"java-desktop/src/main/java/RenderPrimitive.java","RenderPrimitive","field","amaJAKK","","RenderPrimitive::amaJAKK","translated"
"java-desktop/src/main/java/RenderPrimitive.java","RenderPrimitive","field","AMaJAKK","","RenderPrimitive::AMaJAKK","translated"
"java-desktop/src/main/java/RenderPrimitive.java","RenderPrimitive","field","aMaJAKK","","RenderPrimitive::aMaJAKK","translated"
"java-desktop/src/main/java/RenderPrimitive.java","RenderPrimitive","field","AmAjaKK","","RenderPrimitive::AmAjaKK","translated"
"java-desktop/src/main/java/RenderPrimitive.java","RenderPrimitive","method","amajaKK","","RenderPrimitive::amajaKK","translated"
"java-desktop/src/main/java/RenderPrimitive.java","RenderPrimitive","method","aMAjaKK","","RenderPrimitive::aMAjaKK","translated"
"java-desktop/src/main/java/RenderPrimitive.java","RenderPrimitive","method","AmajaKK","","RenderPrimitive::AmajaKK","translated"
"java-desktop/src/main/java/RenderPrimitive.java","RenderPrimitive","method","<init>","","RenderPrimitive::RenderPrimitive","translated"
"java-desktop/src/main/java/RgbSurface.java","RgbSurface","field","AmAjakk","","RgbSurface::AmAjakk_field","translated"
"java-desktop/src/main/java/RgbSurface.java","RgbSurface","field","amAjakk","","RgbSurface::amAjakk_field","translated"
"java-desktop/src/main/java/RgbSurface.java","RgbSurface","field","AMAjakk","","RgbSurface::AMAjakk_field","translated"
"java-desktop/src/main/java/RgbSurface.java","RgbSurface","field","aMAjakk","","RgbSurface::aMAjakk_field","translated"
"java-desktop/src/main/java/RgbSurface.java","RgbSurface","field","Amajakk","","RgbSurface::Amajakk_field","translated"
"java-desktop/src/main/java/RgbSurface.java","RgbSurface","field","amajakk","","RgbSurface::amajakk_field","translated"
"java-desktop/src/main/java/RgbSurface.java","RgbSurface","field","AMajakk","","RgbSurface::AMajakk_field","translated"
"java-desktop/src/main/java/RgbSurface.java","RgbSurface","method","<init>","int,int,int[]","RgbSurface::RgbSurface","translated"
"java-desktop/src/main/java/RgbSurface.java","RgbSurface","method","<init>","int,int,int,boolean","RgbSurface::RgbSurface","translated"
"java-desktop/src/main/java/RgbSurface.java","RgbSurface","method","publishRegion","int,int,int,int","RgbSurface::publishRegion","translated"
"java-desktop/src/main/java/RgbSurface.java","RgbSurface","method","Amajakk","","RgbSurface::Amajakk","translated"
"java-desktop/src/main/java/RgbSurface.java","RgbSurface","method","AMaJAkk","int[]","RgbSurface::AMaJAkk","translated"
"java-desktop/src/main/java/RgbSurface.java","RgbSurface","method","AmAJakk","int","RgbSurface::AmAJakk","translated"
"java-desktop/src/main/java/RgbSurface.java","RgbSurface","method","AMaJakk","int,int,int","RgbSurface::AMaJakk","translated"
"java-desktop/src/main/java/RgbSurface.java","RgbSurface","method","aMaJAkk","","RgbSurface::aMaJAkk","translated"
"java-desktop/src/main/java/RgbSurface.java","RgbSurface","method","aMAjakk","int","RgbSurface::aMAjakk","translated"
"java-desktop/src/main/java/RgbSurface.java","RgbSurface","method","amajakk","int","RgbSurface::amajakk","translated"
"java-desktop/src/main/java/RgbSurface.java","RgbSurface","method","AMajakk","int","RgbSurface::AMajakk","translated"
"java-desktop/src/main/java/RgbSurface.java","RgbSurface","method","aMAJAkk","int","RgbSurface::aMAJAkk","translated"
"java-desktop/src/main/java/RgbSurface.java","RgbSurface","method","amaJakk","RgbSurface,int,int,RgbSurface,int,int,int,int,int,int,double","RgbSurface::amaJakk","translated"
"java-desktop/src/main/java/RgbSurface.java","RgbSurface","method","amAjakk","RgbSurface,int,int,RgbSurface,int,int,int,int,int,int,double,double","RgbSurface::amAjakk","translated"
"java-desktop/src/main/java/RgbSurface.java","RgbSurface","method","amaJAkk","RgbSurface,int,int","RgbSurface::amaJAkk","translated"
"java-desktop/src/main/java/RgbSurface.java","RgbSurface","method","amajAkk","RgbSurface,int,int,int,int,int,int","RgbSurface::amajAkk","translated"
"java-desktop/src/main/java/RgbSurface.java","RgbSurface","method","AmAJAkk","IndexedSurface","RgbSurface::AmAJAkk","translated"
"java-desktop/src/main/java/RgbSurface.java","RgbSurface","method","AMAjakk","IndexedSurface","RgbSurface::AMAjakk","translated"
"java-desktop/src/main/java/RgbSurface.java","RgbSurface","method","AMAJakk","RgbSurface,int,int","RgbSurface::AMAJakk","translated"
"java-desktop/src/main/java/RgbSurface.java","RgbSurface","method","amAJAkk","RgbSurface,int,int","RgbSurface::amAJAkk","translated"
"java-desktop/src/main/java/RgbSurface.java","RgbSurface","method","amAJakk","float","RgbSurface::amAJakk","translated"
"java-desktop/src/main/java/RgbSurface.java","RgbSurface","method","AmaJakk","float","RgbSurface::AmaJakk","translated"
"java-desktop/src/main/java/RgbSurface.java","RgbSurface","method","aMajAkk","","RgbSurface::aMajAkk","translated"
"java-desktop/src/main/java/RgbSurface.java","RgbSurface","method","aMAJakk","","RgbSurface::aMAJakk","translated"
"java-desktop/src/main/java/RgbSurface.java","RgbSurface","method","AMajAkk","","RgbSurface::AMajAkk","translated"
"java-desktop/src/main/java/RgbSurface.java","RgbSurface","method","AmAjakk","int","RgbSurface::AmAjakk","translated"
"java-desktop/src/main/java/RgbSurface.java","RgbSurface","method","aMajakk","int[],int[],int[]","RgbSurface::aMajakk","translated"
"java-desktop/src/main/java/RgbSurface.java","RgbSurface","method","AMAJAkk","RgbSurface,float,float,float,float","RgbSurface::AMAJAkk","translated"
"java-desktop/src/main/java/RgbSurface.java","RgbSurface","method","AmaJAkk","int,int","RgbSurface::AmaJAkk","translated"
"java-desktop/src/main/java/RgbSurfacePresenter.java","RgbSurfacePresenter","method","<init>","","RgbSurfacePresenter::RgbSurfacePresenter","translated"
"java-desktop/src/main/java/RgbSurfacePresenter.java","RgbSurfacePresenter","field","kamAJAk","","RgbSurfacePresenter::kamAJAk","translated"
"java-desktop/src/main/java/RgbSurfacePresenter.java","RgbSurfacePresenter","field","KAmAJAk","","RgbSurfacePresenter::KAmAJAk","translated"
"java-desktop/src/main/java/RgbSurfacePresenter.java","RgbSurfacePresenter","field","kAmAJAk","","RgbSurfacePresenter::kAmAJAk","translated"
"java-desktop/src/main/java/RgbSurfacePresenter.java","RgbSurfacePresenter","field","KaMajAk","","RgbSurfacePresenter::KaMajAk","translated"
"java-desktop/src/main/java/RgbSurfacePresenter.java","RgbSurfacePresenter","field","kaMajAk","","RgbSurfacePresenter::kaMajAk","translated"
"java-desktop/src/main/java/RgbSurfacePresenter.java","RgbSurfacePresenter","field","KAMajAk","","RgbSurfacePresenter::KAMajAk","translated"
"java-desktop/src/main/java/RgbSurfacePresenter.java","RgbSurfacePresenter","method","AkKaMaJ","DesktopDemoBase","RgbSurfacePresenter::AkKaMaJ","native-adapter"
"java-desktop/src/main/java/RgbSurfacePresenter.java","RgbSurfacePresenter","method","AKkaMaJ","Triangle","RgbSurfacePresenter::AKkaMaJ","translated"
"java-desktop/src/main/java/RgbSurfacePresenter.java","RgbSurfacePresenter","method","AKKaMaJ","Graphics,int,int","RgbSurfacePresenter::AKKaMaJ","native-adapter"
"java-desktop/src/main/java/RgbSurfacePresenter.java","RgbSurfacePresenter","method","aKkaMaJ","Graphics,int,int","RgbSurfacePresenter::aKkaMaJ","native-adapter"
"java-desktop/src/main/java/RgbSurfacePresenter.java","RgbSurfacePresenter","method","KaMAJAk","int","RgbSurfacePresenter::KaMAJAk","translated"
"java-desktop/src/main/java/RgbSurfacePresenter.java","RgbSurfacePresenter","method","akKaMaJ","","RgbSurfacePresenter::akKaMaJ","translated"
"java-desktop/src/main/java/RgbSurfacePresenter.java","RgbSurfacePresenter","method","kAmaJAk","int","RgbSurfacePresenter::kAmaJAk","translated"
"java-desktop/src/main/java/ScalarFieldVertex.java","ScalarFieldVertex","field","amAJAkK","","ScalarFieldVertex::amAJAkK","translated"
"java-desktop/src/main/java/ScalarFieldVertex.java","ScalarFieldVertex","method","<init>","","ScalarFieldVertex::ScalarFieldVertex","translated"
"java-desktop/src/main/java/ScalarFieldVertex.java","ScalarFieldVertex","method","<init>","float,float,float,float","ScalarFieldVertex::ScalarFieldVertex","translated"
"java-desktop/src/main/java/ScalarFieldVertex.java","ScalarFieldVertex","method","jAKKAMa","float,float,float,float","ScalarFieldVertex::jAKKAMa","translated"
"java-desktop/src/main/java/Scene.java","Scene","method","<init>","","Scene::Scene","translated"
"java-desktop/src/main/java/Scene.java","Scene","method","getSceneId","","Scene::getSceneId","translated"
"java-desktop/src/main/java/Scene.java","Scene","method","load","DesktopDemoBase","Scene::load","translated"
"java-desktop/src/main/java/Scene.java","Scene","method","enter","","Scene::enter","translated"
"java-desktop/src/main/java/Scene.java","Scene","method","dispose","","Scene::dispose","translated"
"java-desktop/src/main/java/Scene.java","Scene","method","render","RgbSurface,float,float","Scene::render","translated"
"java-desktop/src/main/java/Scene.java","Scene","method","handleMessage","String,float","Scene::handleMessage","translated"
"java-desktop/src/main/java/SceneRenderer.java","SceneRenderer","field","mAjAKkA","","SceneRenderer::mAjAKkA_field","translated"
"java-desktop/src/main/java/SceneRenderer.java","SceneRenderer","field","MaJakkA","","SceneRenderer::MaJakkA","translated"
"java-desktop/src/main/java/SceneRenderer.java","SceneRenderer","field","maJakkA","","SceneRenderer::maJakkA","translated"
"java-desktop/src/main/java/SceneRenderer.java","SceneRenderer","field","MAJakkA","","SceneRenderer::MAJakkA","translated"
"java-desktop/src/main/java/SceneRenderer.java","SceneRenderer","field","mAJakkA","","SceneRenderer::mAJakkA","translated"
"java-desktop/src/main/java/SceneRenderer.java","SceneRenderer","field","MajakkA","","SceneRenderer::MajakkA","translated"
"java-desktop/src/main/java/SceneRenderer.java","SceneRenderer","field","majakkA","","SceneRenderer::majakkA","translated"
"java-desktop/src/main/java/SceneRenderer.java","SceneRenderer","method","MAjAKkA","","SceneRenderer::MAjAKkA","translated"
"java-desktop/src/main/java/SceneRenderer.java","SceneRenderer","method","mAjAKkA","Camera,SurfacePresenter","SceneRenderer::mAjAKkA","translated"
"java-desktop/src/main/java/SceneRenderer.java","SceneRenderer","method","MajAKkA","SurfacePresenter","SceneRenderer::MajAKkA","translated"
"java-desktop/src/main/java/SceneRenderer.java","SceneRenderer","method","mAJAKkA","MeshObject","SceneRenderer::mAJAKkA","translated"
"java-desktop/src/main/java/SceneRenderer.java","SceneRenderer","method","majAKkA","float","SceneRenderer::majAKkA","translated"
"java-desktop/src/main/java/SceneRenderer.java","SceneRenderer","method","MAJAKkA","float,Camera","SceneRenderer::MAJAKkA","translated"
"java-desktop/src/main/java/SceneRenderer.java","SceneRenderer","method","<init>","","SceneRenderer::SceneRenderer","translated"
"java-desktop/src/main/java/ScheduledScriptEvent.java","ScheduledScriptEvent","field","scheduledTimeMillis","","","platform-or-unused"
"java-desktop/src/main/java/ScheduledScriptEvent.java","ScheduledScriptEvent","field","command","","","platform-or-unused"
"java-desktop/src/main/java/ScheduledScriptEvent.java","ScheduledScriptEvent","method","<init>","float,String","","platform-or-unused"
"java-desktop/src/main/java/ScheduledSongPosition.java","ScheduledSongPosition","field","position","","","platform-or-unused"
"java-desktop/src/main/java/ScheduledSongPosition.java","ScheduledSongPosition","field","timestampMillis","","","platform-or-unused"
"java-desktop/src/main/java/ScheduledSongPosition.java","ScheduledSongPosition","method","<init>","int,long","","platform-or-unused"
"java-desktop/src/main/java/ScheduledSongPosition.java","ScheduledSongPosition","method","toString","","","platform-or-unused"
"java-desktop/src/main/java/ScriptEventListener.java","ScriptEventListener","method","onScriptEvent","int,String","","platform-or-unused"
"java-desktop/src/main/java/ScriptEventScheduler.java","ScriptEventScheduler","field","eventCount","","","platform-or-unused"
"java-desktop/src/main/java/ScriptEventScheduler.java","ScriptEventScheduler","field","events","","","platform-or-unused"
"java-desktop/src/main/java/ScriptEventScheduler.java","ScriptEventScheduler","field","listener","","","platform-or-unused"
"java-desktop/src/main/java/ScriptEventScheduler.java","ScriptEventScheduler","field","nextScheduleIndex","","","platform-or-unused"
"java-desktop/src/main/java/ScriptEventScheduler.java","ScriptEventScheduler","field","nextDispatchIndex","","","platform-or-unused"
"java-desktop/src/main/java/ScriptEventScheduler.java","ScriptEventScheduler","field","MajAkKA","","","platform-or-unused"
"java-desktop/src/main/java/ScriptEventScheduler.java","ScriptEventScheduler","method","<init>","int,ScriptEventListener","","platform-or-unused"
"java-desktop/src/main/java/ScriptEventScheduler.java","ScriptEventScheduler","method","addEvent","int,String","","platform-or-unused"
"java-desktop/src/main/java/ScriptEventScheduler.java","ScriptEventScheduler","method","schedulePosition","int,long","","platform-or-unused"
"java-desktop/src/main/java/ScriptEventScheduler.java","ScriptEventScheduler","method","wakeDispatcher","","","platform-or-unused"
"java-desktop/src/main/java/ScriptEventScheduler.java","ScriptEventScheduler","method","start","","","platform-or-unused"
"java-desktop/src/main/java/ScriptEventScheduler.java","ScriptEventScheduler","method","run","","","platform-or-unused"
"java-desktop/src/main/java/SmoothedFrameTimer.java","SmoothedFrameTimer","field","sampleCount","","SmoothedFrameTimer::sampleCount","translated"
"java-desktop/src/main/java/SmoothedFrameTimer.java","SmoothedFrameTimer","field","timestamps","","SmoothedFrameTimer::timestamps","translated"
"java-desktop/src/main/java/SmoothedFrameTimer.java","SmoothedFrameTimer","field","elapsedMillis","","SmoothedFrameTimer::elapsedMillis","translated"
"java-desktop/src/main/java/SmoothedFrameTimer.java","SmoothedFrameTimer","field","originMillis","","SmoothedFrameTimer::originMillis","translated"
"java-desktop/src/main/java/SmoothedFrameTimer.java","SmoothedFrameTimer","field","initialFrameMillis","","SmoothedFrameTimer::initialFrameMillis","translated"
"java-desktop/src/main/java/SmoothedFrameTimer.java","SmoothedFrameTimer","method","<init>","int","SmoothedFrameTimer::SmoothedFrameTimer","translated"
"java-desktop/src/main/java/SmoothedFrameTimer.java","SmoothedFrameTimer","method","<init>","int,int","SmoothedFrameTimer::SmoothedFrameTimer","translated"
"java-desktop/src/main/java/SmoothedFrameTimer.java","SmoothedFrameTimer","method","reset","","SmoothedFrameTimer::reset","translated"
"java-desktop/src/main/java/SmoothedFrameTimer.java","SmoothedFrameTimer","method","resetWithFrameDuration","long","SmoothedFrameTimer::resetWithFrameDuration","translated"
"java-desktop/src/main/java/SmoothedFrameTimer.java","SmoothedFrameTimer","method","getElapsedMillis","","SmoothedFrameTimer::getElapsedMillis","translated"
"java-desktop/src/main/java/SmoothedFrameTimer.java","SmoothedFrameTimer","method","recordFrame","","SmoothedFrameTimer::recordFrame","translated"
"java-desktop/src/main/java/SmoothedFrameTimer.java","SmoothedFrameTimer","method","getAverageFrameMillis","","SmoothedFrameTimer::getAverageFrameMillis","translated"
"java-desktop/src/main/java/SoftwareImageSurface.java","SoftwareImageSurface","field","consumer","","","platform-or-unused"
"java-desktop/src/main/java/SoftwareImageSurface.java","SoftwareImageSurface","field","image","","","platform-or-unused"
"java-desktop/src/main/java/SoftwareImageSurface.java","SoftwareImageSurface","field","colorModel","","","platform-or-unused"
"java-desktop/src/main/java/SoftwareImageSurface.java","SoftwareImageSurface","field","width","","","platform-or-unused"
"java-desktop/src/main/java/SoftwareImageSurface.java","SoftwareImageSurface","field","height","","","platform-or-unused"
"java-desktop/src/main/java/SoftwareImageSurface.java","SoftwareImageSurface","method","<init>","int,int","","platform-or-unused"
"java-desktop/src/main/java/SoftwareImageSurface.java","SoftwareImageSurface","method","addConsumer","ImageConsumer","","platform-or-unused"
"java-desktop/src/main/java/SoftwareImageSurface.java","SoftwareImageSurface","method","isConsumer","ImageConsumer","","platform-or-unused"
"java-desktop/src/main/java/SoftwareImageSurface.java","SoftwareImageSurface","method","removeConsumer","ImageConsumer","","platform-or-unused"
"java-desktop/src/main/java/SoftwareImageSurface.java","SoftwareImageSurface","method","requestTopDownLeftRightResend","ImageConsumer","","platform-or-unused"
"java-desktop/src/main/java/SoftwareImageSurface.java","SoftwareImageSurface","method","startProduction","ImageConsumer","","platform-or-unused"
"java-desktop/src/main/java/SoftwareImageSurface.java","SoftwareImageSurface","method","publishFrame","","","platform-or-unused"
"java-desktop/src/main/java/SoftwareImageSurface.java","SoftwareImageSurface","method","publishRegion","int,int,int,int","","platform-or-unused"
"java-desktop/src/main/java/SoftwareImageSurface.java","SoftwareImageSurface","method","drawImage","Graphics,int,int","","platform-or-unused"
"java-desktop/src/main/java/SoftwareImageSurface.java","SoftwareImageSurface","method","drawScaledImage","Graphics,int,int,int,int","","platform-or-unused"
"java-desktop/src/main/java/SoftwareImageSurface.java","SoftwareImageSurface","method","setImageEnabled","boolean","","platform-or-unused"
"java-desktop/src/main/java/SongPositionQueue.java","SongPositionQueue","field","events","","","platform-or-unused"
"java-desktop/src/main/java/SongPositionQueue.java","SongPositionQueue","method","publish","int,long","","platform-or-unused"
"java-desktop/src/main/java/SongPositionQueue.java","SongPositionQueue","method","awaitAndSleepUntil","int","","platform-or-unused"
"java-desktop/src/main/java/SongPositionQueue.java","SongPositionQueue","method","hasReached","int,int","","platform-or-unused"
"java-desktop/src/main/java/SongPositionQueue.java","SongPositionQueue","method","awaitPosition","int","","platform-or-unused"
"java-desktop/src/main/java/SongPositionQueue.java","SongPositionQueue","method","dump","","","platform-or-unused"
"java-desktop/src/main/java/SongPositionQueue.java","SongPositionQueue","method","<init>","","","platform-or-unused"
"java-desktop/src/main/java/SortableItem.java","SortableItem","method","<init>","","SortableItem::SortableItem","translated"
"java-desktop/src/main/java/SortableItem.java","SortableItem","field","sortKey","","SortableItem::sortKey","translated"
"java-desktop/src/main/java/SplineTrack.java","SplineTrack","field","AJAKkaM","","SplineTrack::AJAKkaM","translated"
"java-desktop/src/main/java/SplineTrack.java","SplineTrack","field","aJAKkaM","","SplineTrack::aJAKkaM","translated"
"java-desktop/src/main/java/SplineTrack.java","SplineTrack","field","AjaKkaM","","SplineTrack::AjaKkaM","translated"
"java-desktop/src/main/java/SplineTrack.java","SplineTrack","field","ajaKkaM","","SplineTrack::ajaKkaM","translated"
"java-desktop/src/main/java/SplineTrack.java","SplineTrack","field","AJaKkaM","","SplineTrack::AJaKkaM","translated"
"java-desktop/src/main/java/SplineTrack.java","SplineTrack","field","aJaKkaM","","SplineTrack::aJaKkaM","translated"
"java-desktop/src/main/java/SplineTrack.java","SplineTrack","field","AjAkKAM","","SplineTrack::AjAkKAM","translated"
"java-desktop/src/main/java/SplineTrack.java","SplineTrack","field","ajAkKAM","","SplineTrack::ajAkKAM","translated"
"java-desktop/src/main/java/SplineTrack.java","SplineTrack","field","AJAkKAM","","SplineTrack::AJAkKAM","translated"
"java-desktop/src/main/java/SplineTrack.java","SplineTrack","field","aJAkKAM","","SplineTrack::aJAkKAM","translated"
"java-desktop/src/main/java/SplineTrack.java","SplineTrack","field","AjakKAM","","SplineTrack::AjakKAM","translated"
"java-desktop/src/main/java/SplineTrack.java","SplineTrack","field","ajakKAM","","SplineTrack::ajakKAM","translated"
"java-desktop/src/main/java/SplineTrack.java","SplineTrack","field","AJakKAM","","SplineTrack::AJakKAM","translated"
"java-desktop/src/main/java/SplineTrack.java","SplineTrack","field","aJakKAM","","SplineTrack::aJakKAM","translated"
"java-desktop/src/main/java/SplineTrack.java","SplineTrack","field","AjAKKAM","","SplineTrack::AjAKKAM","translated"
"java-desktop/src/main/java/SplineTrack.java","SplineTrack","field","ajAKKAM","","SplineTrack::ajAKKAM","translated"
"java-desktop/src/main/java/SplineTrack.java","SplineTrack","field","AJAKKAM","","SplineTrack::AJAKKAM","translated"
"java-desktop/src/main/java/SplineTrack.java","SplineTrack","field","aJAKKAM","","SplineTrack::aJAKKAM","translated"
"java-desktop/src/main/java/SplineTrack.java","SplineTrack","field","AjaKKAM","","SplineTrack::AjaKKAM","translated"
"java-desktop/src/main/java/SplineTrack.java","SplineTrack","field","ajaKKAM","","SplineTrack::ajaKKAM","translated"
"java-desktop/src/main/java/SplineTrack.java","SplineTrack","field","AJaKKAM","","SplineTrack::AJaKKAM","translated"
"java-desktop/src/main/java/SplineTrack.java","SplineTrack","field","aJaKKAM","","SplineTrack::aJaKKAM","translated"
"java-desktop/src/main/java/SplineTrack.java","SplineTrack","field","AjAkkAM","","SplineTrack::AjAkkAM","translated"
"java-desktop/src/main/java/SplineTrack.java","SplineTrack","field","ajAkkAM","","SplineTrack::ajAkkAM","translated"
"java-desktop/src/main/java/SplineTrack.java","SplineTrack","field","AJAkkAM","","SplineTrack::AJAkkAM","translated"
"java-desktop/src/main/java/SplineTrack.java","SplineTrack","method","<init>","TrackKeyframe[],int,int","SplineTrack::SplineTrack","translated"
"java-desktop/src/main/java/SplineTrack.java","SplineTrack","method","akkamAJ","int","SplineTrack::akkamAJ","translated"
"java-desktop/src/main/java/SplineTrack.java","SplineTrack","method","AkkamAJ","int","SplineTrack::AkkamAJ","translated"
"java-desktop/src/main/java/SplineTrack.java","SplineTrack","method","AKKamAJ","","SplineTrack::AKKamAJ","translated"
"java-desktop/src/main/java/SplineTrack.java","SplineTrack","method","AKkamAJ","TrackKeyframe,TrackKeyframe,TrackKeyframe,int","SplineTrack::AKkamAJ","translated"
"java-desktop/src/main/java/SplineTrack.java","SplineTrack","method","aKKamAJ","float","SplineTrack::aKKamAJ","translated"
"java-desktop/src/main/java/StartupTunerCanvas.java","StartupTunerCanvas","field","aJAKKaM","","","platform-or-unused"
"java-desktop/src/main/java/StartupTunerCanvas.java","StartupTunerCanvas","field","AjaKKaM","","","platform-or-unused"
"java-desktop/src/main/java/StartupTunerCanvas.java","StartupTunerCanvas","field","ajaKKaM","","","platform-or-unused"
"java-desktop/src/main/java/StartupTunerCanvas.java","StartupTunerCanvas","field","AJaKKaM","","","platform-or-unused"
"java-desktop/src/main/java/StartupTunerCanvas.java","StartupTunerCanvas","field","aJaKKaM","","","platform-or-unused"
"java-desktop/src/main/java/StartupTunerCanvas.java","StartupTunerCanvas","field","AjAkkaM","","","platform-or-unused"
"java-desktop/src/main/java/StartupTunerCanvas.java","StartupTunerCanvas","field","ajAkkaM","","","platform-or-unused"
"java-desktop/src/main/java/StartupTunerCanvas.java","StartupTunerCanvas","field","AJAkkaM","","","platform-or-unused"
"java-desktop/src/main/java/StartupTunerCanvas.java","StartupTunerCanvas","field","aJAkkaM","","","platform-or-unused"
"java-desktop/src/main/java/StartupTunerCanvas.java","StartupTunerCanvas","field","AjakkaM","","","platform-or-unused"
"java-desktop/src/main/java/StartupTunerCanvas.java","StartupTunerCanvas","field","ajakkaM","","","platform-or-unused"
"java-desktop/src/main/java/StartupTunerCanvas.java","StartupTunerCanvas","field","AJakkaM","","","platform-or-unused"
"java-desktop/src/main/java/StartupTunerCanvas.java","StartupTunerCanvas","field","aJakkaM","","","platform-or-unused"
"java-desktop/src/main/java/StartupTunerCanvas.java","StartupTunerCanvas","field","AjAKkaM","","","platform-or-unused"
"java-desktop/src/main/java/StartupTunerCanvas.java","StartupTunerCanvas","field","ajAKkaM","","","platform-or-unused"
"java-desktop/src/main/java/StartupTunerCanvas.java","StartupTunerCanvas","method","<init>","boolean,boolean","","platform-or-unused"
"java-desktop/src/main/java/StartupTunerCanvas.java","StartupTunerCanvas","method","AkkAMAJ","","","platform-or-unused"
"java-desktop/src/main/java/StartupTunerCanvas.java","StartupTunerCanvas","method","aKkAMAJ","","","platform-or-unused"
"java-desktop/src/main/java/StartupTunerCanvas.java","StartupTunerCanvas","method","AKkAMAJ","long","","platform-or-unused"
"java-desktop/src/main/java/StartupTunerCanvas.java","StartupTunerCanvas","method","paint","Graphics","","platform-or-unused"
"java-desktop/src/main/java/StartupTunerCanvas.java","StartupTunerCanvas","method","run","","","platform-or-unused"
"java-desktop/src/main/java/StartupTunerCanvas.java","StartupTunerCanvas","method","akKamAJ","","","platform-or-unused"
"java-desktop/src/main/java/StartupTunerCanvas.java","StartupTunerCanvas","method","AkKamAJ","","","platform-or-unused"
"java-desktop/src/main/java/StartupTunerCanvas.java","StartupTunerCanvas","method","akkAMAJ","int[],int,int,int,int,int,int,int","","platform-or-unused"
"java-desktop/src/main/java/desktop/audio/StreamAudioPlayer.java","StreamAudioPlayer","method","<init>","","","platform-or-unused"
"java-desktop/src/main/java/desktop/audio/StreamAudioPlayer.java","StreamAudioPlayer","field","player","","","platform-or-unused"
"java-desktop/src/main/java/desktop/audio/StreamAudioPlayer.java","StreamAudioPlayer","field","lines","","","platform-or-unused"
"java-desktop/src/main/java/desktop/audio/StreamAudioPlayer.java","StreamAudioPlayer","method","start","InputStream","","platform-or-unused"
"java-desktop/src/main/java/desktop/audio/StreamAudioPlayer.java","StreamAudioPlayer","method","stop","InputStream","","platform-or-unused"
"java-desktop/src/main/java/SurfacePresenter.java","SurfacePresenter","method","<init>","","SurfacePresenter::SurfacePresenter","translated"
"java-desktop/src/main/java/SurfacePresenter.java","SurfacePresenter","field","jAkkamA","","SurfacePresenter::jAkkamA","translated"
"java-desktop/src/main/java/SurfacePresenter.java","SurfacePresenter","field","JaKKamA","","SurfacePresenter::JaKKamA","translated"
"java-desktop/src/main/java/SurfacePresenter.java","SurfacePresenter","field","jaKKamA","","SurfacePresenter::jaKKamA","translated"
"java-desktop/src/main/java/SurfacePresenter.java","SurfacePresenter","field","JAKKamA","","SurfacePresenter::JAKKamA","translated"
"java-desktop/src/main/java/SurfacePresenter.java","SurfacePresenter","field","jAKKamA","","SurfacePresenter::jAKKamA","translated"
"java-desktop/src/main/java/SurfacePresenter.java","SurfacePresenter","field","JakKamA","","SurfacePresenter::JakKamA","translated"
"java-desktop/src/main/java/SurfacePresenter.java","SurfacePresenter","field","jakKamA","","SurfacePresenter::jakKamA","translated"
"java-desktop/src/main/java/SurfacePresenter.java","SurfacePresenter","field","JAkKamA","","SurfacePresenter::JAkKamA","translated"
"java-desktop/src/main/java/SurfacePresenter.java","SurfacePresenter","field","jAkKamA","","SurfacePresenter::jAkKamA","translated"
"java-desktop/src/main/java/SurfacePresenter.java","SurfacePresenter","field","JaKkAMA","","SurfacePresenter::JaKkAMA","translated"
"java-desktop/src/main/java/SurfacePresenter.java","SurfacePresenter","field","jaKkAMA","","SurfacePresenter::jaKkAMA","translated"
"java-desktop/src/main/java/SurfacePresenter.java","SurfacePresenter","field","JAKkAMA","","SurfacePresenter::JAKkAMA","translated"
"java-desktop/src/main/java/SurfacePresenter.java","SurfacePresenter","field","jAKkAMA","","SurfacePresenter::jAKkAMA","translated"
"java-desktop/src/main/java/SurfacePresenter.java","SurfacePresenter","field","JakkAMA","","SurfacePresenter::JakkAMA","translated"
"java-desktop/src/main/java/SurfacePresenter.java","SurfacePresenter","field","jakkAMA","","SurfacePresenter::jakkAMA","translated"
"java-desktop/src/main/java/SurfacePresenter.java","SurfacePresenter","field","JAkkAMA","","SurfacePresenter::JAkkAMA","translated"
"java-desktop/src/main/java/SurfacePresenter.java","SurfacePresenter","field","jAkkAMA","","SurfacePresenter::jAkkAMA","translated"
"java-desktop/src/main/java/SurfacePresenter.java","SurfacePresenter","field","JaKKAMA","","SurfacePresenter::JaKKAMA","translated"
"java-desktop/src/main/java/SurfacePresenter.java","SurfacePresenter","field","jaKKAMA","","SurfacePresenter::jaKKAMA","translated"
"java-desktop/src/main/java/SurfacePresenter.java","SurfacePresenter","field","JAKKAMA","","SurfacePresenter::JAKKAMA","translated"
"java-desktop/src/main/java/SurfacePresenter.java","SurfacePresenter","field","jAKKAMA","","SurfacePresenter::jAKKAMA","translated"
"java-desktop/src/main/java/SurfacePresenter.java","SurfacePresenter","method","akkaMaJ","DesktopDemoBase,int,int","SurfacePresenter::akkaMaJ","translated"
"java-desktop/src/main/java/SurfacePresenter.java","SurfacePresenter","method","kKaMaJa","DesktopDemoBase,int,int,int","SurfacePresenter::kKaMaJa","translated"
"java-desktop/src/main/java/SurfacePresenter.java","SurfacePresenter","method","KKaMaJa","DesktopDemoBase,int,int,int,int","SurfacePresenter::KKaMaJa","translated"
"java-desktop/src/main/java/SurfacePresenter.java","SurfacePresenter","method","aKKaMaJ","Graphics,int,int","SurfacePresenter::aKKaMaJ","native-adapter"
"java-desktop/src/main/java/SurfacePresenter.java","SurfacePresenter","method","AkkaMaJ","Triangle[],int","SurfacePresenter::AkkaMaJ","translated"
"java-desktop/src/main/java/SurfacePresenter.java","SurfacePresenter","method","AkKaMaJ","DesktopDemoBase","SurfacePresenter::AkKaMaJ","translated"
"java-desktop/src/main/java/SurfacePresenter.java","SurfacePresenter","method","AKKaMaJ","Graphics,int,int","SurfacePresenter::AKKaMaJ","translated"
"java-desktop/src/main/java/SurfacePresenter.java","SurfacePresenter","method","aKkaMaJ","Graphics,int,int","SurfacePresenter::aKkaMaJ","translated"
"java-desktop/src/main/java/SurfacePresenter.java","SurfacePresenter","method","AKkaMaJ","Triangle","SurfacePresenter::AKkaMaJ","translated"
"java-desktop/src/main/java/SurfacePresenter.java","SurfacePresenter","method","akKaMaJ","","SurfacePresenter::akKaMaJ","translated"
"java-desktop/src/main/java/TexturedTriangleRasterizer.java","TexturedTriangleRasterizer","field","mAJAkKa","","TexturedTriangleRasterizer::mAJAkKa","translated"
"java-desktop/src/main/java/TexturedTriangleRasterizer.java","TexturedTriangleRasterizer","field","MajAkKa","","TexturedTriangleRasterizer::MajAkKa","translated"
"java-desktop/src/main/java/TexturedTriangleRasterizer.java","TexturedTriangleRasterizer","field","majAkKa","","TexturedTriangleRasterizer::majAkKa","translated"
"java-desktop/src/main/java/TexturedTriangleRasterizer.java","TexturedTriangleRasterizer","field","MAjAkKa","","TexturedTriangleRasterizer::MAjAkKa","translated"
"java-desktop/src/main/java/TexturedTriangleRasterizer.java","TexturedTriangleRasterizer","field","mAjAkKa","","TexturedTriangleRasterizer::mAjAkKa","translated"
"java-desktop/src/main/java/TexturedTriangleRasterizer.java","TexturedTriangleRasterizer","field","AmAjAkK","","TexturedTriangleRasterizer::AmAjAkK","translated"
"java-desktop/src/main/java/TexturedTriangleRasterizer.java","TexturedTriangleRasterizer","field","amAjAkK","","TexturedTriangleRasterizer::amAjAkK","translated"
"java-desktop/src/main/java/TexturedTriangleRasterizer.java","TexturedTriangleRasterizer","field","AMAjAkK","","TexturedTriangleRasterizer::AMAjAkK","translated"
"java-desktop/src/main/java/TexturedTriangleRasterizer.java","TexturedTriangleRasterizer","field","aMAjAkK","","TexturedTriangleRasterizer::aMAjAkK","translated"
"java-desktop/src/main/java/TexturedTriangleRasterizer.java","TexturedTriangleRasterizer","field","AmajAkK","","TexturedTriangleRasterizer::AmajAkK","translated"
"java-desktop/src/main/java/TexturedTriangleRasterizer.java","TexturedTriangleRasterizer","field","amajAkK","","TexturedTriangleRasterizer::amajAkK","translated"
"java-desktop/src/main/java/TexturedTriangleRasterizer.java","TexturedTriangleRasterizer","field","AMajAkK","","TexturedTriangleRasterizer::AMajAkK","translated"
"java-desktop/src/main/java/TexturedTriangleRasterizer.java","TexturedTriangleRasterizer","field","aMajAkK","","TexturedTriangleRasterizer::aMajAkK","translated"
"java-desktop/src/main/java/TexturedTriangleRasterizer.java","TexturedTriangleRasterizer","field","AmAJAkK","","TexturedTriangleRasterizer::AmAJAkK","translated"
"java-desktop/src/main/java/TexturedTriangleRasterizer.java","TexturedTriangleRasterizer","field","amAJAkK","","TexturedTriangleRasterizer::amAJAkK","translated"
"java-desktop/src/main/java/TexturedTriangleRasterizer.java","TexturedTriangleRasterizer","field","AMAJAkK","","TexturedTriangleRasterizer::AMAJAkK","translated"
"java-desktop/src/main/java/TexturedTriangleRasterizer.java","TexturedTriangleRasterizer","field","aMAJAkK","","TexturedTriangleRasterizer::aMAJAkK","translated"
"java-desktop/src/main/java/TexturedTriangleRasterizer.java","TexturedTriangleRasterizer","field","AmaJAkK","","TexturedTriangleRasterizer::AmaJAkK","translated"
"java-desktop/src/main/java/TexturedTriangleRasterizer.java","TexturedTriangleRasterizer","field","amaJAkK","","TexturedTriangleRasterizer::amaJAkK","translated"
"java-desktop/src/main/java/TexturedTriangleRasterizer.java","TexturedTriangleRasterizer","field","AMaJAkK","","TexturedTriangleRasterizer::AMaJAkK","translated"
"java-desktop/src/main/java/TexturedTriangleRasterizer.java","TexturedTriangleRasterizer","field","aMaJAkK","","TexturedTriangleRasterizer::aMaJAkK","translated"
"java-desktop/src/main/java/TexturedTriangleRasterizer.java","TexturedTriangleRasterizer","field","AmAjakK","","TexturedTriangleRasterizer::AmAjakK","translated"
"java-desktop/src/main/java/TexturedTriangleRasterizer.java","TexturedTriangleRasterizer","field","amAjakK","","TexturedTriangleRasterizer::amAjakK","translated"
"java-desktop/src/main/java/TexturedTriangleRasterizer.java","TexturedTriangleRasterizer","field","AMAjakK","","TexturedTriangleRasterizer::AMAjakK","translated"
"java-desktop/src/main/java/TexturedTriangleRasterizer.java","TexturedTriangleRasterizer","field","aMAjakK","","TexturedTriangleRasterizer::aMAjakK","translated"
"java-desktop/src/main/java/TexturedTriangleRasterizer.java","TexturedTriangleRasterizer","field","AmajakK","","TexturedTriangleRasterizer::AmajakK","translated"
"java-desktop/src/main/java/TexturedTriangleRasterizer.java","TexturedTriangleRasterizer","field","amajakK","","TexturedTriangleRasterizer::amajakK_field","translated"
"java-desktop/src/main/java/TexturedTriangleRasterizer.java","TexturedTriangleRasterizer","field","AMajakK","","TexturedTriangleRasterizer::AMajakK_field","translated"
"java-desktop/src/main/java/TexturedTriangleRasterizer.java","TexturedTriangleRasterizer","field","aMajakK","","TexturedTriangleRasterizer::aMajakK_field","translated"
"java-desktop/src/main/java/TexturedTriangleRasterizer.java","TexturedTriangleRasterizer","field","AmAJakK","","TexturedTriangleRasterizer::AmAJakK_field","translated"
"java-desktop/src/main/java/TexturedTriangleRasterizer.java","TexturedTriangleRasterizer","field","amAJakK","","TexturedTriangleRasterizer::amAJakK_field","translated"
"java-desktop/src/main/java/TexturedTriangleRasterizer.java","TexturedTriangleRasterizer","field","AMAJakK","","TexturedTriangleRasterizer::AMAJakK_field","translated"
"java-desktop/src/main/java/TexturedTriangleRasterizer.java","TexturedTriangleRasterizer","field","aMAJakK","","TexturedTriangleRasterizer::aMAJakK_field","translated"
"java-desktop/src/main/java/TexturedTriangleRasterizer.java","TexturedTriangleRasterizer","field","AmaJakK","","TexturedTriangleRasterizer::AmaJakK_field","translated"
"java-desktop/src/main/java/TexturedTriangleRasterizer.java","TexturedTriangleRasterizer","method","AmAJakK","float","TexturedTriangleRasterizer::AmAJakK","translated"
"java-desktop/src/main/java/TexturedTriangleRasterizer.java","TexturedTriangleRasterizer","method","aMAjAKK","float","TexturedTriangleRasterizer::aMAjAKK","translated"
"java-desktop/src/main/java/TexturedTriangleRasterizer.java","TexturedTriangleRasterizer","method","aMaJakK","double","TexturedTriangleRasterizer::aMaJakK","translated"
"java-desktop/src/main/java/TexturedTriangleRasterizer.java","TexturedTriangleRasterizer","method","AMaJakK","float","TexturedTriangleRasterizer::AMaJakK","translated"
"java-desktop/src/main/java/TexturedTriangleRasterizer.java","TexturedTriangleRasterizer","method","<init>","RgbSurface","TexturedTriangleRasterizer::TexturedTriangleRasterizer","translated"
"java-desktop/src/main/java/TexturedTriangleRasterizer.java","TexturedTriangleRasterizer","method","amAjAKK","Triangle","TexturedTriangleRasterizer::amAjAKK","translated"
"java-desktop/src/main/java/TexturedTriangleRasterizer.java","TexturedTriangleRasterizer","method","aMajakK","Triangle,int,int","TexturedTriangleRasterizer::aMajakK","translated"
"java-desktop/src/main/java/TexturedTriangleRasterizer.java","TexturedTriangleRasterizer","method","amAJakK","int,int","TexturedTriangleRasterizer::amAJakK","translated"
"java-desktop/src/main/java/TexturedTriangleRasterizer.java","TexturedTriangleRasterizer","method","aMAJakK","int,int","TexturedTriangleRasterizer::aMAJakK","translated"
"java-desktop/src/main/java/TexturedTriangleRasterizer.java","TexturedTriangleRasterizer","method","AmajAKK","int,int","TexturedTriangleRasterizer::AmajAKK","translated"
"java-desktop/src/main/java/TexturedTriangleRasterizer.java","TexturedTriangleRasterizer","method","AmaJakK","int,int","TexturedTriangleRasterizer::AmaJakK","translated"
"java-desktop/src/main/java/TexturedTriangleRasterizer.java","TexturedTriangleRasterizer","method","amaJakK","int,int","TexturedTriangleRasterizer::amaJakK","translated"
"java-desktop/src/main/java/TexturedTriangleRasterizer.java","TexturedTriangleRasterizer","method","AmAjAKK","int,int","TexturedTriangleRasterizer::AmAjAKK","translated"
"java-desktop/src/main/java/TexturedTriangleRasterizer.java","TexturedTriangleRasterizer","method","AMAJakK","int,int","TexturedTriangleRasterizer::AMAJakK","translated"
"java-desktop/src/main/java/TexturedTriangleRasterizer.java","TexturedTriangleRasterizer","method","AMAjAKK","int,int","TexturedTriangleRasterizer::AMAjAKK","translated"
"java-desktop/src/main/java/TexturedTriangleRasterizer.java","TexturedTriangleRasterizer","method","amajakK","int,int","TexturedTriangleRasterizer::amajakK","translated"
"java-desktop/src/main/java/TexturedTriangleRasterizer.java","TexturedTriangleRasterizer","method","AMajakK","int,int","TexturedTriangleRasterizer::AMajakK","translated"
"java-desktop/src/main/java/TrackKeyframe.java","TrackKeyframe","field","MaJAkkA","","TrackKeyframe::MaJAkkA","translated"
"java-desktop/src/main/java/TrackKeyframe.java","TrackKeyframe","field","maJAkkA","","TrackKeyframe::maJAkkA","translated"
"java-desktop/src/main/java/TrackKeyframe.java","TrackKeyframe","field","MAJAkkA","","TrackKeyframe::MAJAkkA","translated"
"java-desktop/src/main/java/TrackKeyframe.java","TrackKeyframe","field","mAJAkkA","","TrackKeyframe::mAJAkkA","translated"
"java-desktop/src/main/java/TrackKeyframe.java","TrackKeyframe","field","MajAkkA","","TrackKeyframe::MajAkkA","translated"
"java-desktop/src/main/java/TrackKeyframe.java","TrackKeyframe","field","majAkkA","","TrackKeyframe::majAkkA","translated"
"java-desktop/src/main/java/TrackKeyframe.java","TrackKeyframe","field","MAjAkkA","","TrackKeyframe::MAjAkkA","translated"
"java-desktop/src/main/java/TrackKeyframe.java","TrackKeyframe","field","mAjAkkA","","TrackKeyframe::mAjAkkA","translated"
"java-desktop/src/main/java/TrackKeyframe.java","TrackKeyframe","field","MaJaKKA","","TrackKeyframe::MaJaKKA","translated"
"java-desktop/src/main/java/TrackKeyframe.java","TrackKeyframe","field","maJaKKA","","TrackKeyframe::maJaKKA","translated"
"java-desktop/src/main/java/TrackKeyframe.java","TrackKeyframe","field","MAJaKKA","","TrackKeyframe::MAJaKKA","translated"
"java-desktop/src/main/java/TrackKeyframe.java","TrackKeyframe","method","<init>","float,float,float,float,float[]","TrackKeyframe::TrackKeyframe","translated"
"java-desktop/src/main/java/TrackKeyframe.java","TrackKeyframe","method","<init>","float,TrackKeyframe","TrackKeyframe::TrackKeyframe","translated"
"java-desktop/src/main/java/TrackKeyframe.java","TrackKeyframe","method","<init>","TrackKeyframe","TrackKeyframe::TrackKeyframe","translated"
"java-desktop/src/main/java/TrackKeyframe.java","TrackKeyframe","method","<init>","float,float,float,float,float","TrackKeyframe::TrackKeyframe","translated"
"java-desktop/src/main/java/TrackKeyframe.java","TrackKeyframe","method","<init>","float,float,float,float,float,float","TrackKeyframe::TrackKeyframe","translated"
"java-desktop/src/main/java/TrackKeyframe.java","TrackKeyframe","method","<init>","float,float,float,float,float,float,float","TrackKeyframe::TrackKeyframe","translated"
"java-desktop/src/main/java/TrackKeyframe.java","TrackKeyframe","method","<init>","float,float,float,float,float,float,float,float","TrackKeyframe::TrackKeyframe","translated"
"java-desktop/src/main/java/TrackKeyframe.java","TrackKeyframe","method","<init>","float,float,float,float,Quaternionf","TrackKeyframe::TrackKeyframe","translated"
"java-desktop/src/main/java/TrackKeyframe.java","TrackKeyframe","method","<init>","float,float,float,float,Quaternionf[]","TrackKeyframe::TrackKeyframe","translated"
"java-desktop/src/main/java/TravScene.java","TravScene","method","<init>","","TravScene::TravScene","translated"
"java-desktop/src/main/java/TravScene.java","TravScene","field","MaJaKkA","","TravScene::MaJaKkA_field","translated"
"java-desktop/src/main/java/TravScene.java","TravScene","field","maJaKkA","","TravScene::maJaKkA","translated"
"java-desktop/src/main/java/TravScene.java","TravScene","field","MAJaKkA","","TravScene::MAJaKkA","translated"
"java-desktop/src/main/java/TravScene.java","TravScene","field","mAJaKkA","","TravScene::mAJaKkA","translated"
"java-desktop/src/main/java/TravScene.java","TravScene","field","MajaKkA","","TravScene::MajaKkA","translated"
"java-desktop/src/main/java/TravScene.java","TravScene","field","majaKkA","","TravScene::majaKkA","translated"
"java-desktop/src/main/java/TravScene.java","TravScene","field","MAjaKkA","","TravScene::MAjaKkA","translated"
"java-desktop/src/main/java/TravScene.java","TravScene","method","getSceneId","","TravScene::getSceneId","translated"
"java-desktop/src/main/java/TravScene.java","TravScene","method","dispose","","TravScene::dispose","translated"
"java-desktop/src/main/java/TravScene.java","TravScene","method","load","DesktopDemoBase","TravScene::load","translated"
"java-desktop/src/main/java/TravScene.java","TravScene","method","render","RgbSurface,float,float","TravScene::render","translated"
"java-desktop/src/main/java/TravScene.java","TravScene","method","handleMessage","String,float","TravScene::handleMessage","translated"
"java-desktop/src/main/java/TravScene.java","TravScene","method","MaJaKkA","IndexedSurface,float,float,float","TravScene::MaJaKkA","translated"
"java-desktop/src/main/java/Triangle.java","Triangle","field","amAJAkk","","Triangle::amAJAkk","translated"
"java-desktop/src/main/java/Triangle.java","Triangle","field","AMAJAkk","","Triangle::AMAJAkk","translated"
"java-desktop/src/main/java/Triangle.java","Triangle","field","aMAJAkk","","Triangle::aMAJAkk","translated"
"java-desktop/src/main/java/Triangle.java","Triangle","field","AmaJAkk","","Triangle::AmaJAkk","translated"
"java-desktop/src/main/java/Triangle.java","Triangle","field","amaJAkk","","Triangle::amaJAkk","translated"
"java-desktop/src/main/java/Triangle.java","Triangle","field","AMaJAkk","","Triangle::AMaJAkk","translated"
"java-desktop/src/main/java/Triangle.java","Triangle","field","aMaJAkk","","Triangle::aMaJAkk","translated"
"java-desktop/src/main/java/Triangle.java","Triangle","method","<init>","MeshObject,int,int,int","Triangle::Triangle","translated"
"java-desktop/src/main/java/Triangle.java","Triangle","method","<init>","MeshObject,int,int,int,int,int,int","Triangle::Triangle","translated"
"java-desktop/src/main/java/Triangle.java","Triangle","method","<init>","Vertex,Vertex,Vertex","Triangle::Triangle","translated"
"java-desktop/src/main/java/Triangle.java","Triangle","method","<init>","Vertex,Vertex,Vertex,UvCoord,UvCoord,UvCoord","Triangle::Triangle","translated"
"java-desktop/src/main/java/Triangle.java","Triangle","method","<init>","Triangle","Triangle::Triangle","translated"
"java-desktop/src/main/java/Triangle.java","Triangle","method","<init>","Triangle,Vertex,Vertex,Vertex","Triangle::Triangle","translated"
"java-desktop/src/main/java/Triangle.java","Triangle","method","<init>","Triangle,Vertex,Vertex,Vertex,UvCoord,UvCoord,UvCoord","Triangle::Triangle","translated"
"java-desktop/src/main/java/Triangle.java","Triangle","method","AmajAkk","Triangle","Triangle::AmajAkk","translated"
"java-desktop/src/main/java/Triangle.java","Triangle","method","aMAjaKK","","Triangle::aMAjaKK","translated"
"java-desktop/src/main/java/Triangle.java","Triangle","method","amajaKK","","Triangle::amajaKK","translated"
"java-desktop/src/main/java/Triangle.java","Triangle","method","AmajaKK","","Triangle::AmajaKK","translated"
"java-desktop/src/main/java/TunerLine.java","TunerLine","field","kamajak","","","platform-or-unused"
"java-desktop/src/main/java/TunerLine.java","TunerLine","field","KAmajak","","","platform-or-unused"
"java-desktop/src/main/java/TunerLine.java","TunerLine","field","kAmajak","","","platform-or-unused"
"java-desktop/src/main/java/TunerLine.java","TunerLine","field","KaMAjak","","","platform-or-unused"
"java-desktop/src/main/java/TunerLine.java","TunerLine","field","kaMAjak","","","platform-or-unused"
"java-desktop/src/main/java/TunerLine.java","TunerLine","method","<init>","String,int,int,Color,Font","","platform-or-unused"
"java-desktop/src/main/java/TunerLine.java","TunerLine","method","<init>","String,int,int","","platform-or-unused"
"java-desktop/src/main/java/TunerLine.java","TunerLine","method","<init>","Color,Font","","platform-or-unused"
"java-desktop/src/main/java/TunerLine.java","TunerLine","method","KAmajak","Graphics","","platform-or-unused"
"java-desktop/src/main/java/muhmu/hifi/device/ULaw.java","ULaw","method","<init>","","","platform-or-unused"
"java-desktop/src/main/java/muhmu/hifi/device/ULaw.java","ULaw","field","sizeROR","","","platform-or-unused"
"java-desktop/src/main/java/muhmu/hifi/device/ULaw.java","ULaw","field","size","","","platform-or-unused"
"java-desktop/src/main/java/muhmu/hifi/device/ULaw.java","ULaw","field","ROR2","","","platform-or-unused"
"java-desktop/src/main/java/muhmu/hifi/device/ULaw.java","ULaw","field","encodingTable","","","platform-or-unused"
"java-desktop/src/main/java/muhmu/hifi/device/ULaw.java","ULaw","field","encodingTable_base","","","platform-or-unused"
"java-desktop/src/main/java/muhmu/hifi/device/ULaw.java","ULaw","field","ULAW_BIAS","","","platform-or-unused"
"java-desktop/src/main/java/muhmu/hifi/device/ULaw.java","ULaw","field","ULAW_CLIP","","","platform-or-unused"
"java-desktop/src/main/java/muhmu/hifi/device/ULaw.java","ULaw","field","ULAW_LUT","","","platform-or-unused"
"java-desktop/src/main/java/muhmu/hifi/device/ULaw.java","ULaw","method","initEncodingTable","","","platform-or-unused"
"java-desktop/src/main/java/muhmu/hifi/device/ULaw.java","ULaw","method","encodeBlock","int[],int,byte[],int,int","","platform-or-unused"
"java-desktop/src/main/java/muhmu/hifi/device/ULaw.java","ULaw","method","encode","int","","platform-or-unused"
"java-desktop/src/main/java/UvCoord.java","UvCoord","field","u","","UvCoord::u","translated"
"java-desktop/src/main/java/UvCoord.java","UvCoord","field","v","","UvCoord::v","translated"
"java-desktop/src/main/java/UvCoord.java","UvCoord","method","<init>","","UvCoord::UvCoord","translated"
"java-desktop/src/main/java/UvCoord.java","UvCoord","method","<init>","UvCoord","UvCoord::UvCoord","translated"
"java-desktop/src/main/java/UvCoord.java","UvCoord","method","<init>","float,float","UvCoord::UvCoord","translated"
"java-desktop/src/main/java/UvCoord.java","UvCoord","method","<init>","double,double","UvCoord::UvCoord","translated"
"java-desktop/src/main/java/UvCoord.java","UvCoord","method","set","UvCoord","UvCoord::set","translated"
"java-desktop/src/main/java/UvCoord.java","UvCoord","method","set","float,float","UvCoord::set","translated"
"java-desktop/src/main/java/UvCoord.java","UvCoord","method","set","double,double","UvCoord::set","translated"
"java-desktop/src/main/java/Vec3d.java","Vec3d","field","mAjaKka","","Vec3d::mAjaKka","translated"
"java-desktop/src/main/java/Vec3d.java","Vec3d","field","MaJAKka","","Vec3d::MaJAKka","translated"
"java-desktop/src/main/java/Vec3d.java","Vec3d","field","maJAKka","","Vec3d::maJAKka","translated"
"java-desktop/src/main/java/Vec3d.java","Vec3d","field","MAJAKka","","Vec3d::MAJAKka","translated"
"java-desktop/src/main/java/Vec3d.java","Vec3d","field","x","","Vec3d::x","translated"
"java-desktop/src/main/java/Vec3d.java","Vec3d","field","y","","Vec3d::y","translated"
"java-desktop/src/main/java/Vec3d.java","Vec3d","field","z","","Vec3d::z","translated"
"java-desktop/src/main/java/Vec3d.java","Vec3d","method","<init>","","Vec3d::Vec3d","translated"
"java-desktop/src/main/java/Vec3d.java","Vec3d","method","<init>","Vec3d","Vec3d::Vec3d","translated"
"java-desktop/src/main/java/Vec3d.java","Vec3d","method","<init>","double,double,double","Vec3d::Vec3d","translated"
"java-desktop/src/main/java/Vec3d.java","Vec3d","method","mAjAKKa","Vec3d","Vec3d::mAjAKKa","translated"
"java-desktop/src/main/java/Vec3d.java","Vec3d","method","majaKKa","double,double,double","Vec3d::majaKKa","translated"
"java-desktop/src/main/java/Vec3d.java","Vec3d","method","maJakKa","double","Vec3d::maJakKa","translated"
"java-desktop/src/main/java/Vec3d.java","Vec3d","method","mAjaKKa","Vec3d","Vec3d::mAjaKKa","translated"
"java-desktop/src/main/java/Vec3d.java","Vec3d","method","MaJaKKa","","Vec3d::MaJaKKa","translated"
"java-desktop/src/main/java/Vec3d.java","Vec3d","method","MaJAKKa","","Vec3d::MaJAKKa","translated"
"java-desktop/src/main/java/Vec3d.java","Vec3d","method","MAJAkka","","Vec3d::MAJAkka","translated"
"java-desktop/src/main/java/Vec3d.java","Vec3d","method","maJAkka","","Vec3d::maJAkka","translated"
"java-desktop/src/main/java/Vec3d.java","Vec3d","method","MaJAkka","","Vec3d::MaJAkka","translated"
"java-desktop/src/main/java/Vec3d.java","Vec3d","method","MaJakka","","Vec3d::MaJakka","translated"
"java-desktop/src/main/java/Vec3d.java","Vec3d","method","maJakka","Vec3d","Vec3d::maJakka","translated"
"java-desktop/src/main/java/Vec3d.java","Vec3d","method","MAJaKKa","Vec3d","Vec3d::MAJaKKa","translated"
"java-desktop/src/main/java/Vec3d.java","Vec3d","method","MAjAKKa","double,double,double","Vec3d::MAjAKKa","translated"
"java-desktop/src/main/java/Vec3d.java","Vec3d","method","mAJAkka","double,double,double","Vec3d::mAJAkka","translated"
"java-desktop/src/main/java/Vec3d.java","Vec3d","method","Majakka","double","Vec3d::Majakka","translated"
"java-desktop/src/main/java/Vec3d.java","Vec3d","method","MAJAKKa","double","Vec3d::MAJAKKa","translated"
"java-desktop/src/main/java/Vec3d.java","Vec3d","method","MajAkka","Vec3d","Vec3d::MajAkka","translated"
"java-desktop/src/main/java/Vec3d.java","Vec3d","method","majAKka","double,double,double","Vec3d::majAKka","translated"
"java-desktop/src/main/java/Vec3d.java","Vec3d","method","majAKKa","Vec3d","Vec3d::majAKKa","translated"
"java-desktop/src/main/java/Vec3d.java","Vec3d","method","mAjAKka","","Vec3d::mAjAKka","translated"
"java-desktop/src/main/java/Vec3d.java","Vec3d","method","MajAKka","double","Vec3d::MajAKka","translated"
"java-desktop/src/main/java/Vec3d.java","Vec3d","method","maJaKKa","double","Vec3d::maJaKKa","translated"
"java-desktop/src/main/java/Vec3d.java","Vec3d","method","MAJakka","double","Vec3d::MAJakka","translated"
"java-desktop/src/main/java/Vec3d.java","Vec3d","method","MAjAKka","Vec3d","Vec3d::MAjAKka","translated"
"java-desktop/src/main/java/Vec3d.java","Vec3d","method","MajAKKa","double,double,double","Vec3d::MajAKKa","translated"
"java-desktop/src/main/java/Vec3d.java","Vec3d","method","maJAKKa","Vec3d","Vec3d::maJAKKa","translated"
"java-desktop/src/main/java/Vec3d.java","Vec3d","method","mAjakka","Vec3d","Vec3d::mAjakka","translated"
"java-desktop/src/main/java/Vec3d.java","Vec3d","method","MAJakKa","double,double,double","Vec3d::MAJakKa","translated"
"java-desktop/src/main/java/Vec3d.java","Vec3d","method","MAjAkka","double,double,double","Vec3d::MAjAkka","translated"
"java-desktop/src/main/java/Vec3d.java","Vec3d","method","majakka","","Vec3d::majakka","translated"
"java-desktop/src/main/java/Vec3d.java","Vec3d","method","MaJakKa","double","Vec3d::MaJakKa","translated"
"java-desktop/src/main/java/Vec3d.java","Vec3d","method","mAjAkka","double","Vec3d::mAjAkka","translated"
"java-desktop/src/main/java/Vec3d.java","Vec3d","method","majAkka","Vec3d","Vec3d::majAkka","translated"
"java-desktop/src/main/java/Vec3d.java","Vec3d","method","mAJAKKa","Vec3d","Vec3d::mAJAKKa","translated"
"java-desktop/src/main/java/Vec3d.java","Vec3d","method","MAjakka","","Vec3d::MAjakka","translated"
"java-desktop/src/main/java/Vec3d.java","Vec3d","method","MAjaKKa","double","Vec3d::MAjaKKa","translated"
"java-desktop/src/main/java/Vec3d.java","Vec3d","method","MajaKKa","double","Vec3d::MajaKKa","translated"
"java-desktop/src/main/java/Vec3d.java","Vec3d","method","mAJaKKa","double","Vec3d::mAJaKKa","translated"
"java-desktop/src/main/java/Vec3d.java","Vec3d","method","mAJAKka","Vec3d","Vec3d::mAJAKka","translated"
"java-desktop/src/main/java/Vec3d.java","Vec3d","method","mAJakka","double,double,double","Vec3d::mAJakka","translated"
"java-desktop/src/main/java/Vec3d.java","Vec3d","method","toString","","Vec3d::toString","translated"
"java-desktop/src/main/java/Vec3f.java","Vec3f","field","MaJaKka","","Vec3f::MaJaKka_field","translated"
"java-desktop/src/main/java/Vec3f.java","Vec3f","field","maJaKka","","Vec3f::maJaKka_field","translated"
"java-desktop/src/main/java/Vec3f.java","Vec3f","field","MAJaKka","","Vec3f::MAJaKka_field","translated"
"java-desktop/src/main/java/Vec3f.java","Vec3f","field","mAJaKka","","Vec3f::mAJaKka_field","translated"
"java-desktop/src/main/java/Vec3f.java","Vec3f","field","x","","Vec3f::x","translated"
"java-desktop/src/main/java/Vec3f.java","Vec3f","field","y","","Vec3f::y","translated"
"java-desktop/src/main/java/Vec3f.java","Vec3f","field","z","","Vec3f::z","translated"
"java-desktop/src/main/java/Vec3f.java","Vec3f","method","<init>","","Vec3f::Vec3f","translated"
"java-desktop/src/main/java/Vec3f.java","Vec3f","method","<init>","Vec3f","Vec3f::Vec3f","translated"
"java-desktop/src/main/java/Vec3f.java","Vec3f","method","<init>","float,float,float","Vec3f::Vec3f","translated"
"java-desktop/src/main/java/Vec3f.java","Vec3f","method","<init>","double,double,double","Vec3f::Vec3f","translated"
"java-desktop/src/main/java/Vec3f.java","Vec3f","method","MAJAkKA","Vec3f","Vec3f::MAJAkKA","translated"
"java-desktop/src/main/java/Vec3f.java","Vec3f","method","mAJaKka","float,float,float","Vec3f::mAJaKka","translated"
"java-desktop/src/main/java/Vec3f.java","Vec3f","method","MajAkKA","double,double,double","Vec3f::MajAkKA","translated"
"java-desktop/src/main/java/Vec3f.java","Vec3f","method","mAJAKKA","float","Vec3f::mAJAKKA","translated"
"java-desktop/src/main/java/Vec3f.java","Vec3f","method","mAjaKka","double","Vec3f::mAjaKka","translated"
"java-desktop/src/main/java/Vec3f.java","Vec3f","method","MaJakKA","Vec3f","Vec3f::MaJakKA","translated"
"java-desktop/src/main/java/Vec3f.java","Vec3f","method","maJAKka","","Vec3f::maJAKka","translated"
"java-desktop/src/main/java/Vec3f.java","Vec3f","method","maJAKKA","","Vec3f::maJAKKA","translated"
"java-desktop/src/main/java/Vec3f.java","Vec3f","method","MAJaKka","","Vec3f::MAJaKka","translated"
"java-desktop/src/main/java/Vec3f.java","Vec3f","method","maJaKka","","Vec3f::maJaKka","translated"
"java-desktop/src/main/java/Vec3f.java","Vec3f","method","MAjAkKA","","Vec3f::MAjAkKA","translated"
"java-desktop/src/main/java/Vec3f.java","Vec3f","method","MAJAKKA","","Vec3f::MAJAKKA","translated"
"java-desktop/src/main/java/Vec3f.java","Vec3f","method","MaJaKka","Vec3f","Vec3f::MaJaKka","translated"
"java-desktop/src/main/java/Vec3f.java","Vec3f","method","MajAKKA","Vec3f","Vec3f::MajAKKA","translated"
"java-desktop/src/main/java/Vec3f.java","Vec3f","method","MajaKKA","float,float,float","Vec3f::MajaKKA","translated"
"java-desktop/src/main/java/Vec3f.java","Vec3f","method","MAjakKA","float,float,float","Vec3f::MAjakKA","translated"
"java-desktop/src/main/java/Vec3f.java","Vec3f","method","mAjakKA","float","Vec3f::mAjakKA","translated"
"java-desktop/src/main/java/Vec3f.java","Vec3f","method","mAJaKKA","float","Vec3f::mAJaKKA","translated"
"java-desktop/src/main/java/Vec3f.java","Vec3f","method","MAJAKka","Vec3f","Vec3f::MAJAKka","translated"
"java-desktop/src/main/java/Vec3f.java","Vec3f","method","mAjAKKA","float,float,float","Vec3f::mAjAKKA","translated"
"java-desktop/src/main/java/Vec3f.java","Vec3f","method","MaJAkKA","Vec3f","Vec3f::MaJAkKA","translated"
"java-desktop/src/main/java/Vec3f.java","Vec3f","method","MaJAKKA","","Vec3f::MaJAKKA","translated"
"java-desktop/src/main/java/Vec3f.java","Vec3f","method","majAKKA","float","Vec3f::majAKKA","translated"
"java-desktop/src/main/java/Vec3f.java","Vec3f","method","MajaKka","float","Vec3f::MajaKka","translated"
"java-desktop/src/main/java/Vec3f.java","Vec3f","method","majakKA","float","Vec3f::majakKA","translated"
"java-desktop/src/main/java/Vec3f.java","Vec3f","method","majAkKA","Vec3f","Vec3f::majAkKA","translated"
"java-desktop/src/main/java/Vec3f.java","Vec3f","method","MAJaKKA","float,float,float","Vec3f::MAJaKKA","translated"
"java-desktop/src/main/java/Vec3f.java","Vec3f","method","mAjAkKA","Vec3f","Vec3f::mAjAkKA","translated"
"java-desktop/src/main/java/Vec3f.java","Vec3f","method","MAJakKA","Vec3f","Vec3f::MAJakKA","translated"
"java-desktop/src/main/java/Vec3f.java","Vec3f","method","mAJakKA","float,float,float","Vec3f::mAJakKA","translated"
"java-desktop/src/main/java/Vec3f.java","Vec3f","method","MAjaKka","float,float,float","Vec3f::MAjaKka","translated"
"java-desktop/src/main/java/Vec3f.java","Vec3f","method","MAjAKKA","","Vec3f::MAjAKKA","translated"
"java-desktop/src/main/java/Vec3f.java","Vec3f","method","MajakKA","float","Vec3f::MajakKA","translated"
"java-desktop/src/main/java/Vec3f.java","Vec3f","method","MaJAKka","float","Vec3f::MaJAKka","translated"
"java-desktop/src/main/java/Vec3f.java","Vec3f","method","maJAkKA","Vec3f","Vec3f::maJAkKA","translated"
"java-desktop/src/main/java/Vec3f.java","Vec3f","method","majaKka","Vec3f","Vec3f::majaKka","translated"
"java-desktop/src/main/java/Vec3f.java","Vec3f","method","maJakKA","","Vec3f::maJakKA","translated"
"java-desktop/src/main/java/Vec3f.java","Vec3f","method","mAjaKKA","float","Vec3f::mAjaKKA","translated"
"java-desktop/src/main/java/Vec3f.java","Vec3f","method","MAjaKKA","float","Vec3f::MAjaKKA","translated"
"java-desktop/src/main/java/Vec3f.java","Vec3f","method","majaKKA","float","Vec3f::majaKKA","translated"
"java-desktop/src/main/java/Vec3f.java","Vec3f","method","maJaKKA","Vec3f","Vec3f::maJaKKA","translated"
"java-desktop/src/main/java/Vec3f.java","Vec3f","method","mAJAkKA","float,float,float","Vec3f::mAJAkKA","translated"
"java-desktop/src/main/java/Vec3f.java","Vec3f","method","toString","","Vec3f::toString","translated"
"java-desktop/src/main/java/VehjeScene.java","VehjeScene","method","<init>","","VehjeScene::VehjeScene","translated"
"java-desktop/src/main/java/VehjeScene.java","VehjeScene","field","mAJaKKA","","VehjeScene::mAJaKKA","translated"
"java-desktop/src/main/java/VehjeScene.java","VehjeScene","field","MajaKKA","","VehjeScene::MajaKKA","translated"
"java-desktop/src/main/java/VehjeScene.java","VehjeScene","field","majaKKA","","VehjeScene::majaKKA","translated"
"java-desktop/src/main/java/VehjeScene.java","VehjeScene","field","MAjaKKA","","VehjeScene::MAjaKKA","translated"
"java-desktop/src/main/java/VehjeScene.java","VehjeScene","field","mAjaKKA","","VehjeScene::mAjaKKA","translated"
"java-desktop/src/main/java/VehjeScene.java","VehjeScene","method","getSceneId","","VehjeScene::getSceneId","translated"
"java-desktop/src/main/java/VehjeScene.java","VehjeScene","method","dispose","","VehjeScene::dispose","translated"
"java-desktop/src/main/java/VehjeScene.java","VehjeScene","method","load","DesktopDemoBase","VehjeScene::load","translated"
"java-desktop/src/main/java/VehjeScene.java","VehjeScene","method","render","RgbSurface,float,float","VehjeScene::render","translated"
"java-desktop/src/main/java/VehjeScene.java","VehjeScene","method","handleMessage","String,float","VehjeScene::handleMessage","translated"
"java-desktop/src/main/java/Vertex.java","Vertex","field","kAmaJAK","","Vertex::kAmaJAK","translated"
"java-desktop/src/main/java/Vertex.java","Vertex","field","KaMAJAK","","Vertex::KaMAJAK","translated"
"java-desktop/src/main/java/Vertex.java","Vertex","field","kaMAJAK","","Vertex::kaMAJAK","translated"
"java-desktop/src/main/java/Vertex.java","Vertex","field","KAMAJAK","","Vertex::KAMAJAK","translated"
"java-desktop/src/main/java/Vertex.java","Vertex","field","kAMAJAK","","Vertex::kAMAJAK","translated"
"java-desktop/src/main/java/Vertex.java","Vertex","field","KamAJAK","","Vertex::KamAJAK","translated"
"java-desktop/src/main/java/Vertex.java","Vertex","field","kamAJAK","","Vertex::kamAJAK","translated"
"java-desktop/src/main/java/Vertex.java","Vertex","field","KAmAJAK","","Vertex::KAmAJAK","translated"
"java-desktop/src/main/java/Vertex.java","Vertex","field","kAmAJAK","","Vertex::kAmAJAK","translated"
"java-desktop/src/main/java/Vertex.java","Vertex","field","KaMajAK","","Vertex::KaMajAK","translated"
"java-desktop/src/main/java/Vertex.java","Vertex","field","kaMajAK","","Vertex::kaMajAK","translated"
"java-desktop/src/main/java/Vertex.java","Vertex","field","KAMajAK","","Vertex::KAMajAK","translated"
"java-desktop/src/main/java/Vertex.java","Vertex","field","kAMajAK","","Vertex::kAMajAK","translated"
"java-desktop/src/main/java/Vertex.java","Vertex","field","KamajAK","","Vertex::KamajAK","translated"
"java-desktop/src/main/java/Vertex.java","Vertex","field","kamajAK","","Vertex::kamajAK","translated"
"java-desktop/src/main/java/Vertex.java","Vertex","field","KAmajAK","","Vertex::KAmajAK","translated"
"java-desktop/src/main/java/Vertex.java","Vertex","field","kAmajAK","","Vertex::kAmajAK","translated"
"java-desktop/src/main/java/Vertex.java","Vertex","field","KaMAjAK","","Vertex::KaMAjAK","translated"
"java-desktop/src/main/java/Vertex.java","Vertex","field","kaMAjAK","","Vertex::kaMAjAK","translated"
"java-desktop/src/main/java/Vertex.java","Vertex","field","KAMAjAK","","Vertex::KAMAjAK","translated"
"java-desktop/src/main/java/Vertex.java","Vertex","field","kAMAjAK","","Vertex::kAMAjAK","translated"
"java-desktop/src/main/java/Vertex.java","Vertex","field","KamAjAK","","Vertex::KamAjAK","translated"
"java-desktop/src/main/java/Vertex.java","Vertex","method","<init>","","Vertex::Vertex","translated"
"java-desktop/src/main/java/Vertex.java","Vertex","method","<init>","float,float,float","Vertex::Vertex","translated"
"java-desktop/src/main/java/Vertex.java","Vertex","method","<init>","double,double,double","Vertex::Vertex","translated"
"java-desktop/src/main/java/Vertex.java","Vertex","method","<init>","Vertex","Vertex::Vertex","translated"
"java-desktop/src/main/java/Vertex.java","Vertex","method","KAMajak","float,float","Vertex::KAMajak","translated"
"java-desktop/src/main/java/Vertex.java","Vertex","method","kAMajak","float,float,float","Vertex::kAMajak","translated"
"java-desktop/src/main/java/Vertex.java","Vertex","method","kaMajak","Vertex","Vertex::kaMajak","translated"
"java-desktop/src/main/java/ViewFrustum.java","ViewFrustum","field","KkaMaja","","ViewFrustum::KkaMaja","translated"
"java-desktop/src/main/java/ViewFrustum.java","ViewFrustum","field","kkaMaja","","ViewFrustum::kkaMaja","translated"
"java-desktop/src/main/java/ViewFrustum.java","ViewFrustum","field","KKaMaja","","ViewFrustum::KKaMaja","translated"
"java-desktop/src/main/java/ViewFrustum.java","ViewFrustum","field","kKaMaja","","ViewFrustum::kKaMaja","translated"
"java-desktop/src/main/java/ViewFrustum.java","ViewFrustum","field","KkAmAJa","","ViewFrustum::KkAmAJa","translated"
"java-desktop/src/main/java/ViewFrustum.java","ViewFrustum","field","kkAmAJa","","ViewFrustum::kkAmAJa","translated"
"java-desktop/src/main/java/ViewFrustum.java","ViewFrustum","field","KKAmAJa","","ViewFrustum::KKAmAJa","translated"
"java-desktop/src/main/java/ViewFrustum.java","ViewFrustum","field","kKAmAJa","","ViewFrustum::kKAmAJa","translated"
"java-desktop/src/main/java/ViewFrustum.java","ViewFrustum","field","KkamAJa","","ViewFrustum::KkamAJa","translated"
"java-desktop/src/main/java/ViewFrustum.java","ViewFrustum","field","kkamAJa","","ViewFrustum::kkamAJa","translated"
"java-desktop/src/main/java/ViewFrustum.java","ViewFrustum","field","KKamAJa","","ViewFrustum::KKamAJa","translated"
"java-desktop/src/main/java/ViewFrustum.java","ViewFrustum","field","kKamAJa","","ViewFrustum::kKamAJa","translated"
"java-desktop/src/main/java/ViewFrustum.java","ViewFrustum","method","kKAMajA","Camera,MeshObject","ViewFrustum::kKAMajA","translated"
"java-desktop/src/main/java/ViewFrustum.java","ViewFrustum","method","KKAMajA","Vec3f","ViewFrustum::KKAMajA","translated"
"java-desktop/src/main/java/ViewFrustum.java","ViewFrustum","method","KkaMajA","MeshObject","ViewFrustum::KkaMajA","translated"
"java-desktop/src/main/java/ViewFrustum.java","ViewFrustum","method","<init>","","ViewFrustum::ViewFrustum","translated"
"java-desktop/src/main/java/WireframeMesh.java","WireframeMesh","field","aJAkkAM","","WireframeMesh::aJAkkAM","translated"
"java-desktop/src/main/java/WireframeMesh.java","WireframeMesh","field","AjakkAM","","WireframeMesh::AjakkAM","translated"
"java-desktop/src/main/java/WireframeMesh.java","WireframeMesh","method","<init>","","WireframeMesh::WireframeMesh","translated"
"java-desktop/src/main/java/WireframeMesh.java","WireframeMesh","method","<init>","MeshObject","WireframeMesh::WireframeMesh","translated"
"java-desktop/src/main/java/WireframeMesh.java","WireframeMesh","method","AkKAmAJ","","WireframeMesh::AkKAmAJ","translated"
"java-desktop/src/main/java/WireframeMesh.java","WireframeMesh","method","JaKkama","Camera,int","WireframeMesh::JaKkama","translated"
"java-desktop/src/main/java/WireframeMesh.java","WireframeMesh","method","aKkamAJ","","WireframeMesh::aKkamAJ","translated"
"java-desktop/src/main/java/WireframeMesh.java","WireframeMesh","method","akKAmAJ","Triangle[],int","WireframeMesh::akKAmAJ","translated"
"java-desktop/src/main/java/WireframeMesh.java","WireframeMesh","method","jAKkama","Triangle[],int","WireframeMesh::jAKkama","translated"
"java-desktop/src/main/java/XmInstrumentEnvelopeOffsets.java","XmInstrumentEnvelopeOffsets","method","<init>","","","platform-or-unused"
"java-desktop/src/main/java/XmInstrumentEnvelopeOffsets.java","XmInstrumentEnvelopeOffsets","field","kamAjAK","","","platform-or-unused"
"java-desktop/src/main/java/XmInstrumentEnvelopeOffsets.java","XmInstrumentEnvelopeOffsets","field","KAmAjAK","","","platform-or-unused"
"java-desktop/src/main/java/XmInstrumentEnvelopeOffsets.java","XmInstrumentEnvelopeOffsets","field","kAmAjAK","","","platform-or-unused"
"java-desktop/src/main/java/XmInstrumentEnvelopeOffsets.java","XmInstrumentEnvelopeOffsets","field","KaMaJak","","","platform-or-unused"
"java-desktop/src/main/java/XmInstrumentEnvelopeOffsets.java","XmInstrumentEnvelopeOffsets","field","kaMaJak","","","platform-or-unused"
"java-desktop/src/main/java/XmInstrumentEnvelopeOffsets.java","XmInstrumentEnvelopeOffsets","field","KAMaJak","","","platform-or-unused"
"java-desktop/src/main/java/XmInstrumentEnvelopeOffsets.java","XmInstrumentEnvelopeOffsets","field","kAMaJak","","","platform-or-unused"
"java-desktop/src/main/java/XmInstrumentEnvelopeOffsets.java","XmInstrumentEnvelopeOffsets","field","KamaJak","","","platform-or-unused"
"java-desktop/src/main/java/XmInstrumentEnvelopeOffsets.java","XmInstrumentEnvelopeOffsets","field","kamaJak","","","platform-or-unused"
"java-desktop/src/main/java/XmInstrumentEnvelopeOffsets.java","XmInstrumentEnvelopeOffsets","field","KAmaJak","","","platform-or-unused"
"java-desktop/src/main/java/XmInstrumentEnvelopeOffsets.java","XmInstrumentEnvelopeOffsets","field","kAmaJak","","","platform-or-unused"
"java-desktop/src/main/java/XmInstrumentEnvelopeOffsets.java","XmInstrumentEnvelopeOffsets","field","KaMAJak","","","platform-or-unused"
"java-desktop/src/main/java/XmInstrumentEnvelopeOffsets.java","XmInstrumentEnvelopeOffsets","field","kaMAJak","","","platform-or-unused"
"java-desktop/src/main/java/XmInstrumentEnvelopeOffsets.java","XmInstrumentEnvelopeOffsets","field","KAMAJak","","","platform-or-unused"
"java-desktop/src/main/java/XmInstrumentEnvelopeOffsets.java","XmInstrumentEnvelopeOffsets","field","kAMAJak","","","platform-or-unused"
"java-desktop/src/main/java/XmInstrumentEnvelopeOffsets.java","XmInstrumentEnvelopeOffsets","field","KamAJak","","","platform-or-unused"
"java-desktop/src/main/java/XmInstrumentEnvelopeOffsets.java","XmInstrumentEnvelopeOffsets","field","kamAJak","","","platform-or-unused"
"java-desktop/src/main/java/XmInstrumentEnvelopeOffsets.java","XmInstrumentEnvelopeOffsets","field","KAmAJak","","","platform-or-unused"
"java-desktop/src/main/java/XmInstrumentEnvelopeOffsets.java","XmInstrumentEnvelopeOffsets","field","kAmAJak","","","platform-or-unused"
"java-desktop/src/main/java/XmInstrumentEnvelopeOffsets.java","XmInstrumentEnvelopeOffsets","field","KaMajak","","","platform-or-unused"
"java-desktop/src/main/java/XmInstrumentEnvelopeOffsets.java","XmInstrumentEnvelopeOffsets","field","kaMajak","","","platform-or-unused"
"java-desktop/src/main/java/XmInstrumentEnvelopeOffsets.java","XmInstrumentEnvelopeOffsets","field","KAMajak","","","platform-or-unused"
"java-desktop/src/main/java/XmInstrumentEnvelopeOffsets.java","XmInstrumentEnvelopeOffsets","field","kAMajak","","","platform-or-unused"
"java-desktop/src/main/java/XmInstrumentEnvelopeOffsets.java","XmInstrumentEnvelopeOffsets","field","Kamajak","","","platform-or-unused"
"java-desktop/src/main/java/XmInstrumentHeaderOffsets.java","XmInstrumentHeaderOffsets","method","<init>","","","platform-or-unused"
"java-desktop/src/main/java/XmInstrumentHeaderOffsets.java","XmInstrumentHeaderOffsets","field","mAjaKkA","","","platform-or-unused"
"java-desktop/src/main/java/XmInstrumentHeaderOffsets.java","XmInstrumentHeaderOffsets","field","MaJAKkA","","","platform-or-unused"
"java-desktop/src/main/java/XmInstrumentHeaderOffsets.java","XmInstrumentHeaderOffsets","field","maJAKkA","","","platform-or-unused"
"java-desktop/src/main/java/XmInstrumentHeaderOffsets.java","XmInstrumentHeaderOffsets","field","MAJAKkA","","","platform-or-unused"
"java-desktop/src/main/java/XmInstrumentHeaderOffsets.java","XmInstrumentHeaderOffsets","field","mAJAKkA","","","platform-or-unused"
"java-desktop/src/main/java/XmPatternHeaderOffsets.java","XmPatternHeaderOffsets","method","<init>","","","platform-or-unused"
"java-desktop/src/main/java/XmPatternHeaderOffsets.java","XmPatternHeaderOffsets","field","aKKaMAJ","","","platform-or-unused"
"java-desktop/src/main/java/XmPatternHeaderOffsets.java","XmPatternHeaderOffsets","field","AkkaMAJ","","","platform-or-unused"
"java-desktop/src/main/java/XmPatternHeaderOffsets.java","XmPatternHeaderOffsets","field","akkaMAJ","","","platform-or-unused"
"java-desktop/src/main/java/XmPatternHeaderOffsets.java","XmPatternHeaderOffsets","field","AKkaMAJ","","","platform-or-unused"
"java-desktop/src/main/java/XmPatternHeaderOffsets.java","XmPatternHeaderOffsets","field","aKkaMAJ","","","platform-or-unused"
"java-desktop/src/main/java/XmSampleHeaderOffsets.java","XmSampleHeaderOffsets","method","<init>","","","platform-or-unused"
"java-desktop/src/main/java/XmSampleHeaderOffsets.java","XmSampleHeaderOffsets","field","majakKA","","","platform-or-unused"
"java-desktop/src/main/java/XmSampleHeaderOffsets.java","XmSampleHeaderOffsets","field","MAjakKA","","","platform-or-unused"
"java-desktop/src/main/java/XmSampleHeaderOffsets.java","XmSampleHeaderOffsets","field","mAjakKA","","","platform-or-unused"
"java-desktop/src/main/java/XmSampleHeaderOffsets.java","XmSampleHeaderOffsets","field","MaJAkKA","","","platform-or-unused"
"java-desktop/src/main/java/XmSampleHeaderOffsets.java","XmSampleHeaderOffsets","field","maJAkKA","","","platform-or-unused"
"java-desktop/src/main/java/XmSampleHeaderOffsets.java","XmSampleHeaderOffsets","field","MAJAkKA","","","platform-or-unused"
"java-desktop/src/main/java/XmSampleHeaderOffsets.java","XmSampleHeaderOffsets","field","mAJAkKA","","","platform-or-unused"
"java-desktop/src/main/java/XmSampleHeaderOffsets.java","XmSampleHeaderOffsets","field","MajAkKA","","","platform-or-unused"
"java-desktop/src/main/java/XmSampleHeaderOffsets.java","XmSampleHeaderOffsets","field","majAkKA","","","platform-or-unused"
"java-desktop/src/main/java/XmSampleHeaderOffsets.java","XmSampleHeaderOffsets","field","MAjAkKA","","","platform-or-unused"
"java-desktop/src/main/java/XmSampleHeaderOffsets.java","XmSampleHeaderOffsets","field","mAjAkKA","","","platform-or-unused"
"java-desktop/src/main/java/godog.java","godog","field","kAMajAk","","godog::kAMajAk_field","translated"
"java-desktop/src/main/java/godog.java","godog","field","KamajAk","","godog::KamajAk_field","translated"
"java-desktop/src/main/java/godog.java","godog","field","kamajAk","","godog::kamajAk_field","translated"
"java-desktop/src/main/java/godog.java","godog","field","KAmajAk","","godog::KAmajAk_field","translated"
"java-desktop/src/main/java/godog.java","godog","field","kAmajAk","","godog::kAmajAk_field","translated"
"java-desktop/src/main/java/godog.java","godog","field","KaMAjAk","","godog::KaMAjAk_field","translated"
"java-desktop/src/main/java/godog.java","godog","field","kaMAjAk","","godog::kaMAjAk_field","translated"
"java-desktop/src/main/java/godog.java","godog","field","KAMAjAk","","godog::KAMAjAk_field","translated"
"java-desktop/src/main/java/godog.java","godog","field","kAMAjAk","","godog::kAMAjAk_field","translated"
"java-desktop/src/main/java/godog.java","godog","field","KamAjAk","","godog::KamAjAk_field","translated"
"java-desktop/src/main/java/godog.java","godog","field","kamAjAk","","godog::kamAjAk_field","translated"
"java-desktop/src/main/java/godog.java","godog","field","KAmAjAk","","godog::KAmAjAk_field","translated"
"java-desktop/src/main/java/godog.java","godog","field","kAmAjAk","","godog::kAmAjAk","translated"
"java-desktop/src/main/java/godog.java","godog","field","KkAmAjA","","godog::KkAmAjA","translated"
"java-desktop/src/main/java/godog.java","godog","field","kkAmAjA","","godog::kkAmAjA","translated"
"java-desktop/src/main/java/godog.java","godog","field","KKAmAjA","","godog::KKAmAjA","translated"
"java-desktop/src/main/java/godog.java","godog","field","kKAmAjA","","godog::kKAmAjA","translated"
"java-desktop/src/main/java/godog.java","godog","field","KkamAjA","","godog::KkamAjA","translated"
"java-desktop/src/main/java/godog.java","godog","field","kkamAjA","","godog::kkamAjA","translated"
"java-desktop/src/main/java/godog.java","godog","field","KKamAjA","","godog::KKamAjA","translated"
"java-desktop/src/main/java/godog.java","godog","field","kKamAjA","","godog::kKamAjA","translated"
"java-desktop/src/main/java/godog.java","godog","field","KkAMAjA","","godog::KkAMAjA","translated"
"java-desktop/src/main/java/godog.java","godog","field","kkAMAjA","","godog::kkAMAjA","translated"
"java-desktop/src/main/java/godog.java","godog","field","KKAMAjA","","godog::KKAMAjA","translated"
"java-desktop/src/main/java/godog.java","godog","field","kKAMAjA","","godog::kKAMAjA","translated"
"java-desktop/src/main/java/godog.java","godog","field","KkaMAjA","","godog::KkaMAjA","translated"
"java-desktop/src/main/java/godog.java","godog","field","kkaMAjA","","godog::kkaMAjA","translated"
"java-desktop/src/main/java/godog.java","godog","field","KKaMAjA","","godog::KKaMAjA","translated"
"java-desktop/src/main/java/godog.java","godog","field","kKaMAjA","","godog::kKaMAjA","translated"
"java-desktop/src/main/java/godog.java","godog","field","KkAmajA","","godog::KkAmajA","translated"
"java-desktop/src/main/java/godog.java","godog","field","kkAmajA","","godog::kkAmajA","translated"
"java-desktop/src/main/java/godog.java","godog","field","KKAmajA","","godog::KKAmajA","translated"
"java-desktop/src/main/java/godog.java","godog","field","kKAmajA","","godog::kKAmajA","translated"
"java-desktop/src/main/java/godog.java","godog","field","KkamajA","","godog::KkamajA","translated"
"java-desktop/src/main/java/godog.java","godog","field","kkamajA","","godog::kkamajA","translated"
"java-desktop/src/main/java/godog.java","godog","field","KKamajA","","godog::KKamajA","translated"
"java-desktop/src/main/java/godog.java","godog","field","kKamajA","","godog::kKamajA","translated"
"java-desktop/src/main/java/godog.java","godog","field","KkAMajA","","godog::KkAMajA","translated"
"java-desktop/src/main/java/godog.java","godog","field","kkAMajA","","godog::kkAMajA","translated"
"java-desktop/src/main/java/godog.java","godog","field","KKAMajA","","godog::KKAMajA","translated"
"java-desktop/src/main/java/godog.java","godog","field","kKAMajA","","godog::kKAMajA","translated"
"java-desktop/src/main/java/godog.java","godog","field","KkaMajA","","godog::KkaMajA","translated"
"java-desktop/src/main/java/godog.java","godog","field","kkaMajA","","godog::kkaMajA","translated"
"java-desktop/src/main/java/godog.java","godog","field","KKaMajA","","godog::KKaMajA","translated"
"java-desktop/src/main/java/godog.java","godog","field","kKaMajA","","godog::kKaMajA","translated"
"java-desktop/src/main/java/godog.java","godog","field","KkAmAJA","","godog::KkAmAJA","translated"
"java-desktop/src/main/java/godog.java","godog","field","kkAmAJA","","godog::kkAmAJA","translated"
"java-desktop/src/main/java/godog.java","godog","field","KKAmAJA","","godog::KKAmAJA","translated"
"java-desktop/src/main/java/godog.java","godog","field","kKAmAJA","","godog::kKAmAJA","translated"
"java-desktop/src/main/java/godog.java","godog","field","KkamAJA","","godog::KkamAJA","translated"
"java-desktop/src/main/java/godog.java","godog","field","kkamAJA","","godog::kkamAJA","translated"
"java-desktop/src/main/java/godog.java","godog","field","KKamAJA","","godog::KKamAJA","translated"
"java-desktop/src/main/java/godog.java","godog","field","kKamAJA","","godog::kKamAJA","translated"
"java-desktop/src/main/java/godog.java","godog","field","KkAMAJA","","godog::KkAMAJA","translated"
"java-desktop/src/main/java/godog.java","godog","field","kkAMAJA","","godog::kkAMAJA","translated"
"java-desktop/src/main/java/godog.java","godog","field","KKAMAJA","","godog::KKAMAJA","translated"
"java-desktop/src/main/java/godog.java","godog","field","kKAMAJA","","godog::kKAMAJA","translated"
"java-desktop/src/main/java/godog.java","godog","field","KkaMAJA","","godog::KkaMAJA","translated"
"java-desktop/src/main/java/godog.java","godog","field","kkaMAJA","","godog::kkaMAJA","translated"
"java-desktop/src/main/java/godog.java","godog","field","KKaMAJA","","godog::KKaMAJA","translated"
"java-desktop/src/main/java/godog.java","godog","field","kKaMAJA","","godog::kKaMAJA","translated"
"java-desktop/src/main/java/godog.java","godog","field","KkAmaJA","","godog::KkAmaJA","translated"
"java-desktop/src/main/java/godog.java","godog","field","kkAmaJA","","godog::kkAmaJA","translated"
"java-desktop/src/main/java/godog.java","godog","field","KKAmaJA","","godog::KKAmaJA","translated"
"java-desktop/src/main/java/godog.java","godog","field","kKAmaJA","","godog::kKAmaJA","translated"
"java-desktop/src/main/java/godog.java","godog","field","KkamaJA","","godog::KkamaJA","translated"
"java-desktop/src/main/java/godog.java","godog","field","kkamaJA","","godog::kkamaJA","translated"
"java-desktop/src/main/java/godog.java","godog","field","KKamaJA","","godog::KKamaJA","translated"
"java-desktop/src/main/java/godog.java","godog","method","main","String[]","","platform-or-unused"
"java-desktop/src/main/java/godog.java","godog","method","init","","","platform-or-unused"
"java-desktop/src/main/java/godog.java","godog","method","start","","","platform-or-unused"
"java-desktop/src/main/java/godog.java","godog","method","stop","","","platform-or-unused"
"java-desktop/src/main/java/godog.java","godog","method","keyDown","Event,int","","platform-or-unused"
"java-desktop/src/main/java/godog.java","godog","method","mouseMove","Event,int,int","","platform-or-unused"
"java-desktop/src/main/java/godog.java","godog","method","mouseUp","Event,int,int","","platform-or-unused"
"java-desktop/src/main/java/godog.java","godog","method","mouseDown","Event,int,int","","platform-or-unused"
"java-desktop/src/main/java/godog.java","godog","method","KaMAjAk","","","platform-or-unused"
"java-desktop/src/main/java/godog.java","godog","method","kAMajAk","","godog::kAMajAk","translated"
"java-desktop/src/main/java/godog.java","godog","method","kAmAJAk","","","platform-or-unused"
"java-desktop/src/main/java/godog.java","godog","method","KAmajAk","","","platform-or-unused"
"java-desktop/src/main/java/godog.java","godog","method","kamAJAk","ModuleSong,int","godog::kamAJAk","native-adapter"
"java-desktop/src/main/java/godog.java","godog","method","kamAjAk","String","","platform-or-unused"
"java-desktop/src/main/java/godog.java","godog","method","kAmajAk","","","platform-or-unused"
"java-desktop/src/main/java/godog.java","godog","method","kamajAk","","godog::kamajAk","native-adapter"
"java-desktop/src/main/java/godog.java","godog","method","KAMAjAk","","godog::KAMAjAk","translated"
"java-desktop/src/main/java/godog.java","godog","method","KAmAJAk","String","godog::KAmAJAk","translated"
"java-desktop/src/main/java/godog.java","godog","method","kAMAjAk","String","godog::kAMAjAk","translated"
"java-desktop/src/main/java/godog.java","godog","method","KAMajAk","String,String","godog::KAMajAk","translated"
"java-desktop/src/main/java/godog.java","godog","method","kaMAJAk","String","godog::kaMAJAk","translated"
"java-desktop/src/main/java/godog.java","godog","method","KaMajAk","String","godog::KaMajAk","translated"
"java-desktop/src/main/java/godog.java","godog","method","KamAJAk","int","godog::KamAJAk","translated"
"java-desktop/src/main/java/godog.java","godog","method","kaMAjAk","Scene","godog::kaMAjAk","translated"
"java-desktop/src/main/java/godog.java","godog","method","KamajAk","GraphicsRoutine","godog::KamajAk","translated"
"java-desktop/src/main/java/godog.java","godog","method","kAMAJAk","","godog::kAMAJAk","translated"
"java-desktop/src/main/java/godog.java","godog","method","run","","","platform-or-unused"
"java-desktop/src/main/java/godog.java","godog","method","KAmAjAk","Graphics","","platform-or-unused"
"java-desktop/src/main/java/godog.java","godog","method","KAMAJAk","Component,int,int,int,int","","platform-or-unused"
"java-desktop/src/main/java/godog.java","godog","method","KamAjAk","","","platform-or-unused"
"java-desktop/src/main/java/godog.java","godog","method","paint","Graphics","","platform-or-unused"
"java-desktop/src/main/java/godog.java","godog","method","kaMajAk","","","platform-or-unused"
"java-desktop/src/main/java/godog.java","godog","method","<init>","","godog::godog","translated"
